patch_id,source_image,dataset_name,latitude,longitude,sun_angle,elevation,patch_path,row,col,width,height,geo_cell,split
OHRC_ch2_ohr_ncp_20241115T1326321339_d_img_d18_00640_00000,ch2_ohr_ncp_20241115T1326321339_d_img_d18.img,OHRC,-89.494269,188.125364,-0.169616,,D:\lunar ai\outputs\patches\OHRC_ch2_ohr_ncp_20241115T1326321339_d_img_d18_00640_00000.png,640,0,256,256,-89_188,test
OHRC_ch2_ohr_ncp_20241115T1326321339_d_img_d18_00768_00000,ch2_ohr_ncp_20241115T1326321339_d_img_d18.img,OHRC,-89.523954,188.125364,-0.169616,,D:\lunar ai\outputs\patches\OHRC_ch2_ohr_ncp_20241115T1326321339_d_img_d18_00768_00000.png,768,0,256,256,-90_188,val
OHRC_ch2_ohr_ncp_20241115T1326321339_d_img_d18_00896_00000,ch2_ohr_ncp_20241115T1326321339_d_img_d18.img,OHRC,-89.553639,188.125364,-0.169616,,D:\lunar ai\outputs\patches\OHRC_ch2_ohr_ncp_20241115T1326321339_d_img_d18_00896_00000.png,896,0,256,256,-90_188,val
OHRC_ch2_ohr_ncp_20241115T1326321339_d_img_d18_01024_00000,ch2_ohr_ncp_20241115T1326321339_d_img_d18.img,OHRC,-89.583323,188.125364,-0.169616,,D:\lunar ai\outputs\patches\OHRC_ch2_ohr_ncp_20241115T1326321339_d_img_d18_01024_00000.png,1024,0,256,256,-90_188,val
OHRC_ch2_ohr_ncp_20241115T1326321339_d_img_d18_01152_00000,ch2_ohr_ncp_20241115T1326321339_d_img_d18.img,OHRC,-89.613008,188.125364,-0.169616,,D:\lunar ai\outputs\patches\OHRC_ch2_ohr_ncp_20241115T1326321339_d_img_d18_01152_00000.png,1152,0,256,256,-90_188,val
OHRC_ch2_ohr_ncp_20241115T1326321339_d_img_d18_01280_00000,ch2_ohr_ncp_20241115T1326321339_d_img_d18.img,OHRC,-89.642692,188.125364,-0.169616,,D:\lunar ai\outputs\patches\OHRC_ch2_ohr_ncp_20241115T1326321339_d_img_d18_01280_00000.png,1280,0,256,256,-90_188,val
OHRC_ch2_ohr_ncp_20241115T1326321339_d_img_d18_01408_00000,ch2_ohr_ncp_20241115T1326321339_d_img_d18.img,OHRC,-89.672377,188.125364,-0.169616,,D:\lunar ai\outputs\patches\OHRC_ch2_ohr_ncp_20241115T1326321339_d_img_d18_01408_00000.png,1408,0,256,256,-90_188,val
OHRC_ch2_ohr_ncp_20241115T1326321339_d_img_d18_01536_00000,ch2_ohr_ncp_20241115T1326321339_d_img_d18.img,OHRC,-89.702062,188.125364,-0.169616,,D:\lunar ai\outputs\patches\OHRC_ch2_ohr_ncp_20241115T1326321339_d_img_d18_01536_00000.png,1536,0,256,256,-90_188,val
OHRC_ch2_ohr_ncp_20241115T1326321339_d_img_d18_01664_00000,ch2_ohr_ncp_20241115T1326321339_d_img_d18.img,OHRC,-89.731746,188.125364,-0.169616,,D:\lunar ai\outputs\patches\OHRC_ch2_ohr_ncp_20241115T1326321339_d_img_d18_01664_00000.png,1664,0,256,256,-90_188,val
OHRC_ch2_ohr_ncp_20241115T1326321339_d_img_d18_01792_00000,ch2_ohr_ncp_20241115T1326321339_d_img_d18.img,OHRC,-89.761431,188.125364,-0.169616,,D:\lunar ai\outputs\patches\OHRC_ch2_ohr_ncp_20241115T1326321339_d_img_d18_01792_00000.png,1792,0,256,256,-90_188,val
OHRC_ch2_ohr_ncp_20241115T1326321339_d_img_d18_01900_00000,ch2_ohr_ncp_20241115T1326321339_d_img_d18.img,OHRC,-89.786477,188.125364,-0.169616,,D:\lunar ai\outputs\patches\OHRC_ch2_ohr_ncp_20241115T1326321339_d_img_d18_01900_00000.png,1900,0,256,256,-90_188,val
OHRC_ch2_ohr_ncp_20241115T1525004388_d_img_d18_00640_00000,ch2_ohr_ncp_20241115T1525004388_d_img_d18.img,OHRC,-89.492754,209.628123,0.785661,,D:\lunar ai\outputs\patches\OHRC_ch2_ohr_ncp_20241115T1525004388_d_img_d18_00640_00000.png,640,0,256,256,-89_210,train
OHRC_ch2_ohr_ncp_20241115T1525004388_d_img_d18_00768_00000,ch2_ohr_ncp_20241115T1525004388_d_img_d18.img,OHRC,-89.522439,209.628123,0.785661,,D:\lunar ai\outputs\patches\OHRC_ch2_ohr_ncp_20241115T1525004388_d_img_d18_00768_00000.png,768,0,256,256,-90_210,train
OHRC_ch2_ohr_ncp_20241115T1525004388_d_img_d18_00896_00000,ch2_ohr_ncp_20241115T1525004388_d_img_d18.img,OHRC,-89.552124,209.628123,0.785661,,D:\lunar ai\outputs\patches\OHRC_ch2_ohr_ncp_20241115T1525004388_d_img_d18_00896_00000.png,896,0,256,256,-90_210,train
OHRC_ch2_ohr_ncp_20241115T1525004388_d_img_d18_01024_00000,ch2_ohr_ncp_20241115T1525004388_d_img_d18.img,OHRC,-89.581808,209.628123,0.785661,,D:\lunar ai\outputs\patches\OHRC_ch2_ohr_ncp_20241115T1525004388_d_img_d18_01024_00000.png,1024,0,256,256,-90_210,train
OHRC_ch2_ohr_ncp_20241115T1525004388_d_img_d18_01152_00000,ch2_ohr_ncp_20241115T1525004388_d_img_d18.img,OHRC,-89.611493,209.628123,0.785661,,D:\lunar ai\outputs\patches\OHRC_ch2_ohr_ncp_20241115T1525004388_d_img_d18_01152_00000.png,1152,0,256,256,-90_210,train
OHRC_ch2_ohr_ncp_20241115T1525004388_d_img_d18_01280_00000,ch2_ohr_ncp_20241115T1525004388_d_img_d18.img,OHRC,-89.641177,209.628123,0.785661,,D:\lunar ai\outputs\patches\OHRC_ch2_ohr_ncp_20241115T1525004388_d_img_d18_01280_00000.png,1280,0,256,256,-90_210,train
OHRC_ch2_ohr_ncp_20241115T1525004388_d_img_d18_01408_00000,ch2_ohr_ncp_20241115T1525004388_d_img_d18.img,OHRC,-89.670862,209.628123,0.785661,,D:\lunar ai\outputs\patches\OHRC_ch2_ohr_ncp_20241115T1525004388_d_img_d18_01408_00000.png,1408,0,256,256,-90_210,train
OHRC_ch2_ohr_ncp_20241115T1525004388_d_img_d18_01536_00000,ch2_ohr_ncp_20241115T1525004388_d_img_d18.img,OHRC,-89.700547,209.628123,0.785661,,D:\lunar ai\outputs\patches\OHRC_ch2_ohr_ncp_20241115T1525004388_d_img_d18_01536_00000.png,1536,0,256,256,-90_210,train
OHRC_ch2_ohr_ncp_20241115T1525004388_d_img_d18_01664_00000,ch2_ohr_ncp_20241115T1525004388_d_img_d18.img,OHRC,-89.730231,209.628123,0.785661,,D:\lunar ai\outputs\patches\OHRC_ch2_ohr_ncp_20241115T1525004388_d_img_d18_01664_00000.png,1664,0,256,256,-90_210,train
OHRC_ch2_ohr_ncp_20241115T1525004388_d_img_d18_01792_00000,ch2_ohr_ncp_20241115T1525004388_d_img_d18.img,OHRC,-89.759916,209.628123,0.785661,,D:\lunar ai\outputs\patches\OHRC_ch2_ohr_ncp_20241115T1525004388_d_img_d18_01792_00000.png,1792,0,256,256,-90_210,train
OHRC_ch2_ohr_ncp_20241115T1525004388_d_img_d18_01900_00000,ch2_ohr_ncp_20241115T1525004388_d_img_d18.img,OHRC,-89.784962,209.628123,0.785661,,D:\lunar ai\outputs\patches\OHRC_ch2_ohr_ncp_20241115T1525004388_d_img_d18_01900_00000.png,1900,0,256,256,-90_210,train
OHRC_ch2_ohr_ncp_20251010T0942085687_d_img_d18_00384_00000,ch2_ohr_ncp_20251010T0942085687_d_img_d18.img,OHRC,-89.432242,274.298085,-0.770711,,D:\lunar ai\outputs\patches\OHRC_ch2_ohr_ncp_20251010T0942085687_d_img_d18_00384_00000.png,384,0,256,256,-89_274,train
OHRC_ch2_ohr_ncp_20251010T0942085687_d_img_d18_00512_00000,ch2_ohr_ncp_20251010T0942085687_d_img_d18.img,OHRC,-89.461913,274.298085,-0.770711,,D:\lunar ai\outputs\patches\OHRC_ch2_ohr_ncp_20251010T0942085687_d_img_d18_00512_00000.png,512,0,256,256,-89_274,train
OHRC_ch2_ohr_ncp_20251010T0942085687_d_img_d18_00640_00000,ch2_ohr_ncp_20251010T0942085687_d_img_d18.img,OHRC,-89.491584,274.298085,-0.770711,,D:\lunar ai\outputs\patches\OHRC_ch2_ohr_ncp_20251010T0942085687_d_img_d18_00640_00000.png,640,0,256,256,-89_274,train
OHRC_ch2_ohr_ncp_20251010T0942085687_d_img_d18_00768_00000,ch2_ohr_ncp_20251010T0942085687_d_img_d18.img,OHRC,-89.521255,274.298085,-0.770711,,D:\lunar ai\outputs\patches\OHRC_ch2_ohr_ncp_20251010T0942085687_d_img_d18_00768_00000.png,768,0,256,256,-90_274,train
OHRC_ch2_ohr_ncp_20251010T0942085687_d_img_d18_00896_00000,ch2_ohr_ncp_20251010T0942085687_d_img_d18.img,OHRC,-89.550926,274.298085,-0.770711,,D:\lunar ai\outputs\patches\OHRC_ch2_ohr_ncp_20251010T0942085687_d_img_d18_00896_00000.png,896,0,256,256,-90_274,train
OHRC_ch2_ohr_ncp_20251010T0942085687_d_img_d18_01024_00000,ch2_ohr_ncp_20251010T0942085687_d_img_d18.img,OHRC,-89.580597,274.298085,-0.770711,,D:\lunar ai\outputs\patches\OHRC_ch2_ohr_ncp_20251010T0942085687_d_img_d18_01024_00000.png,1024,0,256,256,-90_274,train
OHRC_ch2_ohr_ncp_20251010T0942085687_d_img_d18_01152_00000,ch2_ohr_ncp_20251010T0942085687_d_img_d18.img,OHRC,-89.610267,274.298085,-0.770711,,D:\lunar ai\outputs\patches\OHRC_ch2_ohr_ncp_20251010T0942085687_d_img_d18_01152_00000.png,1152,0,256,256,-90_274,train
OHRC_ch2_ohr_ncp_20251010T0942085687_d_img_d18_01280_00000,ch2_ohr_ncp_20251010T0942085687_d_img_d18.img,OHRC,-89.639938,274.298085,-0.770711,,D:\lunar ai\outputs\patches\OHRC_ch2_ohr_ncp_20251010T0942085687_d_img_d18_01280_00000.png,1280,0,256,256,-90_274,train
OHRC_ch2_ohr_ncp_20251010T0942085687_d_img_d18_01408_00000,ch2_ohr_ncp_20251010T0942085687_d_img_d18.img,OHRC,-89.669609,274.298085,-0.770711,,D:\lunar ai\outputs\patches\OHRC_ch2_ohr_ncp_20251010T0942085687_d_img_d18_01408_00000.png,1408,0,256,256,-90_274,train
OHRC_ch2_ohr_ncp_20251010T0942085687_d_img_d18_01536_00000,ch2_ohr_ncp_20251010T0942085687_d_img_d18.img,OHRC,-89.69928,274.298085,-0.770711,,D:\lunar ai\outputs\patches\OHRC_ch2_ohr_ncp_20251010T0942085687_d_img_d18_01536_00000.png,1536,0,256,256,-90_274,train
OHRC_ch2_ohr_ncp_20251010T0942085687_d_img_d18_01664_00000,ch2_ohr_ncp_20251010T0942085687_d_img_d18.img,OHRC,-89.728951,274.298085,-0.770711,,D:\lunar ai\outputs\patches\OHRC_ch2_ohr_ncp_20251010T0942085687_d_img_d18_01664_00000.png,1664,0,256,256,-90_274,train
OHRC_ch2_ohr_ncp_20251010T0942085687_d_img_d18_01792_00000,ch2_ohr_ncp_20251010T0942085687_d_img_d18.img,OHRC,-89.758622,274.298085,-0.770711,,D:\lunar ai\outputs\patches\OHRC_ch2_ohr_ncp_20251010T0942085687_d_img_d18_01792_00000.png,1792,0,256,256,-90_274,train
OHRC_ch2_ohr_ncp_20251010T0942085687_d_img_d18_01901_00000,ch2_ohr_ncp_20251010T0942085687_d_img_d18.img,OHRC,-89.783888,274.298085,-0.770711,,D:\lunar ai\outputs\patches\OHRC_ch2_ohr_ncp_20251010T0942085687_d_img_d18_01901_00000.png,1901,0,256,256,-90_274,train
TMC-2_ch2_tmc_nca_20240124T0838058366_d_img_d18_00000_00000,ch2_tmc_nca_20240124T0838058366_d_img_d18.img,TMC-2,-44.49267,349.158636,39.378707,,D:\lunar ai\outputs\patches\TMC-2_ch2_tmc_nca_20240124T0838058366_d_img_d18_00000_00000.png,0,0,256,256,-44_349,val
TMC-2_ch2_tmc_nca_20240124T0838058366_d_img_d18_00128_00000,ch2_tmc_nca_20240124T0838058366_d_img_d18.img,TMC-2,-44.497309,349.158636,39.378707,,D:\lunar ai\outputs\patches\TMC-2_ch2_tmc_nca_20240124T0838058366_d_img_d18_00128_00000.png,128,0,256,256,-44_349,val
TMC-2_ch2_tmc_nca_20240124T0838058366_d_img_d18_00256_00000,ch2_tmc_nca_20240124T0838058366_d_img_d18.img,TMC-2,-44.501947,349.158636,39.378707,,D:\lunar ai\outputs\patches\TMC-2_ch2_tmc_nca_20240124T0838058366_d_img_d18_00256_00000.png,256,0,256,256,-45_349,train
TMC-2_ch2_tmc_nca_20240124T0838058366_d_img_d18_00384_00000,ch2_tmc_nca_20240124T0838058366_d_img_d18.img,TMC-2,-44.506586,349.158636,39.378707,,D:\lunar ai\outputs\patches\TMC-2_ch2_tmc_nca_20240124T0838058366_d_img_d18_00384_00000.png,384,0,256,256,-45_349,train
TMC-2_ch2_tmc_nca_20240124T0838058366_d_img_d18_00512_00000,ch2_tmc_nca_20240124T0838058366_d_img_d18.img,TMC-2,-44.511225,349.158636,39.378707,,D:\lunar ai\outputs\patches\TMC-2_ch2_tmc_nca_20240124T0838058366_d_img_d18_00512_00000.png,512,0,256,256,-45_349,train
TMC-2_ch2_tmc_nca_20240124T0838058366_d_img_d18_00640_00000,ch2_tmc_nca_20240124T0838058366_d_img_d18.img,TMC-2,-44.515863,349.158636,39.378707,,D:\lunar ai\outputs\patches\TMC-2_ch2_tmc_nca_20240124T0838058366_d_img_d18_00640_00000.png,640,0,256,256,-45_349,train
TMC-2_ch2_tmc_nca_20240124T0838058366_d_img_d18_00768_00000,ch2_tmc_nca_20240124T0838058366_d_img_d18.img,TMC-2,-44.520502,349.158636,39.378707,,D:\lunar ai\outputs\patches\TMC-2_ch2_tmc_nca_20240124T0838058366_d_img_d18_00768_00000.png,768,0,256,256,-45_349,train
TMC-2_ch2_tmc_nca_20240124T0838058366_d_img_d18_00896_00000,ch2_tmc_nca_20240124T0838058366_d_img_d18.img,TMC-2,-44.525141,349.158636,39.378707,,D:\lunar ai\outputs\patches\TMC-2_ch2_tmc_nca_20240124T0838058366_d_img_d18_00896_00000.png,896,0,256,256,-45_349,train
TMC-2_ch2_tmc_nca_20240124T0838058366_d_img_d18_01024_00000,ch2_tmc_nca_20240124T0838058366_d_img_d18.img,TMC-2,-44.529779,349.158636,39.378707,,D:\lunar ai\outputs\patches\TMC-2_ch2_tmc_nca_20240124T0838058366_d_img_d18_01024_00000.png,1024,0,256,256,-45_349,train
TMC-2_ch2_tmc_nca_20240124T0838058366_d_img_d18_01152_00000,ch2_tmc_nca_20240124T0838058366_d_img_d18.img,TMC-2,-44.534418,349.158636,39.378707,,D:\lunar ai\outputs\patches\TMC-2_ch2_tmc_nca_20240124T0838058366_d_img_d18_01152_00000.png,1152,0,256,256,-45_349,train
TMC-2_ch2_tmc_nca_20240124T0838058366_d_img_d18_01280_00000,ch2_tmc_nca_20240124T0838058366_d_img_d18.img,TMC-2,-44.539057,349.158636,39.378707,,D:\lunar ai\outputs\patches\TMC-2_ch2_tmc_nca_20240124T0838058366_d_img_d18_01280_00000.png,1280,0,256,256,-45_349,train
TMC-2_ch2_tmc_nca_20240124T0838058366_d_img_d18_01408_00000,ch2_tmc_nca_20240124T0838058366_d_img_d18.img,TMC-2,-44.543696,349.158636,39.378707,,D:\lunar ai\outputs\patches\TMC-2_ch2_tmc_nca_20240124T0838058366_d_img_d18_01408_00000.png,1408,0,256,256,-45_349,train
TMC-2_ch2_tmc_nca_20240124T0838058366_d_img_d18_01536_00000,ch2_tmc_nca_20240124T0838058366_d_img_d18.img,TMC-2,-44.548334,349.158636,39.378707,,D:\lunar ai\outputs\patches\TMC-2_ch2_tmc_nca_20240124T0838058366_d_img_d18_01536_00000.png,1536,0,256,256,-45_349,train
TMC-2_ch2_tmc_nca_20240124T0838058366_d_img_d18_01664_00000,ch2_tmc_nca_20240124T0838058366_d_img_d18.img,TMC-2,-44.552973,349.158636,39.378707,,D:\lunar ai\outputs\patches\TMC-2_ch2_tmc_nca_20240124T0838058366_d_img_d18_01664_00000.png,1664,0,256,256,-45_349,train
TMC-2_ch2_tmc_nca_20240124T0838058366_d_img_d18_01792_00000,ch2_tmc_nca_20240124T0838058366_d_img_d18.img,TMC-2,-44.557612,349.158636,39.378707,,D:\lunar ai\outputs\patches\TMC-2_ch2_tmc_nca_20240124T0838058366_d_img_d18_01792_00000.png,1792,0,256,256,-45_349,train
TMC-2_ch2_tmc_nca_20240124T0838058366_d_img_d18_01920_00000,ch2_tmc_nca_20240124T0838058366_d_img_d18.img,TMC-2,-44.56225,349.158636,39.378707,,D:\lunar ai\outputs\patches\TMC-2_ch2_tmc_nca_20240124T0838058366_d_img_d18_01920_00000.png,1920,0,256,256,-45_349,train
TMC-2_ch2_tmc_nca_20240124T0838058366_d_img_d18_02048_00000,ch2_tmc_nca_20240124T0838058366_d_img_d18.img,TMC-2,-44.566889,349.158636,39.378707,,D:\lunar ai\outputs\patches\TMC-2_ch2_tmc_nca_20240124T0838058366_d_img_d18_02048_00000.png,2048,0,256,256,-45_349,train
TMC-2_ch2_tmc_nca_20240124T0838058366_d_img_d18_02176_00000,ch2_tmc_nca_20240124T0838058366_d_img_d18.img,TMC-2,-44.571528,349.158636,39.378707,,D:\lunar ai\outputs\patches\TMC-2_ch2_tmc_nca_20240124T0838058366_d_img_d18_02176_00000.png,2176,0,256,256,-45_349,train
TMC-2_ch2_tmc_nca_20240124T0838058366_d_img_d18_02304_00000,ch2_tmc_nca_20240124T0838058366_d_img_d18.img,TMC-2,-44.576166,349.158636,39.378707,,D:\lunar ai\outputs\patches\TMC-2_ch2_tmc_nca_20240124T0838058366_d_img_d18_02304_00000.png,2304,0,256,256,-45_349,train
TMC-2_ch2_tmc_nca_20240124T0838058366_d_img_d18_02432_00000,ch2_tmc_nca_20240124T0838058366_d_img_d18.img,TMC-2,-44.580805,349.158636,39.378707,,D:\lunar ai\outputs\patches\TMC-2_ch2_tmc_nca_20240124T0838058366_d_img_d18_02432_00000.png,2432,0,256,256,-45_349,train
TMC-2_ch2_tmc_nca_20240124T0838058366_d_img_d18_02560_00000,ch2_tmc_nca_20240124T0838058366_d_img_d18.img,TMC-2,-44.585444,349.158636,39.378707,,D:\lunar ai\outputs\patches\TMC-2_ch2_tmc_nca_20240124T0838058366_d_img_d18_02560_00000.png,2560,0,256,256,-45_349,train
TMC-2_ch2_tmc_nca_20240124T0838058366_d_img_d18_02688_00000,ch2_tmc_nca_20240124T0838058366_d_img_d18.img,TMC-2,-44.590082,349.158636,39.378707,,D:\lunar ai\outputs\patches\TMC-2_ch2_tmc_nca_20240124T0838058366_d_img_d18_02688_00000.png,2688,0,256,256,-45_349,train
TMC-2_ch2_tmc_nca_20240124T0838058366_d_img_d18_02816_00000,ch2_tmc_nca_20240124T0838058366_d_img_d18.img,TMC-2,-44.594721,349.158636,39.378707,,D:\lunar ai\outputs\patches\TMC-2_ch2_tmc_nca_20240124T0838058366_d_img_d18_02816_00000.png,2816,0,256,256,-45_349,train
TMC-2_ch2_tmc_nca_20240124T0838058366_d_img_d18_02944_00000,ch2_tmc_nca_20240124T0838058366_d_img_d18.img,TMC-2,-44.59936,349.158636,39.378707,,D:\lunar ai\outputs\patches\TMC-2_ch2_tmc_nca_20240124T0838058366_d_img_d18_02944_00000.png,2944,0,256,256,-45_349,train
TMC-2_ch2_tmc_nca_20240124T0838058366_d_img_d18_03072_00000,ch2_tmc_nca_20240124T0838058366_d_img_d18.img,TMC-2,-44.603998,349.158636,39.378707,,D:\lunar ai\outputs\patches\TMC-2_ch2_tmc_nca_20240124T0838058366_d_img_d18_03072_00000.png,3072,0,256,256,-45_349,train
TMC-2_ch2_tmc_nca_20240124T0838058366_d_img_d18_03200_00000,ch2_tmc_nca_20240124T0838058366_d_img_d18.img,TMC-2,-44.608637,349.158636,39.378707,,D:\lunar ai\outputs\patches\TMC-2_ch2_tmc_nca_20240124T0838058366_d_img_d18_03200_00000.png,3200,0,256,256,-45_349,train
TMC-2_ch2_tmc_nca_20240124T0838058366_d_img_d18_03328_00000,ch2_tmc_nca_20240124T0838058366_d_img_d18.img,TMC-2,-44.613276,349.158636,39.378707,,D:\lunar ai\outputs\patches\TMC-2_ch2_tmc_nca_20240124T0838058366_d_img_d18_03328_00000.png,3328,0,256,256,-45_349,train
TMC-2_ch2_tmc_nca_20240124T0838058366_d_img_d18_03456_00000,ch2_tmc_nca_20240124T0838058366_d_img_d18.img,TMC-2,-44.617915,349.158636,39.378707,,D:\lunar ai\outputs\patches\TMC-2_ch2_tmc_nca_20240124T0838058366_d_img_d18_03456_00000.png,3456,0,256,256,-45_349,train
TMC-2_ch2_tmc_nca_20240124T0838058366_d_img_d18_03584_00000,ch2_tmc_nca_20240124T0838058366_d_img_d18.img,TMC-2,-44.622553,349.158636,39.378707,,D:\lunar ai\outputs\patches\TMC-2_ch2_tmc_nca_20240124T0838058366_d_img_d18_03584_00000.png,3584,0,256,256,-45_349,train
TMC-2_ch2_tmc_nca_20240124T0838058366_d_img_d18_03712_00000,ch2_tmc_nca_20240124T0838058366_d_img_d18.img,TMC-2,-44.627192,349.158636,39.378707,,D:\lunar ai\outputs\patches\TMC-2_ch2_tmc_nca_20240124T0838058366_d_img_d18_03712_00000.png,3712,0,256,256,-45_349,train
TMC-2_ch2_tmc_nca_20240124T0838058366_d_img_d18_03840_00000,ch2_tmc_nca_20240124T0838058366_d_img_d18.img,TMC-2,-44.631831,349.158636,39.378707,,D:\lunar ai\outputs\patches\TMC-2_ch2_tmc_nca_20240124T0838058366_d_img_d18_03840_00000.png,3840,0,256,256,-45_349,train
TMC-2_ch2_tmc_nca_20240124T0838058366_d_img_d18_03968_00000,ch2_tmc_nca_20240124T0838058366_d_img_d18.img,TMC-2,-44.636469,349.158636,39.378707,,D:\lunar ai\outputs\patches\TMC-2_ch2_tmc_nca_20240124T0838058366_d_img_d18_03968_00000.png,3968,0,256,256,-45_349,train
TMC-2_ch2_tmc_nca_20240124T0838058366_d_img_d18_04096_00000,ch2_tmc_nca_20240124T0838058366_d_img_d18.img,TMC-2,-44.641108,349.158636,39.378707,,D:\lunar ai\outputs\patches\TMC-2_ch2_tmc_nca_20240124T0838058366_d_img_d18_04096_00000.png,4096,0,256,256,-45_349,train
TMC-2_ch2_tmc_nca_20240124T0838058366_d_img_d18_04224_00000,ch2_tmc_nca_20240124T0838058366_d_img_d18.img,TMC-2,-44.645747,349.158636,39.378707,,D:\lunar ai\outputs\patches\TMC-2_ch2_tmc_nca_20240124T0838058366_d_img_d18_04224_00000.png,4224,0,256,256,-45_349,train
TMC-2_ch2_tmc_nca_20240124T0838058366_d_img_d18_04352_00000,ch2_tmc_nca_20240124T0838058366_d_img_d18.img,TMC-2,-44.650385,349.158636,39.378707,,D:\lunar ai\outputs\patches\TMC-2_ch2_tmc_nca_20240124T0838058366_d_img_d18_04352_00000.png,4352,0,256,256,-45_349,train
TMC-2_ch2_tmc_nca_20240124T0838058366_d_img_d18_04480_00000,ch2_tmc_nca_20240124T0838058366_d_img_d18.img,TMC-2,-44.655024,349.158636,39.378707,,D:\lunar ai\outputs\patches\TMC-2_ch2_tmc_nca_20240124T0838058366_d_img_d18_04480_00000.png,4480,0,256,256,-45_349,train
TMC-2_ch2_tmc_nca_20240124T0838058366_d_img_d18_04608_00000,ch2_tmc_nca_20240124T0838058366_d_img_d18.img,TMC-2,-44.659663,349.158636,39.378707,,D:\lunar ai\outputs\patches\TMC-2_ch2_tmc_nca_20240124T0838058366_d_img_d18_04608_00000.png,4608,0,256,256,-45_349,train
TMC-2_ch2_tmc_nca_20240124T0838058366_d_img_d18_04736_00000,ch2_tmc_nca_20240124T0838058366_d_img_d18.img,TMC-2,-44.664301,349.158636,39.378707,,D:\lunar ai\outputs\patches\TMC-2_ch2_tmc_nca_20240124T0838058366_d_img_d18_04736_00000.png,4736,0,256,256,-45_349,train
TMC-2_ch2_tmc_nca_20240124T0838058366_d_img_d18_04864_00000,ch2_tmc_nca_20240124T0838058366_d_img_d18.img,TMC-2,-44.66894,349.158636,39.378707,,D:\lunar ai\outputs\patches\TMC-2_ch2_tmc_nca_20240124T0838058366_d_img_d18_04864_00000.png,4864,0,256,256,-45_349,train
TMC-2_ch2_tmc_nca_20240124T0838058366_d_img_d18_04992_00000,ch2_tmc_nca_20240124T0838058366_d_img_d18.img,TMC-2,-44.673579,349.158636,39.378707,,D:\lunar ai\outputs\patches\TMC-2_ch2_tmc_nca_20240124T0838058366_d_img_d18_04992_00000.png,4992,0,256,256,-45_349,train
TMC-2_ch2_tmc_nca_20240124T0838058366_d_img_d18_05120_00000,ch2_tmc_nca_20240124T0838058366_d_img_d18.img,TMC-2,-44.678218,349.158636,39.378707,,D:\lunar ai\outputs\patches\TMC-2_ch2_tmc_nca_20240124T0838058366_d_img_d18_05120_00000.png,5120,0,256,256,-45_349,train
TMC-2_ch2_tmc_nca_20240124T0838058366_d_img_d18_05248_00000,ch2_tmc_nca_20240124T0838058366_d_img_d18.img,TMC-2,-44.682856,349.158636,39.378707,,D:\lunar ai\outputs\patches\TMC-2_ch2_tmc_nca_20240124T0838058366_d_img_d18_05248_00000.png,5248,0,256,256,-45_349,train
TMC-2_ch2_tmc_nca_20240124T0838058366_d_img_d18_05376_00000,ch2_tmc_nca_20240124T0838058366_d_img_d18.img,TMC-2,-44.687495,349.158636,39.378707,,D:\lunar ai\outputs\patches\TMC-2_ch2_tmc_nca_20240124T0838058366_d_img_d18_05376_00000.png,5376,0,256,256,-45_349,train
TMC-2_ch2_tmc_nca_20240124T0838058366_d_img_d18_05504_00000,ch2_tmc_nca_20240124T0838058366_d_img_d18.img,TMC-2,-44.692134,349.158636,39.378707,,D:\lunar ai\outputs\patches\TMC-2_ch2_tmc_nca_20240124T0838058366_d_img_d18_05504_00000.png,5504,0,256,256,-45_349,train
TMC-2_ch2_tmc_nca_20240124T0838058366_d_img_d18_05632_00000,ch2_tmc_nca_20240124T0838058366_d_img_d18.img,TMC-2,-44.696772,349.158636,39.378707,,D:\lunar ai\outputs\patches\TMC-2_ch2_tmc_nca_20240124T0838058366_d_img_d18_05632_00000.png,5632,0,256,256,-45_349,train
TMC-2_ch2_tmc_nca_20240124T0838058366_d_img_d18_05760_00000,ch2_tmc_nca_20240124T0838058366_d_img_d18.img,TMC-2,-44.701411,349.158636,39.378707,,D:\lunar ai\outputs\patches\TMC-2_ch2_tmc_nca_20240124T0838058366_d_img_d18_05760_00000.png,5760,0,256,256,-45_349,train
TMC-2_ch2_tmc_nca_20240124T0838058366_d_img_d18_05888_00000,ch2_tmc_nca_20240124T0838058366_d_img_d18.img,TMC-2,-44.70605,349.158636,39.378707,,D:\lunar ai\outputs\patches\TMC-2_ch2_tmc_nca_20240124T0838058366_d_img_d18_05888_00000.png,5888,0,256,256,-45_349,train
TMC-2_ch2_tmc_nca_20240124T0838058366_d_img_d18_06016_00000,ch2_tmc_nca_20240124T0838058366_d_img_d18.img,TMC-2,-44.710688,349.158636,39.378707,,D:\lunar ai\outputs\patches\TMC-2_ch2_tmc_nca_20240124T0838058366_d_img_d18_06016_00000.png,6016,0,256,256,-45_349,train
TMC-2_ch2_tmc_nca_20240124T0838058366_d_img_d18_06144_00000,ch2_tmc_nca_20240124T0838058366_d_img_d18.img,TMC-2,-44.715327,349.158636,39.378707,,D:\lunar ai\outputs\patches\TMC-2_ch2_tmc_nca_20240124T0838058366_d_img_d18_06144_00000.png,6144,0,256,256,-45_349,train
TMC-2_ch2_tmc_nca_20240124T0838058366_d_img_d18_06272_00000,ch2_tmc_nca_20240124T0838058366_d_img_d18.img,TMC-2,-44.719966,349.158636,39.378707,,D:\lunar ai\outputs\patches\TMC-2_ch2_tmc_nca_20240124T0838058366_d_img_d18_06272_00000.png,6272,0,256,256,-45_349,train
TMC-2_ch2_tmc_nca_20240124T0838058366_d_img_d18_06400_00000,ch2_tmc_nca_20240124T0838058366_d_img_d18.img,TMC-2,-44.724604,349.158636,39.378707,,D:\lunar ai\outputs\patches\TMC-2_ch2_tmc_nca_20240124T0838058366_d_img_d18_06400_00000.png,6400,0,256,256,-45_349,train
TMC-2_ch2_tmc_nca_20240124T0838058366_d_img_d18_06528_00000,ch2_tmc_nca_20240124T0838058366_d_img_d18.img,TMC-2,-44.729243,349.158636,39.378707,,D:\lunar ai\outputs\patches\TMC-2_ch2_tmc_nca_20240124T0838058366_d_img_d18_06528_00000.png,6528,0,256,256,-45_349,train
TMC-2_ch2_tmc_nca_20240124T0838058366_d_img_d18_06656_00000,ch2_tmc_nca_20240124T0838058366_d_img_d18.img,TMC-2,-44.733882,349.158636,39.378707,,D:\lunar ai\outputs\patches\TMC-2_ch2_tmc_nca_20240124T0838058366_d_img_d18_06656_00000.png,6656,0,256,256,-45_349,train
TMC-2_ch2_tmc_nca_20240124T0838058366_d_img_d18_06784_00000,ch2_tmc_nca_20240124T0838058366_d_img_d18.img,TMC-2,-44.73852,349.158636,39.378707,,D:\lunar ai\outputs\patches\TMC-2_ch2_tmc_nca_20240124T0838058366_d_img_d18_06784_00000.png,6784,0,256,256,-45_349,train
TMC-2_ch2_tmc_nca_20240124T0838058366_d_img_d18_06912_00000,ch2_tmc_nca_20240124T0838058366_d_img_d18.img,TMC-2,-44.743159,349.158636,39.378707,,D:\lunar ai\outputs\patches\TMC-2_ch2_tmc_nca_20240124T0838058366_d_img_d18_06912_00000.png,6912,0,256,256,-45_349,train
TMC-2_ch2_tmc_nca_20240124T0838058366_d_img_d18_07040_00000,ch2_tmc_nca_20240124T0838058366_d_img_d18.img,TMC-2,-44.747798,349.158636,39.378707,,D:\lunar ai\outputs\patches\TMC-2_ch2_tmc_nca_20240124T0838058366_d_img_d18_07040_00000.png,7040,0,256,256,-45_349,train
TMC-2_ch2_tmc_nca_20240124T0838058366_d_img_d18_07168_00000,ch2_tmc_nca_20240124T0838058366_d_img_d18.img,TMC-2,-44.752437,349.158636,39.378707,,D:\lunar ai\outputs\patches\TMC-2_ch2_tmc_nca_20240124T0838058366_d_img_d18_07168_00000.png,7168,0,256,256,-45_349,train
TMC-2_ch2_tmc_nca_20240124T0838058366_d_img_d18_07296_00000,ch2_tmc_nca_20240124T0838058366_d_img_d18.img,TMC-2,-44.757075,349.158636,39.378707,,D:\lunar ai\outputs\patches\TMC-2_ch2_tmc_nca_20240124T0838058366_d_img_d18_07296_00000.png,7296,0,256,256,-45_349,train
TMC-2_ch2_tmc_nca_20240124T0838058366_d_img_d18_07424_00000,ch2_tmc_nca_20240124T0838058366_d_img_d18.img,TMC-2,-44.761714,349.158636,39.378707,,D:\lunar ai\outputs\patches\TMC-2_ch2_tmc_nca_20240124T0838058366_d_img_d18_07424_00000.png,7424,0,256,256,-45_349,train
TMC-2_ch2_tmc_nca_20240124T0838058366_d_img_d18_07552_00000,ch2_tmc_nca_20240124T0838058366_d_img_d18.img,TMC-2,-44.766353,349.158636,39.378707,,D:\lunar ai\outputs\patches\TMC-2_ch2_tmc_nca_20240124T0838058366_d_img_d18_07552_00000.png,7552,0,256,256,-45_349,train
TMC-2_ch2_tmc_nca_20240124T0838058366_d_img_d18_07680_00000,ch2_tmc_nca_20240124T0838058366_d_img_d18.img,TMC-2,-44.770991,349.158636,39.378707,,D:\lunar ai\outputs\patches\TMC-2_ch2_tmc_nca_20240124T0838058366_d_img_d18_07680_00000.png,7680,0,256,256,-45_349,train
TMC-2_ch2_tmc_nca_20240124T0838058366_d_img_d18_07808_00000,ch2_tmc_nca_20240124T0838058366_d_img_d18.img,TMC-2,-44.77563,349.158636,39.378707,,D:\lunar ai\outputs\patches\TMC-2_ch2_tmc_nca_20240124T0838058366_d_img_d18_07808_00000.png,7808,0,256,256,-45_349,train
TMC-2_ch2_tmc_nca_20240124T0838058366_d_img_d18_07936_00000,ch2_tmc_nca_20240124T0838058366_d_img_d18.img,TMC-2,-44.780269,349.158636,39.378707,,D:\lunar ai\outputs\patches\TMC-2_ch2_tmc_nca_20240124T0838058366_d_img_d18_07936_00000.png,7936,0,256,256,-45_349,train
TMC-2_ch2_tmc_nca_20240124T0838058366_d_img_d18_08064_00000,ch2_tmc_nca_20240124T0838058366_d_img_d18.img,TMC-2,-44.784907,349.158636,39.378707,,D:\lunar ai\outputs\patches\TMC-2_ch2_tmc_nca_20240124T0838058366_d_img_d18_08064_00000.png,8064,0,256,256,-45_349,train
TMC-2_ch2_tmc_nca_20240124T0838058366_d_img_d18_08192_00000,ch2_tmc_nca_20240124T0838058366_d_img_d18.img,TMC-2,-44.789546,349.158636,39.378707,,D:\lunar ai\outputs\patches\TMC-2_ch2_tmc_nca_20240124T0838058366_d_img_d18_08192_00000.png,8192,0,256,256,-45_349,train
TMC-2_ch2_tmc_nca_20240124T0838058366_d_img_d18_08320_00000,ch2_tmc_nca_20240124T0838058366_d_img_d18.img,TMC-2,-44.794185,349.158636,39.378707,,D:\lunar ai\outputs\patches\TMC-2_ch2_tmc_nca_20240124T0838058366_d_img_d18_08320_00000.png,8320,0,256,256,-45_349,train
TMC-2_ch2_tmc_nca_20240124T0838058366_d_img_d18_08448_00000,ch2_tmc_nca_20240124T0838058366_d_img_d18.img,TMC-2,-44.798823,349.158636,39.378707,,D:\lunar ai\outputs\patches\TMC-2_ch2_tmc_nca_20240124T0838058366_d_img_d18_08448_00000.png,8448,0,256,256,-45_349,train
TMC-2_ch2_tmc_nca_20240124T0838058366_d_img_d18_08576_00000,ch2_tmc_nca_20240124T0838058366_d_img_d18.img,TMC-2,-44.803462,349.158636,39.378707,,D:\lunar ai\outputs\patches\TMC-2_ch2_tmc_nca_20240124T0838058366_d_img_d18_08576_00000.png,8576,0,256,256,-45_349,train
TMC-2_ch2_tmc_nca_20240124T0838058366_d_img_d18_08704_00000,ch2_tmc_nca_20240124T0838058366_d_img_d18.img,TMC-2,-44.808101,349.158636,39.378707,,D:\lunar ai\outputs\patches\TMC-2_ch2_tmc_nca_20240124T0838058366_d_img_d18_08704_00000.png,8704,0,256,256,-45_349,train
TMC-2_ch2_tmc_nca_20240124T0838058366_d_img_d18_08832_00000,ch2_tmc_nca_20240124T0838058366_d_img_d18.img,TMC-2,-44.81274,349.158636,39.378707,,D:\lunar ai\outputs\patches\TMC-2_ch2_tmc_nca_20240124T0838058366_d_img_d18_08832_00000.png,8832,0,256,256,-45_349,train
TMC-2_ch2_tmc_nca_20240124T0838058366_d_img_d18_08960_00000,ch2_tmc_nca_20240124T0838058366_d_img_d18.img,TMC-2,-44.817378,349.158636,39.378707,,D:\lunar ai\outputs\patches\TMC-2_ch2_tmc_nca_20240124T0838058366_d_img_d18_08960_00000.png,8960,0,256,256,-45_349,train
TMC-2_ch2_tmc_nca_20240124T0838058366_d_img_d18_09088_00000,ch2_tmc_nca_20240124T0838058366_d_img_d18.img,TMC-2,-44.822017,349.158636,39.378707,,D:\lunar ai\outputs\patches\TMC-2_ch2_tmc_nca_20240124T0838058366_d_img_d18_09088_00000.png,9088,0,256,256,-45_349,train
TMC-2_ch2_tmc_nca_20240124T0838058366_d_img_d18_09216_00000,ch2_tmc_nca_20240124T0838058366_d_img_d18.img,TMC-2,-44.826656,349.158636,39.378707,,D:\lunar ai\outputs\patches\TMC-2_ch2_tmc_nca_20240124T0838058366_d_img_d18_09216_00000.png,9216,0,256,256,-45_349,train
TMC-2_ch2_tmc_nca_20240124T0838058366_d_img_d18_09344_00000,ch2_tmc_nca_20240124T0838058366_d_img_d18.img,TMC-2,-44.831294,349.158636,39.378707,,D:\lunar ai\outputs\patches\TMC-2_ch2_tmc_nca_20240124T0838058366_d_img_d18_09344_00000.png,9344,0,256,256,-45_349,train
TMC-2_ch2_tmc_nca_20240124T0838058366_d_img_d18_09472_00000,ch2_tmc_nca_20240124T0838058366_d_img_d18.img,TMC-2,-44.835933,349.158636,39.378707,,D:\lunar ai\outputs\patches\TMC-2_ch2_tmc_nca_20240124T0838058366_d_img_d18_09472_00000.png,9472,0,256,256,-45_349,train
TMC-2_ch2_tmc_nca_20240124T0838058366_d_img_d18_09600_00000,ch2_tmc_nca_20240124T0838058366_d_img_d18.img,TMC-2,-44.840572,349.158636,39.378707,,D:\lunar ai\outputs\patches\TMC-2_ch2_tmc_nca_20240124T0838058366_d_img_d18_09600_00000.png,9600,0,256,256,-45_349,train
TMC-2_ch2_tmc_nca_20240124T0838058366_d_img_d18_09728_00000,ch2_tmc_nca_20240124T0838058366_d_img_d18.img,TMC-2,-44.84521,349.158636,39.378707,,D:\lunar ai\outputs\patches\TMC-2_ch2_tmc_nca_20240124T0838058366_d_img_d18_09728_00000.png,9728,0,256,256,-45_349,train
TMC-2_ch2_tmc_nca_20240124T0838058366_d_img_d18_09856_00000,ch2_tmc_nca_20240124T0838058366_d_img_d18.img,TMC-2,-44.849849,349.158636,39.378707,,D:\lunar ai\outputs\patches\TMC-2_ch2_tmc_nca_20240124T0838058366_d_img_d18_09856_00000.png,9856,0,256,256,-45_349,train
TMC-2_ch2_tmc_nca_20240124T0838058366_d_img_d18_09984_00000,ch2_tmc_nca_20240124T0838058366_d_img_d18.img,TMC-2,-44.854488,349.158636,39.378707,,D:\lunar ai\outputs\patches\TMC-2_ch2_tmc_nca_20240124T0838058366_d_img_d18_09984_00000.png,9984,0,256,256,-45_349,train
TMC-2_ch2_tmc_nca_20240124T0838058366_d_img_d18_10112_00000,ch2_tmc_nca_20240124T0838058366_d_img_d18.img,TMC-2,-44.859126,349.158636,39.378707,,D:\lunar ai\outputs\patches\TMC-2_ch2_tmc_nca_20240124T0838058366_d_img_d18_10112_00000.png,10112,0,256,256,-45_349,train
TMC-2_ch2_tmc_nca_20240124T0838058366_d_img_d18_10240_00000,ch2_tmc_nca_20240124T0838058366_d_img_d18.img,TMC-2,-44.863765,349.158636,39.378707,,D:\lunar ai\outputs\patches\TMC-2_ch2_tmc_nca_20240124T0838058366_d_img_d18_10240_00000.png,10240,0,256,256,-45_349,train
TMC-2_ch2_tmc_nca_20240124T0838058366_d_img_d18_10368_00000,ch2_tmc_nca_20240124T0838058366_d_img_d18.img,TMC-2,-44.868404,349.158636,39.378707,,D:\lunar ai\outputs\patches\TMC-2_ch2_tmc_nca_20240124T0838058366_d_img_d18_10368_00000.png,10368,0,256,256,-45_349,train
TMC-2_ch2_tmc_nca_20240124T0838058366_d_img_d18_10496_00000,ch2_tmc_nca_20240124T0838058366_d_img_d18.img,TMC-2,-44.873042,349.158636,39.378707,,D:\lunar ai\outputs\patches\TMC-2_ch2_tmc_nca_20240124T0838058366_d_img_d18_10496_00000.png,10496,0,256,256,-45_349,train
TMC-2_ch2_tmc_nca_20240124T0838058366_d_img_d18_10624_00000,ch2_tmc_nca_20240124T0838058366_d_img_d18.img,TMC-2,-44.877681,349.158636,39.378707,,D:\lunar ai\outputs\patches\TMC-2_ch2_tmc_nca_20240124T0838058366_d_img_d18_10624_00000.png,10624,0,256,256,-45_349,train
TMC-2_ch2_tmc_nca_20240124T0838058366_d_img_d18_10752_00000,ch2_tmc_nca_20240124T0838058366_d_img_d18.img,TMC-2,-44.88232,349.158636,39.378707,,D:\lunar ai\outputs\patches\TMC-2_ch2_tmc_nca_20240124T0838058366_d_img_d18_10752_00000.png,10752,0,256,256,-45_349,train
TMC-2_ch2_tmc_nca_20240124T0838058366_d_img_d18_10880_00000,ch2_tmc_nca_20240124T0838058366_d_img_d18.img,TMC-2,-44.886959,349.158636,39.378707,,D:\lunar ai\outputs\patches\TMC-2_ch2_tmc_nca_20240124T0838058366_d_img_d18_10880_00000.png,10880,0,256,256,-45_349,train
TMC-2_ch2_tmc_nca_20240124T0838058366_d_img_d18_11008_00000,ch2_tmc_nca_20240124T0838058366_d_img_d18.img,TMC-2,-44.891597,349.158636,39.378707,,D:\lunar ai\outputs\patches\TMC-2_ch2_tmc_nca_20240124T0838058366_d_img_d18_11008_00000.png,11008,0,256,256,-45_349,train
TMC-2_ch2_tmc_nca_20240124T0838058366_d_img_d18_11136_00000,ch2_tmc_nca_20240124T0838058366_d_img_d18.img,TMC-2,-44.896236,349.158636,39.378707,,D:\lunar ai\outputs\patches\TMC-2_ch2_tmc_nca_20240124T0838058366_d_img_d18_11136_00000.png,11136,0,256,256,-45_349,train
TMC-2_ch2_tmc_nca_20240124T0838058366_d_img_d18_11264_00000,ch2_tmc_nca_20240124T0838058366_d_img_d18.img,TMC-2,-44.900875,349.158636,39.378707,,D:\lunar ai\outputs\patches\TMC-2_ch2_tmc_nca_20240124T0838058366_d_img_d18_11264_00000.png,11264,0,256,256,-45_349,train
TMC-2_ch2_tmc_nca_20240124T0838058366_d_img_d18_11392_00000,ch2_tmc_nca_20240124T0838058366_d_img_d18.img,TMC-2,-44.905513,349.158636,39.378707,,D:\lunar ai\outputs\patches\TMC-2_ch2_tmc_nca_20240124T0838058366_d_img_d18_11392_00000.png,11392,0,256,256,-45_349,train
TMC-2_ch2_tmc_nca_20240124T0838058366_d_img_d18_11520_00000,ch2_tmc_nca_20240124T0838058366_d_img_d18.img,TMC-2,-44.910152,349.158636,39.378707,,D:\lunar ai\outputs\patches\TMC-2_ch2_tmc_nca_20240124T0838058366_d_img_d18_11520_00000.png,11520,0,256,256,-45_349,train
TMC-2_ch2_tmc_nca_20240124T0838058366_d_img_d18_11648_00000,ch2_tmc_nca_20240124T0838058366_d_img_d18.img,TMC-2,-44.914791,349.158636,39.378707,,D:\lunar ai\outputs\patches\TMC-2_ch2_tmc_nca_20240124T0838058366_d_img_d18_11648_00000.png,11648,0,256,256,-45_349,train
TMC-2_ch2_tmc_nca_20240124T0838058366_d_img_d18_11776_00000,ch2_tmc_nca_20240124T0838058366_d_img_d18.img,TMC-2,-44.919429,349.158636,39.378707,,D:\lunar ai\outputs\patches\TMC-2_ch2_tmc_nca_20240124T0838058366_d_img_d18_11776_00000.png,11776,0,256,256,-45_349,train
TMC-2_ch2_tmc_nca_20240124T0838058366_d_img_d18_11904_00000,ch2_tmc_nca_20240124T0838058366_d_img_d18.img,TMC-2,-44.924068,349.158636,39.378707,,D:\lunar ai\outputs\patches\TMC-2_ch2_tmc_nca_20240124T0838058366_d_img_d18_11904_00000.png,11904,0,256,256,-45_349,train
TMC-2_ch2_tmc_nca_20240124T0838058366_d_img_d18_12032_00000,ch2_tmc_nca_20240124T0838058366_d_img_d18.img,TMC-2,-44.928707,349.158636,39.378707,,D:\lunar ai\outputs\patches\TMC-2_ch2_tmc_nca_20240124T0838058366_d_img_d18_12032_00000.png,12032,0,256,256,-45_349,train
TMC-2_ch2_tmc_nca_20240124T0838058366_d_img_d18_12160_00000,ch2_tmc_nca_20240124T0838058366_d_img_d18.img,TMC-2,-44.933345,349.158636,39.378707,,D:\lunar ai\outputs\patches\TMC-2_ch2_tmc_nca_20240124T0838058366_d_img_d18_12160_00000.png,12160,0,256,256,-45_349,train
TMC-2_ch2_tmc_nca_20240124T0838058366_d_img_d18_12288_00000,ch2_tmc_nca_20240124T0838058366_d_img_d18.img,TMC-2,-44.937984,349.158636,39.378707,,D:\lunar ai\outputs\patches\TMC-2_ch2_tmc_nca_20240124T0838058366_d_img_d18_12288_00000.png,12288,0,256,256,-45_349,train
TMC-2_ch2_tmc_nca_20240124T0838058366_d_img_d18_12416_00000,ch2_tmc_nca_20240124T0838058366_d_img_d18.img,TMC-2,-44.942623,349.158636,39.378707,,D:\lunar ai\outputs\patches\TMC-2_ch2_tmc_nca_20240124T0838058366_d_img_d18_12416_00000.png,12416,0,256,256,-45_349,train
TMC-2_ch2_tmc_nca_20240124T0838058366_d_img_d18_12544_00000,ch2_tmc_nca_20240124T0838058366_d_img_d18.img,TMC-2,-44.947262,349.158636,39.378707,,D:\lunar ai\outputs\patches\TMC-2_ch2_tmc_nca_20240124T0838058366_d_img_d18_12544_00000.png,12544,0,256,256,-45_349,train
TMC-2_ch2_tmc_nca_20240124T0838058366_d_img_d18_12672_00000,ch2_tmc_nca_20240124T0838058366_d_img_d18.img,TMC-2,-44.9519,349.158636,39.378707,,D:\lunar ai\outputs\patches\TMC-2_ch2_tmc_nca_20240124T0838058366_d_img_d18_12672_00000.png,12672,0,256,256,-45_349,train
TMC-2_ch2_tmc_nca_20240124T0838058366_d_img_d18_12800_00000,ch2_tmc_nca_20240124T0838058366_d_img_d18.img,TMC-2,-44.956539,349.158636,39.378707,,D:\lunar ai\outputs\patches\TMC-2_ch2_tmc_nca_20240124T0838058366_d_img_d18_12800_00000.png,12800,0,256,256,-45_349,train
TMC-2_ch2_tmc_nca_20240124T0838058366_d_img_d18_12928_00000,ch2_tmc_nca_20240124T0838058366_d_img_d18.img,TMC-2,-44.961178,349.158636,39.378707,,D:\lunar ai\outputs\patches\TMC-2_ch2_tmc_nca_20240124T0838058366_d_img_d18_12928_00000.png,12928,0,256,256,-45_349,train
TMC-2_ch2_tmc_nca_20240124T0838058366_d_img_d18_13056_00000,ch2_tmc_nca_20240124T0838058366_d_img_d18.img,TMC-2,-44.965816,349.158636,39.378707,,D:\lunar ai\outputs\patches\TMC-2_ch2_tmc_nca_20240124T0838058366_d_img_d18_13056_00000.png,13056,0,256,256,-45_349,train
TMC-2_ch2_tmc_nca_20240124T0838058366_d_img_d18_13184_00000,ch2_tmc_nca_20240124T0838058366_d_img_d18.img,TMC-2,-44.970455,349.158636,39.378707,,D:\lunar ai\outputs\patches\TMC-2_ch2_tmc_nca_20240124T0838058366_d_img_d18_13184_00000.png,13184,0,256,256,-45_349,train
TMC-2_ch2_tmc_nca_20240124T0838058366_d_img_d18_13312_00000,ch2_tmc_nca_20240124T0838058366_d_img_d18.img,TMC-2,-44.975094,349.158636,39.378707,,D:\lunar ai\outputs\patches\TMC-2_ch2_tmc_nca_20240124T0838058366_d_img_d18_13312_00000.png,13312,0,256,256,-45_349,train
TMC-2_ch2_tmc_nca_20240124T0838058366_d_img_d18_13440_00000,ch2_tmc_nca_20240124T0838058366_d_img_d18.img,TMC-2,-44.979732,349.158636,39.378707,,D:\lunar ai\outputs\patches\TMC-2_ch2_tmc_nca_20240124T0838058366_d_img_d18_13440_00000.png,13440,0,256,256,-45_349,train
TMC-2_ch2_tmc_nca_20240124T0838058366_d_img_d18_13541_00000,ch2_tmc_nca_20240124T0838058366_d_img_d18.img,TMC-2,-44.983393,349.158636,39.378707,,D:\lunar ai\outputs\patches\TMC-2_ch2_tmc_nca_20240124T0838058366_d_img_d18_13541_00000.png,13541,0,256,256,-45_349,train
TMC-2_ch2_tmc_ncf_20211122T1925079181_d_img_d18_00000_00000,ch2_tmc_ncf_20211122T1925079181_d_img_d18.img,TMC-2,-46.810646,350.03286,37.079546,,D:\lunar ai\outputs\patches\TMC-2_ch2_tmc_ncf_20211122T1925079181_d_img_d18_00000_00000.png,0,0,256,256,-47_350,train
TMC-2_ch2_tmc_ncf_20211122T1925079181_d_img_d18_00128_00000,ch2_tmc_ncf_20211122T1925079181_d_img_d18.img,TMC-2,-46.815773,350.03286,37.079546,,D:\lunar ai\outputs\patches\TMC-2_ch2_tmc_ncf_20211122T1925079181_d_img_d18_00128_00000.png,128,0,256,256,-47_350,train
TMC-2_ch2_tmc_ncf_20211122T1925079181_d_img_d18_00256_00000,ch2_tmc_ncf_20211122T1925079181_d_img_d18.img,TMC-2,-46.8209,350.03286,37.079546,,D:\lunar ai\outputs\patches\TMC-2_ch2_tmc_ncf_20211122T1925079181_d_img_d18_00256_00000.png,256,0,256,256,-47_350,train
TMC-2_ch2_tmc_ncf_20211122T1925079181_d_img_d18_00384_00000,ch2_tmc_ncf_20211122T1925079181_d_img_d18.img,TMC-2,-46.826027,350.03286,37.079546,,D:\lunar ai\outputs\patches\TMC-2_ch2_tmc_ncf_20211122T1925079181_d_img_d18_00384_00000.png,384,0,256,256,-47_350,train
TMC-2_ch2_tmc_ncf_20211122T1925079181_d_img_d18_00512_00000,ch2_tmc_ncf_20211122T1925079181_d_img_d18.img,TMC-2,-46.831154,350.03286,37.079546,,D:\lunar ai\outputs\patches\TMC-2_ch2_tmc_ncf_20211122T1925079181_d_img_d18_00512_00000.png,512,0,256,256,-47_350,train
TMC-2_ch2_tmc_ncf_20211122T1925079181_d_img_d18_00640_00000,ch2_tmc_ncf_20211122T1925079181_d_img_d18.img,TMC-2,-46.836281,350.03286,37.079546,,D:\lunar ai\outputs\patches\TMC-2_ch2_tmc_ncf_20211122T1925079181_d_img_d18_00640_00000.png,640,0,256,256,-47_350,train
TMC-2_ch2_tmc_ncf_20211122T1925079181_d_img_d18_00768_00000,ch2_tmc_ncf_20211122T1925079181_d_img_d18.img,TMC-2,-46.841408,350.03286,37.079546,,D:\lunar ai\outputs\patches\TMC-2_ch2_tmc_ncf_20211122T1925079181_d_img_d18_00768_00000.png,768,0,256,256,-47_350,train
TMC-2_ch2_tmc_ncf_20211122T1925079181_d_img_d18_00896_00000,ch2_tmc_ncf_20211122T1925079181_d_img_d18.img,TMC-2,-46.846535,350.03286,37.079546,,D:\lunar ai\outputs\patches\TMC-2_ch2_tmc_ncf_20211122T1925079181_d_img_d18_00896_00000.png,896,0,256,256,-47_350,train
TMC-2_ch2_tmc_ncf_20211122T1925079181_d_img_d18_01024_00000,ch2_tmc_ncf_20211122T1925079181_d_img_d18.img,TMC-2,-46.851662,350.03286,37.079546,,D:\lunar ai\outputs\patches\TMC-2_ch2_tmc_ncf_20211122T1925079181_d_img_d18_01024_00000.png,1024,0,256,256,-47_350,train
TMC-2_ch2_tmc_ncf_20211122T1925079181_d_img_d18_01152_00000,ch2_tmc_ncf_20211122T1925079181_d_img_d18.img,TMC-2,-46.856788,350.03286,37.079546,,D:\lunar ai\outputs\patches\TMC-2_ch2_tmc_ncf_20211122T1925079181_d_img_d18_01152_00000.png,1152,0,256,256,-47_350,train
TMC-2_ch2_tmc_ncf_20211122T1925079181_d_img_d18_01280_00000,ch2_tmc_ncf_20211122T1925079181_d_img_d18.img,TMC-2,-46.861915,350.03286,37.079546,,D:\lunar ai\outputs\patches\TMC-2_ch2_tmc_ncf_20211122T1925079181_d_img_d18_01280_00000.png,1280,0,256,256,-47_350,train
TMC-2_ch2_tmc_ncf_20211122T1925079181_d_img_d18_01408_00000,ch2_tmc_ncf_20211122T1925079181_d_img_d18.img,TMC-2,-46.867042,350.03286,37.079546,,D:\lunar ai\outputs\patches\TMC-2_ch2_tmc_ncf_20211122T1925079181_d_img_d18_01408_00000.png,1408,0,256,256,-47_350,train
TMC-2_ch2_tmc_ncf_20211122T1925079181_d_img_d18_01536_00000,ch2_tmc_ncf_20211122T1925079181_d_img_d18.img,TMC-2,-46.872169,350.03286,37.079546,,D:\lunar ai\outputs\patches\TMC-2_ch2_tmc_ncf_20211122T1925079181_d_img_d18_01536_00000.png,1536,0,256,256,-47_350,train
TMC-2_ch2_tmc_ncf_20211122T1925079181_d_img_d18_01664_00000,ch2_tmc_ncf_20211122T1925079181_d_img_d18.img,TMC-2,-46.877296,350.03286,37.079546,,D:\lunar ai\outputs\patches\TMC-2_ch2_tmc_ncf_20211122T1925079181_d_img_d18_01664_00000.png,1664,0,256,256,-47_350,train
TMC-2_ch2_tmc_ncf_20211122T1925079181_d_img_d18_01792_00000,ch2_tmc_ncf_20211122T1925079181_d_img_d18.img,TMC-2,-46.882423,350.03286,37.079546,,D:\lunar ai\outputs\patches\TMC-2_ch2_tmc_ncf_20211122T1925079181_d_img_d18_01792_00000.png,1792,0,256,256,-47_350,train
TMC-2_ch2_tmc_ncf_20211122T1925079181_d_img_d18_01920_00000,ch2_tmc_ncf_20211122T1925079181_d_img_d18.img,TMC-2,-46.88755,350.03286,37.079546,,D:\lunar ai\outputs\patches\TMC-2_ch2_tmc_ncf_20211122T1925079181_d_img_d18_01920_00000.png,1920,0,256,256,-47_350,train
TMC-2_ch2_tmc_ncf_20211122T1925079181_d_img_d18_02048_00000,ch2_tmc_ncf_20211122T1925079181_d_img_d18.img,TMC-2,-46.892677,350.03286,37.079546,,D:\lunar ai\outputs\patches\TMC-2_ch2_tmc_ncf_20211122T1925079181_d_img_d18_02048_00000.png,2048,0,256,256,-47_350,train
TMC-2_ch2_tmc_ncf_20211122T1925079181_d_img_d18_02176_00000,ch2_tmc_ncf_20211122T1925079181_d_img_d18.img,TMC-2,-46.897804,350.03286,37.079546,,D:\lunar ai\outputs\patches\TMC-2_ch2_tmc_ncf_20211122T1925079181_d_img_d18_02176_00000.png,2176,0,256,256,-47_350,train
TMC-2_ch2_tmc_ncf_20211122T1925079181_d_img_d18_02304_00000,ch2_tmc_ncf_20211122T1925079181_d_img_d18.img,TMC-2,-46.902931,350.03286,37.079546,,D:\lunar ai\outputs\patches\TMC-2_ch2_tmc_ncf_20211122T1925079181_d_img_d18_02304_00000.png,2304,0,256,256,-47_350,train
TMC-2_ch2_tmc_ncf_20211122T1925079181_d_img_d18_02432_00000,ch2_tmc_ncf_20211122T1925079181_d_img_d18.img,TMC-2,-46.908058,350.03286,37.079546,,D:\lunar ai\outputs\patches\TMC-2_ch2_tmc_ncf_20211122T1925079181_d_img_d18_02432_00000.png,2432,0,256,256,-47_350,train
TMC-2_ch2_tmc_ncf_20211122T1925079181_d_img_d18_02560_00000,ch2_tmc_ncf_20211122T1925079181_d_img_d18.img,TMC-2,-46.913185,350.03286,37.079546,,D:\lunar ai\outputs\patches\TMC-2_ch2_tmc_ncf_20211122T1925079181_d_img_d18_02560_00000.png,2560,0,256,256,-47_350,train
TMC-2_ch2_tmc_ncf_20211122T1925079181_d_img_d18_02688_00000,ch2_tmc_ncf_20211122T1925079181_d_img_d18.img,TMC-2,-46.918312,350.03286,37.079546,,D:\lunar ai\outputs\patches\TMC-2_ch2_tmc_ncf_20211122T1925079181_d_img_d18_02688_00000.png,2688,0,256,256,-47_350,train
TMC-2_ch2_tmc_ncf_20211122T1925079181_d_img_d18_02816_00000,ch2_tmc_ncf_20211122T1925079181_d_img_d18.img,TMC-2,-46.923439,350.03286,37.079546,,D:\lunar ai\outputs\patches\TMC-2_ch2_tmc_ncf_20211122T1925079181_d_img_d18_02816_00000.png,2816,0,256,256,-47_350,train
TMC-2_ch2_tmc_ncf_20211122T1925079181_d_img_d18_02944_00000,ch2_tmc_ncf_20211122T1925079181_d_img_d18.img,TMC-2,-46.928566,350.03286,37.079546,,D:\lunar ai\outputs\patches\TMC-2_ch2_tmc_ncf_20211122T1925079181_d_img_d18_02944_00000.png,2944,0,256,256,-47_350,train
TMC-2_ch2_tmc_ncf_20211122T1925079181_d_img_d18_03072_00000,ch2_tmc_ncf_20211122T1925079181_d_img_d18.img,TMC-2,-46.933693,350.03286,37.079546,,D:\lunar ai\outputs\patches\TMC-2_ch2_tmc_ncf_20211122T1925079181_d_img_d18_03072_00000.png,3072,0,256,256,-47_350,train
TMC-2_ch2_tmc_ncf_20211122T1925079181_d_img_d18_03200_00000,ch2_tmc_ncf_20211122T1925079181_d_img_d18.img,TMC-2,-46.93882,350.03286,37.079546,,D:\lunar ai\outputs\patches\TMC-2_ch2_tmc_ncf_20211122T1925079181_d_img_d18_03200_00000.png,3200,0,256,256,-47_350,train
TMC-2_ch2_tmc_ncf_20211122T1925079181_d_img_d18_03328_00000,ch2_tmc_ncf_20211122T1925079181_d_img_d18.img,TMC-2,-46.943947,350.03286,37.079546,,D:\lunar ai\outputs\patches\TMC-2_ch2_tmc_ncf_20211122T1925079181_d_img_d18_03328_00000.png,3328,0,256,256,-47_350,train
TMC-2_ch2_tmc_ncf_20211122T1925079181_d_img_d18_03456_00000,ch2_tmc_ncf_20211122T1925079181_d_img_d18.img,TMC-2,-46.949074,350.03286,37.079546,,D:\lunar ai\outputs\patches\TMC-2_ch2_tmc_ncf_20211122T1925079181_d_img_d18_03456_00000.png,3456,0,256,256,-47_350,train
TMC-2_ch2_tmc_ncf_20211122T1925079181_d_img_d18_03584_00000,ch2_tmc_ncf_20211122T1925079181_d_img_d18.img,TMC-2,-46.954201,350.03286,37.079546,,D:\lunar ai\outputs\patches\TMC-2_ch2_tmc_ncf_20211122T1925079181_d_img_d18_03584_00000.png,3584,0,256,256,-47_350,train
TMC-2_ch2_tmc_ncf_20211122T1925079181_d_img_d18_03712_00000,ch2_tmc_ncf_20211122T1925079181_d_img_d18.img,TMC-2,-46.959328,350.03286,37.079546,,D:\lunar ai\outputs\patches\TMC-2_ch2_tmc_ncf_20211122T1925079181_d_img_d18_03712_00000.png,3712,0,256,256,-47_350,train
TMC-2_ch2_tmc_ncf_20211122T1925079181_d_img_d18_03840_00000,ch2_tmc_ncf_20211122T1925079181_d_img_d18.img,TMC-2,-46.964455,350.03286,37.079546,,D:\lunar ai\outputs\patches\TMC-2_ch2_tmc_ncf_20211122T1925079181_d_img_d18_03840_00000.png,3840,0,256,256,-47_350,train
TMC-2_ch2_tmc_ncf_20211122T1925079181_d_img_d18_03968_00000,ch2_tmc_ncf_20211122T1925079181_d_img_d18.img,TMC-2,-46.969582,350.03286,37.079546,,D:\lunar ai\outputs\patches\TMC-2_ch2_tmc_ncf_20211122T1925079181_d_img_d18_03968_00000.png,3968,0,256,256,-47_350,train
TMC-2_ch2_tmc_ncf_20211122T1925079181_d_img_d18_04096_00000,ch2_tmc_ncf_20211122T1925079181_d_img_d18.img,TMC-2,-46.974709,350.03286,37.079546,,D:\lunar ai\outputs\patches\TMC-2_ch2_tmc_ncf_20211122T1925079181_d_img_d18_04096_00000.png,4096,0,256,256,-47_350,train
TMC-2_ch2_tmc_ncf_20211122T1925079181_d_img_d18_04224_00000,ch2_tmc_ncf_20211122T1925079181_d_img_d18.img,TMC-2,-46.979836,350.03286,37.079546,,D:\lunar ai\outputs\patches\TMC-2_ch2_tmc_ncf_20211122T1925079181_d_img_d18_04224_00000.png,4224,0,256,256,-47_350,train
TMC-2_ch2_tmc_ncf_20211122T1925079181_d_img_d18_04352_00000,ch2_tmc_ncf_20211122T1925079181_d_img_d18.img,TMC-2,-46.984963,350.03286,37.079546,,D:\lunar ai\outputs\patches\TMC-2_ch2_tmc_ncf_20211122T1925079181_d_img_d18_04352_00000.png,4352,0,256,256,-47_350,train
TMC-2_ch2_tmc_ncf_20211122T1925079181_d_img_d18_04480_00000,ch2_tmc_ncf_20211122T1925079181_d_img_d18.img,TMC-2,-46.99009,350.03286,37.079546,,D:\lunar ai\outputs\patches\TMC-2_ch2_tmc_ncf_20211122T1925079181_d_img_d18_04480_00000.png,4480,0,256,256,-47_350,train
TMC-2_ch2_tmc_ncf_20211122T1925079181_d_img_d18_04608_00000,ch2_tmc_ncf_20211122T1925079181_d_img_d18.img,TMC-2,-46.995217,350.03286,37.079546,,D:\lunar ai\outputs\patches\TMC-2_ch2_tmc_ncf_20211122T1925079181_d_img_d18_04608_00000.png,4608,0,256,256,-47_350,train
TMC-2_ch2_tmc_ncf_20211122T1925079181_d_img_d18_04736_00000,ch2_tmc_ncf_20211122T1925079181_d_img_d18.img,TMC-2,-47.000344,350.03286,37.079546,,D:\lunar ai\outputs\patches\TMC-2_ch2_tmc_ncf_20211122T1925079181_d_img_d18_04736_00000.png,4736,0,256,256,-47_350,train
TMC-2_ch2_tmc_ncf_20211122T1925079181_d_img_d18_04864_00000,ch2_tmc_ncf_20211122T1925079181_d_img_d18.img,TMC-2,-47.005471,350.03286,37.079546,,D:\lunar ai\outputs\patches\TMC-2_ch2_tmc_ncf_20211122T1925079181_d_img_d18_04864_00000.png,4864,0,256,256,-47_350,train
TMC-2_ch2_tmc_ncf_20211122T1925079181_d_img_d18_04992_00000,ch2_tmc_ncf_20211122T1925079181_d_img_d18.img,TMC-2,-47.010598,350.03286,37.079546,,D:\lunar ai\outputs\patches\TMC-2_ch2_tmc_ncf_20211122T1925079181_d_img_d18_04992_00000.png,4992,0,256,256,-47_350,train
TMC-2_ch2_tmc_ncf_20211122T1925079181_d_img_d18_05120_00000,ch2_tmc_ncf_20211122T1925079181_d_img_d18.img,TMC-2,-47.015725,350.03286,37.079546,,D:\lunar ai\outputs\patches\TMC-2_ch2_tmc_ncf_20211122T1925079181_d_img_d18_05120_00000.png,5120,0,256,256,-47_350,train
TMC-2_ch2_tmc_ncf_20211122T1925079181_d_img_d18_05248_00000,ch2_tmc_ncf_20211122T1925079181_d_img_d18.img,TMC-2,-47.020852,350.03286,37.079546,,D:\lunar ai\outputs\patches\TMC-2_ch2_tmc_ncf_20211122T1925079181_d_img_d18_05248_00000.png,5248,0,256,256,-47_350,train
TMC-2_ch2_tmc_ncf_20211122T1925079181_d_img_d18_05376_00000,ch2_tmc_ncf_20211122T1925079181_d_img_d18.img,TMC-2,-47.025979,350.03286,37.079546,,D:\lunar ai\outputs\patches\TMC-2_ch2_tmc_ncf_20211122T1925079181_d_img_d18_05376_00000.png,5376,0,256,256,-47_350,train
TMC-2_ch2_tmc_ncf_20211122T1925079181_d_img_d18_05504_00000,ch2_tmc_ncf_20211122T1925079181_d_img_d18.img,TMC-2,-47.031106,350.03286,37.079546,,D:\lunar ai\outputs\patches\TMC-2_ch2_tmc_ncf_20211122T1925079181_d_img_d18_05504_00000.png,5504,0,256,256,-47_350,train
TMC-2_ch2_tmc_ncf_20211122T1925079181_d_img_d18_05632_00000,ch2_tmc_ncf_20211122T1925079181_d_img_d18.img,TMC-2,-47.036233,350.03286,37.079546,,D:\lunar ai\outputs\patches\TMC-2_ch2_tmc_ncf_20211122T1925079181_d_img_d18_05632_00000.png,5632,0,256,256,-47_350,train
TMC-2_ch2_tmc_ncf_20211122T1925079181_d_img_d18_05760_00000,ch2_tmc_ncf_20211122T1925079181_d_img_d18.img,TMC-2,-47.041359,350.03286,37.079546,,D:\lunar ai\outputs\patches\TMC-2_ch2_tmc_ncf_20211122T1925079181_d_img_d18_05760_00000.png,5760,0,256,256,-47_350,train
TMC-2_ch2_tmc_ncf_20211122T1925079181_d_img_d18_05888_00000,ch2_tmc_ncf_20211122T1925079181_d_img_d18.img,TMC-2,-47.046486,350.03286,37.079546,,D:\lunar ai\outputs\patches\TMC-2_ch2_tmc_ncf_20211122T1925079181_d_img_d18_05888_00000.png,5888,0,256,256,-47_350,train
TMC-2_ch2_tmc_ncf_20211122T1925079181_d_img_d18_06016_00000,ch2_tmc_ncf_20211122T1925079181_d_img_d18.img,TMC-2,-47.051613,350.03286,37.079546,,D:\lunar ai\outputs\patches\TMC-2_ch2_tmc_ncf_20211122T1925079181_d_img_d18_06016_00000.png,6016,0,256,256,-47_350,train
TMC-2_ch2_tmc_ncf_20211122T1925079181_d_img_d18_06144_00000,ch2_tmc_ncf_20211122T1925079181_d_img_d18.img,TMC-2,-47.05674,350.03286,37.079546,,D:\lunar ai\outputs\patches\TMC-2_ch2_tmc_ncf_20211122T1925079181_d_img_d18_06144_00000.png,6144,0,256,256,-47_350,train
TMC-2_ch2_tmc_ncf_20211122T1925079181_d_img_d18_06272_00000,ch2_tmc_ncf_20211122T1925079181_d_img_d18.img,TMC-2,-47.061867,350.03286,37.079546,,D:\lunar ai\outputs\patches\TMC-2_ch2_tmc_ncf_20211122T1925079181_d_img_d18_06272_00000.png,6272,0,256,256,-47_350,train
TMC-2_ch2_tmc_ncf_20211122T1925079181_d_img_d18_06400_00000,ch2_tmc_ncf_20211122T1925079181_d_img_d18.img,TMC-2,-47.066994,350.03286,37.079546,,D:\lunar ai\outputs\patches\TMC-2_ch2_tmc_ncf_20211122T1925079181_d_img_d18_06400_00000.png,6400,0,256,256,-47_350,train
TMC-2_ch2_tmc_ncf_20211122T1925079181_d_img_d18_06528_00000,ch2_tmc_ncf_20211122T1925079181_d_img_d18.img,TMC-2,-47.072121,350.03286,37.079546,,D:\lunar ai\outputs\patches\TMC-2_ch2_tmc_ncf_20211122T1925079181_d_img_d18_06528_00000.png,6528,0,256,256,-47_350,train
TMC-2_ch2_tmc_ncf_20211122T1925079181_d_img_d18_06656_00000,ch2_tmc_ncf_20211122T1925079181_d_img_d18.img,TMC-2,-47.077248,350.03286,37.079546,,D:\lunar ai\outputs\patches\TMC-2_ch2_tmc_ncf_20211122T1925079181_d_img_d18_06656_00000.png,6656,0,256,256,-47_350,train
TMC-2_ch2_tmc_ncf_20211122T1925079181_d_img_d18_06784_00000,ch2_tmc_ncf_20211122T1925079181_d_img_d18.img,TMC-2,-47.082375,350.03286,37.079546,,D:\lunar ai\outputs\patches\TMC-2_ch2_tmc_ncf_20211122T1925079181_d_img_d18_06784_00000.png,6784,0,256,256,-47_350,train
TMC-2_ch2_tmc_ncf_20211122T1925079181_d_img_d18_06912_00000,ch2_tmc_ncf_20211122T1925079181_d_img_d18.img,TMC-2,-47.087502,350.03286,37.079546,,D:\lunar ai\outputs\patches\TMC-2_ch2_tmc_ncf_20211122T1925079181_d_img_d18_06912_00000.png,6912,0,256,256,-47_350,train
TMC-2_ch2_tmc_ncf_20211122T1925079181_d_img_d18_07040_00000,ch2_tmc_ncf_20211122T1925079181_d_img_d18.img,TMC-2,-47.092629,350.03286,37.079546,,D:\lunar ai\outputs\patches\TMC-2_ch2_tmc_ncf_20211122T1925079181_d_img_d18_07040_00000.png,7040,0,256,256,-47_350,train
TMC-2_ch2_tmc_ncf_20211122T1925079181_d_img_d18_07168_00000,ch2_tmc_ncf_20211122T1925079181_d_img_d18.img,TMC-2,-47.097756,350.03286,37.079546,,D:\lunar ai\outputs\patches\TMC-2_ch2_tmc_ncf_20211122T1925079181_d_img_d18_07168_00000.png,7168,0,256,256,-47_350,train
TMC-2_ch2_tmc_ncf_20211122T1925079181_d_img_d18_07296_00000,ch2_tmc_ncf_20211122T1925079181_d_img_d18.img,TMC-2,-47.102883,350.03286,37.079546,,D:\lunar ai\outputs\patches\TMC-2_ch2_tmc_ncf_20211122T1925079181_d_img_d18_07296_00000.png,7296,0,256,256,-47_350,train
TMC-2_ch2_tmc_ncf_20211122T1925079181_d_img_d18_07424_00000,ch2_tmc_ncf_20211122T1925079181_d_img_d18.img,TMC-2,-47.10801,350.03286,37.079546,,D:\lunar ai\outputs\patches\TMC-2_ch2_tmc_ncf_20211122T1925079181_d_img_d18_07424_00000.png,7424,0,256,256,-47_350,train
TMC-2_ch2_tmc_ncf_20211122T1925079181_d_img_d18_07552_00000,ch2_tmc_ncf_20211122T1925079181_d_img_d18.img,TMC-2,-47.113137,350.03286,37.079546,,D:\lunar ai\outputs\patches\TMC-2_ch2_tmc_ncf_20211122T1925079181_d_img_d18_07552_00000.png,7552,0,256,256,-47_350,train
TMC-2_ch2_tmc_ncf_20211122T1925079181_d_img_d18_07680_00000,ch2_tmc_ncf_20211122T1925079181_d_img_d18.img,TMC-2,-47.118264,350.03286,37.079546,,D:\lunar ai\outputs\patches\TMC-2_ch2_tmc_ncf_20211122T1925079181_d_img_d18_07680_00000.png,7680,0,256,256,-47_350,train
TMC-2_ch2_tmc_ncf_20211122T1925079181_d_img_d18_07808_00000,ch2_tmc_ncf_20211122T1925079181_d_img_d18.img,TMC-2,-47.123391,350.03286,37.079546,,D:\lunar ai\outputs\patches\TMC-2_ch2_tmc_ncf_20211122T1925079181_d_img_d18_07808_00000.png,7808,0,256,256,-47_350,train
TMC-2_ch2_tmc_ncf_20211122T1925079181_d_img_d18_07936_00000,ch2_tmc_ncf_20211122T1925079181_d_img_d18.img,TMC-2,-47.128518,350.03286,37.079546,,D:\lunar ai\outputs\patches\TMC-2_ch2_tmc_ncf_20211122T1925079181_d_img_d18_07936_00000.png,7936,0,256,256,-47_350,train
TMC-2_ch2_tmc_ncf_20211122T1925079181_d_img_d18_08064_00000,ch2_tmc_ncf_20211122T1925079181_d_img_d18.img,TMC-2,-47.133645,350.03286,37.079546,,D:\lunar ai\outputs\patches\TMC-2_ch2_tmc_ncf_20211122T1925079181_d_img_d18_08064_00000.png,8064,0,256,256,-47_350,train
TMC-2_ch2_tmc_ncf_20211122T1925079181_d_img_d18_08192_00000,ch2_tmc_ncf_20211122T1925079181_d_img_d18.img,TMC-2,-47.138772,350.03286,37.079546,,D:\lunar ai\outputs\patches\TMC-2_ch2_tmc_ncf_20211122T1925079181_d_img_d18_08192_00000.png,8192,0,256,256,-47_350,train
TMC-2_ch2_tmc_ncf_20211122T1925079181_d_img_d18_08320_00000,ch2_tmc_ncf_20211122T1925079181_d_img_d18.img,TMC-2,-47.143899,350.03286,37.079546,,D:\lunar ai\outputs\patches\TMC-2_ch2_tmc_ncf_20211122T1925079181_d_img_d18_08320_00000.png,8320,0,256,256,-47_350,train
TMC-2_ch2_tmc_ncf_20211122T1925079181_d_img_d18_08448_00000,ch2_tmc_ncf_20211122T1925079181_d_img_d18.img,TMC-2,-47.149026,350.03286,37.079546,,D:\lunar ai\outputs\patches\TMC-2_ch2_tmc_ncf_20211122T1925079181_d_img_d18_08448_00000.png,8448,0,256,256,-47_350,train
TMC-2_ch2_tmc_ncf_20211122T1925079181_d_img_d18_08576_00000,ch2_tmc_ncf_20211122T1925079181_d_img_d18.img,TMC-2,-47.154153,350.03286,37.079546,,D:\lunar ai\outputs\patches\TMC-2_ch2_tmc_ncf_20211122T1925079181_d_img_d18_08576_00000.png,8576,0,256,256,-47_350,train
TMC-2_ch2_tmc_ncf_20211122T1925079181_d_img_d18_08704_00000,ch2_tmc_ncf_20211122T1925079181_d_img_d18.img,TMC-2,-47.15928,350.03286,37.079546,,D:\lunar ai\outputs\patches\TMC-2_ch2_tmc_ncf_20211122T1925079181_d_img_d18_08704_00000.png,8704,0,256,256,-47_350,train
TMC-2_ch2_tmc_ncf_20211122T1925079181_d_img_d18_08832_00000,ch2_tmc_ncf_20211122T1925079181_d_img_d18.img,TMC-2,-47.164407,350.03286,37.079546,,D:\lunar ai\outputs\patches\TMC-2_ch2_tmc_ncf_20211122T1925079181_d_img_d18_08832_00000.png,8832,0,256,256,-47_350,train
TMC-2_ch2_tmc_ncf_20211122T1925079181_d_img_d18_08960_00000,ch2_tmc_ncf_20211122T1925079181_d_img_d18.img,TMC-2,-47.169534,350.03286,37.079546,,D:\lunar ai\outputs\patches\TMC-2_ch2_tmc_ncf_20211122T1925079181_d_img_d18_08960_00000.png,8960,0,256,256,-47_350,train
TMC-2_ch2_tmc_ncf_20211122T1925079181_d_img_d18_09088_00000,ch2_tmc_ncf_20211122T1925079181_d_img_d18.img,TMC-2,-47.174661,350.03286,37.079546,,D:\lunar ai\outputs\patches\TMC-2_ch2_tmc_ncf_20211122T1925079181_d_img_d18_09088_00000.png,9088,0,256,256,-47_350,train
TMC-2_ch2_tmc_ncf_20211122T1925079181_d_img_d18_09216_00000,ch2_tmc_ncf_20211122T1925079181_d_img_d18.img,TMC-2,-47.179788,350.03286,37.079546,,D:\lunar ai\outputs\patches\TMC-2_ch2_tmc_ncf_20211122T1925079181_d_img_d18_09216_00000.png,9216,0,256,256,-47_350,train
TMC-2_ch2_tmc_ncf_20211122T1925079181_d_img_d18_09344_00000,ch2_tmc_ncf_20211122T1925079181_d_img_d18.img,TMC-2,-47.184915,350.03286,37.079546,,D:\lunar ai\outputs\patches\TMC-2_ch2_tmc_ncf_20211122T1925079181_d_img_d18_09344_00000.png,9344,0,256,256,-47_350,train
TMC-2_ch2_tmc_ncf_20211122T1925079181_d_img_d18_09472_00000,ch2_tmc_ncf_20211122T1925079181_d_img_d18.img,TMC-2,-47.190042,350.03286,37.079546,,D:\lunar ai\outputs\patches\TMC-2_ch2_tmc_ncf_20211122T1925079181_d_img_d18_09472_00000.png,9472,0,256,256,-47_350,train
TMC-2_ch2_tmc_ncf_20211122T1925079181_d_img_d18_09600_00000,ch2_tmc_ncf_20211122T1925079181_d_img_d18.img,TMC-2,-47.195169,350.03286,37.079546,,D:\lunar ai\outputs\patches\TMC-2_ch2_tmc_ncf_20211122T1925079181_d_img_d18_09600_00000.png,9600,0,256,256,-47_350,train
TMC-2_ch2_tmc_ncf_20211122T1925079181_d_img_d18_09728_00000,ch2_tmc_ncf_20211122T1925079181_d_img_d18.img,TMC-2,-47.200296,350.03286,37.079546,,D:\lunar ai\outputs\patches\TMC-2_ch2_tmc_ncf_20211122T1925079181_d_img_d18_09728_00000.png,9728,0,256,256,-47_350,train
TMC-2_ch2_tmc_ncf_20211122T1925079181_d_img_d18_09856_00000,ch2_tmc_ncf_20211122T1925079181_d_img_d18.img,TMC-2,-47.205423,350.03286,37.079546,,D:\lunar ai\outputs\patches\TMC-2_ch2_tmc_ncf_20211122T1925079181_d_img_d18_09856_00000.png,9856,0,256,256,-47_350,train
TMC-2_ch2_tmc_ncf_20211122T1925079181_d_img_d18_09984_00000,ch2_tmc_ncf_20211122T1925079181_d_img_d18.img,TMC-2,-47.21055,350.03286,37.079546,,D:\lunar ai\outputs\patches\TMC-2_ch2_tmc_ncf_20211122T1925079181_d_img_d18_09984_00000.png,9984,0,256,256,-47_350,train
TMC-2_ch2_tmc_ncf_20211122T1925079181_d_img_d18_10112_00000,ch2_tmc_ncf_20211122T1925079181_d_img_d18.img,TMC-2,-47.215677,350.03286,37.079546,,D:\lunar ai\outputs\patches\TMC-2_ch2_tmc_ncf_20211122T1925079181_d_img_d18_10112_00000.png,10112,0,256,256,-47_350,train
TMC-2_ch2_tmc_ncf_20211122T1925079181_d_img_d18_10240_00000,ch2_tmc_ncf_20211122T1925079181_d_img_d18.img,TMC-2,-47.220804,350.03286,37.079546,,D:\lunar ai\outputs\patches\TMC-2_ch2_tmc_ncf_20211122T1925079181_d_img_d18_10240_00000.png,10240,0,256,256,-47_350,train
TMC-2_ch2_tmc_ncf_20211122T1925079181_d_img_d18_10368_00000,ch2_tmc_ncf_20211122T1925079181_d_img_d18.img,TMC-2,-47.225931,350.03286,37.079546,,D:\lunar ai\outputs\patches\TMC-2_ch2_tmc_ncf_20211122T1925079181_d_img_d18_10368_00000.png,10368,0,256,256,-47_350,train
TMC-2_ch2_tmc_ncf_20211122T1925079181_d_img_d18_10496_00000,ch2_tmc_ncf_20211122T1925079181_d_img_d18.img,TMC-2,-47.231057,350.03286,37.079546,,D:\lunar ai\outputs\patches\TMC-2_ch2_tmc_ncf_20211122T1925079181_d_img_d18_10496_00000.png,10496,0,256,256,-47_350,train
TMC-2_ch2_tmc_ncf_20211122T1925079181_d_img_d18_10624_00000,ch2_tmc_ncf_20211122T1925079181_d_img_d18.img,TMC-2,-47.236184,350.03286,37.079546,,D:\lunar ai\outputs\patches\TMC-2_ch2_tmc_ncf_20211122T1925079181_d_img_d18_10624_00000.png,10624,0,256,256,-47_350,train
TMC-2_ch2_tmc_ncf_20211122T1925079181_d_img_d18_10752_00000,ch2_tmc_ncf_20211122T1925079181_d_img_d18.img,TMC-2,-47.241311,350.03286,37.079546,,D:\lunar ai\outputs\patches\TMC-2_ch2_tmc_ncf_20211122T1925079181_d_img_d18_10752_00000.png,10752,0,256,256,-47_350,train
TMC-2_ch2_tmc_ncf_20211122T1925079181_d_img_d18_10880_00000,ch2_tmc_ncf_20211122T1925079181_d_img_d18.img,TMC-2,-47.246438,350.03286,37.079546,,D:\lunar ai\outputs\patches\TMC-2_ch2_tmc_ncf_20211122T1925079181_d_img_d18_10880_00000.png,10880,0,256,256,-47_350,train
TMC-2_ch2_tmc_ncf_20211122T1925079181_d_img_d18_11008_00000,ch2_tmc_ncf_20211122T1925079181_d_img_d18.img,TMC-2,-47.251565,350.03286,37.079546,,D:\lunar ai\outputs\patches\TMC-2_ch2_tmc_ncf_20211122T1925079181_d_img_d18_11008_00000.png,11008,0,256,256,-47_350,train
TMC-2_ch2_tmc_ncf_20211122T1925079181_d_img_d18_11136_00000,ch2_tmc_ncf_20211122T1925079181_d_img_d18.img,TMC-2,-47.256692,350.03286,37.079546,,D:\lunar ai\outputs\patches\TMC-2_ch2_tmc_ncf_20211122T1925079181_d_img_d18_11136_00000.png,11136,0,256,256,-47_350,train
TMC-2_ch2_tmc_ncf_20211122T1925079181_d_img_d18_11264_00000,ch2_tmc_ncf_20211122T1925079181_d_img_d18.img,TMC-2,-47.261819,350.03286,37.079546,,D:\lunar ai\outputs\patches\TMC-2_ch2_tmc_ncf_20211122T1925079181_d_img_d18_11264_00000.png,11264,0,256,256,-47_350,train
TMC-2_ch2_tmc_ncf_20211122T1925079181_d_img_d18_11392_00000,ch2_tmc_ncf_20211122T1925079181_d_img_d18.img,TMC-2,-47.266946,350.03286,37.079546,,D:\lunar ai\outputs\patches\TMC-2_ch2_tmc_ncf_20211122T1925079181_d_img_d18_11392_00000.png,11392,0,256,256,-47_350,train
TMC-2_ch2_tmc_ncf_20211122T1925079181_d_img_d18_11520_00000,ch2_tmc_ncf_20211122T1925079181_d_img_d18.img,TMC-2,-47.272073,350.03286,37.079546,,D:\lunar ai\outputs\patches\TMC-2_ch2_tmc_ncf_20211122T1925079181_d_img_d18_11520_00000.png,11520,0,256,256,-47_350,train
TMC-2_ch2_tmc_ncf_20211122T1925079181_d_img_d18_11648_00000,ch2_tmc_ncf_20211122T1925079181_d_img_d18.img,TMC-2,-47.2772,350.03286,37.079546,,D:\lunar ai\outputs\patches\TMC-2_ch2_tmc_ncf_20211122T1925079181_d_img_d18_11648_00000.png,11648,0,256,256,-47_350,train
TMC-2_ch2_tmc_ncf_20211122T1925079181_d_img_d18_11776_00000,ch2_tmc_ncf_20211122T1925079181_d_img_d18.img,TMC-2,-47.282327,350.03286,37.079546,,D:\lunar ai\outputs\patches\TMC-2_ch2_tmc_ncf_20211122T1925079181_d_img_d18_11776_00000.png,11776,0,256,256,-47_350,train
TMC-2_ch2_tmc_ncf_20211122T1925079181_d_img_d18_11904_00000,ch2_tmc_ncf_20211122T1925079181_d_img_d18.img,TMC-2,-47.287454,350.03286,37.079546,,D:\lunar ai\outputs\patches\TMC-2_ch2_tmc_ncf_20211122T1925079181_d_img_d18_11904_00000.png,11904,0,256,256,-47_350,train
TMC-2_ch2_tmc_ncf_20211122T1925079181_d_img_d18_12032_00000,ch2_tmc_ncf_20211122T1925079181_d_img_d18.img,TMC-2,-47.292581,350.03286,37.079546,,D:\lunar ai\outputs\patches\TMC-2_ch2_tmc_ncf_20211122T1925079181_d_img_d18_12032_00000.png,12032,0,256,256,-47_350,train
TMC-2_ch2_tmc_ncf_20211122T1925079181_d_img_d18_12160_00000,ch2_tmc_ncf_20211122T1925079181_d_img_d18.img,TMC-2,-47.297708,350.03286,37.079546,,D:\lunar ai\outputs\patches\TMC-2_ch2_tmc_ncf_20211122T1925079181_d_img_d18_12160_00000.png,12160,0,256,256,-47_350,train
TMC-2_ch2_tmc_ncf_20211122T1925079181_d_img_d18_12227_00000,ch2_tmc_ncf_20211122T1925079181_d_img_d18.img,TMC-2,-47.300392,350.03286,37.079546,,D:\lunar ai\outputs\patches\TMC-2_ch2_tmc_ncf_20211122T1925079181_d_img_d18_12227_00000.png,12227,0,256,256,-47_350,train
TMC-2_ch2_tmc_ncf_20211122T2123225722_d_img_d18_00000_00000,ch2_tmc_ncf_20211122T2123225722_d_img_d18.img,TMC-2,-46.760658,348.984676,37.147254,,D:\lunar ai\outputs\patches\TMC-2_ch2_tmc_ncf_20211122T2123225722_d_img_d18_00000_00000.png,0,0,256,256,-47_349,train
TMC-2_ch2_tmc_ncf_20211122T2123225722_d_img_d18_00128_00000,ch2_tmc_ncf_20211122T2123225722_d_img_d18.img,TMC-2,-46.765785,348.984676,37.147254,,D:\lunar ai\outputs\patches\TMC-2_ch2_tmc_ncf_20211122T2123225722_d_img_d18_00128_00000.png,128,0,256,256,-47_349,train
TMC-2_ch2_tmc_ncf_20211122T2123225722_d_img_d18_00256_00000,ch2_tmc_ncf_20211122T2123225722_d_img_d18.img,TMC-2,-46.770912,348.984676,37.147254,,D:\lunar ai\outputs\patches\TMC-2_ch2_tmc_ncf_20211122T2123225722_d_img_d18_00256_00000.png,256,0,256,256,-47_349,train
TMC-2_ch2_tmc_ncf_20211122T2123225722_d_img_d18_00384_00000,ch2_tmc_ncf_20211122T2123225722_d_img_d18.img,TMC-2,-46.776039,348.984676,37.147254,,D:\lunar ai\outputs\patches\TMC-2_ch2_tmc_ncf_20211122T2123225722_d_img_d18_00384_00000.png,384,0,256,256,-47_349,train
TMC-2_ch2_tmc_ncf_20211122T2123225722_d_img_d18_00512_00000,ch2_tmc_ncf_20211122T2123225722_d_img_d18.img,TMC-2,-46.781166,348.984676,37.147254,,D:\lunar ai\outputs\patches\TMC-2_ch2_tmc_ncf_20211122T2123225722_d_img_d18_00512_00000.png,512,0,256,256,-47_349,train
TMC-2_ch2_tmc_ncf_20211122T2123225722_d_img_d18_00640_00000,ch2_tmc_ncf_20211122T2123225722_d_img_d18.img,TMC-2,-46.786293,348.984676,37.147254,,D:\lunar ai\outputs\patches\TMC-2_ch2_tmc_ncf_20211122T2123225722_d_img_d18_00640_00000.png,640,0,256,256,-47_349,train
TMC-2_ch2_tmc_ncf_20211122T2123225722_d_img_d18_00768_00000,ch2_tmc_ncf_20211122T2123225722_d_img_d18.img,TMC-2,-46.79142,348.984676,37.147254,,D:\lunar ai\outputs\patches\TMC-2_ch2_tmc_ncf_20211122T2123225722_d_img_d18_00768_00000.png,768,0,256,256,-47_349,train
TMC-2_ch2_tmc_ncf_20211122T2123225722_d_img_d18_00896_00000,ch2_tmc_ncf_20211122T2123225722_d_img_d18.img,TMC-2,-46.796547,348.984676,37.147254,,D:\lunar ai\outputs\patches\TMC-2_ch2_tmc_ncf_20211122T2123225722_d_img_d18_00896_00000.png,896,0,256,256,-47_349,train
TMC-2_ch2_tmc_ncf_20211122T2123225722_d_img_d18_01024_00000,ch2_tmc_ncf_20211122T2123225722_d_img_d18.img,TMC-2,-46.801674,348.984676,37.147254,,D:\lunar ai\outputs\patches\TMC-2_ch2_tmc_ncf_20211122T2123225722_d_img_d18_01024_00000.png,1024,0,256,256,-47_349,train
TMC-2_ch2_tmc_ncf_20211122T2123225722_d_img_d18_01152_00000,ch2_tmc_ncf_20211122T2123225722_d_img_d18.img,TMC-2,-46.806801,348.984676,37.147254,,D:\lunar ai\outputs\patches\TMC-2_ch2_tmc_ncf_20211122T2123225722_d_img_d18_01152_00000.png,1152,0,256,256,-47_349,train
TMC-2_ch2_tmc_ncf_20211122T2123225722_d_img_d18_01280_00000,ch2_tmc_ncf_20211122T2123225722_d_img_d18.img,TMC-2,-46.811928,348.984676,37.147254,,D:\lunar ai\outputs\patches\TMC-2_ch2_tmc_ncf_20211122T2123225722_d_img_d18_01280_00000.png,1280,0,256,256,-47_349,train
TMC-2_ch2_tmc_ncf_20211122T2123225722_d_img_d18_01408_00000,ch2_tmc_ncf_20211122T2123225722_d_img_d18.img,TMC-2,-46.817055,348.984676,37.147254,,D:\lunar ai\outputs\patches\TMC-2_ch2_tmc_ncf_20211122T2123225722_d_img_d18_01408_00000.png,1408,0,256,256,-47_349,train
TMC-2_ch2_tmc_ncf_20211122T2123225722_d_img_d18_01536_00000,ch2_tmc_ncf_20211122T2123225722_d_img_d18.img,TMC-2,-46.822182,348.984676,37.147254,,D:\lunar ai\outputs\patches\TMC-2_ch2_tmc_ncf_20211122T2123225722_d_img_d18_01536_00000.png,1536,0,256,256,-47_349,train
TMC-2_ch2_tmc_ncf_20211122T2123225722_d_img_d18_01664_00000,ch2_tmc_ncf_20211122T2123225722_d_img_d18.img,TMC-2,-46.827309,348.984676,37.147254,,D:\lunar ai\outputs\patches\TMC-2_ch2_tmc_ncf_20211122T2123225722_d_img_d18_01664_00000.png,1664,0,256,256,-47_349,train
TMC-2_ch2_tmc_ncf_20211122T2123225722_d_img_d18_01792_00000,ch2_tmc_ncf_20211122T2123225722_d_img_d18.img,TMC-2,-46.832436,348.984676,37.147254,,D:\lunar ai\outputs\patches\TMC-2_ch2_tmc_ncf_20211122T2123225722_d_img_d18_01792_00000.png,1792,0,256,256,-47_349,train
TMC-2_ch2_tmc_ncf_20211122T2123225722_d_img_d18_01920_00000,ch2_tmc_ncf_20211122T2123225722_d_img_d18.img,TMC-2,-46.837563,348.984676,37.147254,,D:\lunar ai\outputs\patches\TMC-2_ch2_tmc_ncf_20211122T2123225722_d_img_d18_01920_00000.png,1920,0,256,256,-47_349,train
TMC-2_ch2_tmc_ncf_20211122T2123225722_d_img_d18_02048_00000,ch2_tmc_ncf_20211122T2123225722_d_img_d18.img,TMC-2,-46.84269,348.984676,37.147254,,D:\lunar ai\outputs\patches\TMC-2_ch2_tmc_ncf_20211122T2123225722_d_img_d18_02048_00000.png,2048,0,256,256,-47_349,train
TMC-2_ch2_tmc_ncf_20211122T2123225722_d_img_d18_02176_00000,ch2_tmc_ncf_20211122T2123225722_d_img_d18.img,TMC-2,-46.847817,348.984676,37.147254,,D:\lunar ai\outputs\patches\TMC-2_ch2_tmc_ncf_20211122T2123225722_d_img_d18_02176_00000.png,2176,0,256,256,-47_349,train
TMC-2_ch2_tmc_ncf_20211122T2123225722_d_img_d18_02304_00000,ch2_tmc_ncf_20211122T2123225722_d_img_d18.img,TMC-2,-46.852944,348.984676,37.147254,,D:\lunar ai\outputs\patches\TMC-2_ch2_tmc_ncf_20211122T2123225722_d_img_d18_02304_00000.png,2304,0,256,256,-47_349,train
TMC-2_ch2_tmc_ncf_20211122T2123225722_d_img_d18_02432_00000,ch2_tmc_ncf_20211122T2123225722_d_img_d18.img,TMC-2,-46.858071,348.984676,37.147254,,D:\lunar ai\outputs\patches\TMC-2_ch2_tmc_ncf_20211122T2123225722_d_img_d18_02432_00000.png,2432,0,256,256,-47_349,train
TMC-2_ch2_tmc_ncf_20211122T2123225722_d_img_d18_02560_00000,ch2_tmc_ncf_20211122T2123225722_d_img_d18.img,TMC-2,-46.863198,348.984676,37.147254,,D:\lunar ai\outputs\patches\TMC-2_ch2_tmc_ncf_20211122T2123225722_d_img_d18_02560_00000.png,2560,0,256,256,-47_349,train
TMC-2_ch2_tmc_ncf_20211122T2123225722_d_img_d18_02688_00000,ch2_tmc_ncf_20211122T2123225722_d_img_d18.img,TMC-2,-46.868325,348.984676,37.147254,,D:\lunar ai\outputs\patches\TMC-2_ch2_tmc_ncf_20211122T2123225722_d_img_d18_02688_00000.png,2688,0,256,256,-47_349,train
TMC-2_ch2_tmc_ncf_20211122T2123225722_d_img_d18_02816_00000,ch2_tmc_ncf_20211122T2123225722_d_img_d18.img,TMC-2,-46.873452,348.984676,37.147254,,D:\lunar ai\outputs\patches\TMC-2_ch2_tmc_ncf_20211122T2123225722_d_img_d18_02816_00000.png,2816,0,256,256,-47_349,train
TMC-2_ch2_tmc_ncf_20211122T2123225722_d_img_d18_02944_00000,ch2_tmc_ncf_20211122T2123225722_d_img_d18.img,TMC-2,-46.878579,348.984676,37.147254,,D:\lunar ai\outputs\patches\TMC-2_ch2_tmc_ncf_20211122T2123225722_d_img_d18_02944_00000.png,2944,0,256,256,-47_349,train
TMC-2_ch2_tmc_ncf_20211122T2123225722_d_img_d18_03072_00000,ch2_tmc_ncf_20211122T2123225722_d_img_d18.img,TMC-2,-46.883706,348.984676,37.147254,,D:\lunar ai\outputs\patches\TMC-2_ch2_tmc_ncf_20211122T2123225722_d_img_d18_03072_00000.png,3072,0,256,256,-47_349,train
TMC-2_ch2_tmc_ncf_20211122T2123225722_d_img_d18_03200_00000,ch2_tmc_ncf_20211122T2123225722_d_img_d18.img,TMC-2,-46.888833,348.984676,37.147254,,D:\lunar ai\outputs\patches\TMC-2_ch2_tmc_ncf_20211122T2123225722_d_img_d18_03200_00000.png,3200,0,256,256,-47_349,train
TMC-2_ch2_tmc_ncf_20211122T2123225722_d_img_d18_03328_00000,ch2_tmc_ncf_20211122T2123225722_d_img_d18.img,TMC-2,-46.89396,348.984676,37.147254,,D:\lunar ai\outputs\patches\TMC-2_ch2_tmc_ncf_20211122T2123225722_d_img_d18_03328_00000.png,3328,0,256,256,-47_349,train
TMC-2_ch2_tmc_ncf_20211122T2123225722_d_img_d18_03456_00000,ch2_tmc_ncf_20211122T2123225722_d_img_d18.img,TMC-2,-46.899086,348.984676,37.147254,,D:\lunar ai\outputs\patches\TMC-2_ch2_tmc_ncf_20211122T2123225722_d_img_d18_03456_00000.png,3456,0,256,256,-47_349,train
TMC-2_ch2_tmc_ncf_20211122T2123225722_d_img_d18_03584_00000,ch2_tmc_ncf_20211122T2123225722_d_img_d18.img,TMC-2,-46.904213,348.984676,37.147254,,D:\lunar ai\outputs\patches\TMC-2_ch2_tmc_ncf_20211122T2123225722_d_img_d18_03584_00000.png,3584,0,256,256,-47_349,train
TMC-2_ch2_tmc_ncf_20211122T2123225722_d_img_d18_03712_00000,ch2_tmc_ncf_20211122T2123225722_d_img_d18.img,TMC-2,-46.90934,348.984676,37.147254,,D:\lunar ai\outputs\patches\TMC-2_ch2_tmc_ncf_20211122T2123225722_d_img_d18_03712_00000.png,3712,0,256,256,-47_349,train
TMC-2_ch2_tmc_ncf_20211122T2123225722_d_img_d18_03840_00000,ch2_tmc_ncf_20211122T2123225722_d_img_d18.img,TMC-2,-46.914467,348.984676,37.147254,,D:\lunar ai\outputs\patches\TMC-2_ch2_tmc_ncf_20211122T2123225722_d_img_d18_03840_00000.png,3840,0,256,256,-47_349,train
TMC-2_ch2_tmc_ncf_20211122T2123225722_d_img_d18_03968_00000,ch2_tmc_ncf_20211122T2123225722_d_img_d18.img,TMC-2,-46.919594,348.984676,37.147254,,D:\lunar ai\outputs\patches\TMC-2_ch2_tmc_ncf_20211122T2123225722_d_img_d18_03968_00000.png,3968,0,256,256,-47_349,train
TMC-2_ch2_tmc_ncf_20211122T2123225722_d_img_d18_04096_00000,ch2_tmc_ncf_20211122T2123225722_d_img_d18.img,TMC-2,-46.924721,348.984676,37.147254,,D:\lunar ai\outputs\patches\TMC-2_ch2_tmc_ncf_20211122T2123225722_d_img_d18_04096_00000.png,4096,0,256,256,-47_349,train
TMC-2_ch2_tmc_ncf_20211122T2123225722_d_img_d18_04224_00000,ch2_tmc_ncf_20211122T2123225722_d_img_d18.img,TMC-2,-46.929848,348.984676,37.147254,,D:\lunar ai\outputs\patches\TMC-2_ch2_tmc_ncf_20211122T2123225722_d_img_d18_04224_00000.png,4224,0,256,256,-47_349,train
TMC-2_ch2_tmc_ncf_20211122T2123225722_d_img_d18_04352_00000,ch2_tmc_ncf_20211122T2123225722_d_img_d18.img,TMC-2,-46.934975,348.984676,37.147254,,D:\lunar ai\outputs\patches\TMC-2_ch2_tmc_ncf_20211122T2123225722_d_img_d18_04352_00000.png,4352,0,256,256,-47_349,train
TMC-2_ch2_tmc_ncf_20211122T2123225722_d_img_d18_04480_00000,ch2_tmc_ncf_20211122T2123225722_d_img_d18.img,TMC-2,-46.940102,348.984676,37.147254,,D:\lunar ai\outputs\patches\TMC-2_ch2_tmc_ncf_20211122T2123225722_d_img_d18_04480_00000.png,4480,0,256,256,-47_349,train
TMC-2_ch2_tmc_ncf_20211122T2123225722_d_img_d18_04608_00000,ch2_tmc_ncf_20211122T2123225722_d_img_d18.img,TMC-2,-46.945229,348.984676,37.147254,,D:\lunar ai\outputs\patches\TMC-2_ch2_tmc_ncf_20211122T2123225722_d_img_d18_04608_00000.png,4608,0,256,256,-47_349,train
TMC-2_ch2_tmc_ncf_20211122T2123225722_d_img_d18_04736_00000,ch2_tmc_ncf_20211122T2123225722_d_img_d18.img,TMC-2,-46.950356,348.984676,37.147254,,D:\lunar ai\outputs\patches\TMC-2_ch2_tmc_ncf_20211122T2123225722_d_img_d18_04736_00000.png,4736,0,256,256,-47_349,train
TMC-2_ch2_tmc_ncf_20211122T2123225722_d_img_d18_04864_00000,ch2_tmc_ncf_20211122T2123225722_d_img_d18.img,TMC-2,-46.955483,348.984676,37.147254,,D:\lunar ai\outputs\patches\TMC-2_ch2_tmc_ncf_20211122T2123225722_d_img_d18_04864_00000.png,4864,0,256,256,-47_349,train
TMC-2_ch2_tmc_ncf_20211122T2123225722_d_img_d18_04992_00000,ch2_tmc_ncf_20211122T2123225722_d_img_d18.img,TMC-2,-46.96061,348.984676,37.147254,,D:\lunar ai\outputs\patches\TMC-2_ch2_tmc_ncf_20211122T2123225722_d_img_d18_04992_00000.png,4992,0,256,256,-47_349,train
TMC-2_ch2_tmc_ncf_20211122T2123225722_d_img_d18_05120_00000,ch2_tmc_ncf_20211122T2123225722_d_img_d18.img,TMC-2,-46.965737,348.984676,37.147254,,D:\lunar ai\outputs\patches\TMC-2_ch2_tmc_ncf_20211122T2123225722_d_img_d18_05120_00000.png,5120,0,256,256,-47_349,train
TMC-2_ch2_tmc_ncf_20211122T2123225722_d_img_d18_05248_00000,ch2_tmc_ncf_20211122T2123225722_d_img_d18.img,TMC-2,-46.970864,348.984676,37.147254,,D:\lunar ai\outputs\patches\TMC-2_ch2_tmc_ncf_20211122T2123225722_d_img_d18_05248_00000.png,5248,0,256,256,-47_349,train
TMC-2_ch2_tmc_ncf_20211122T2123225722_d_img_d18_05376_00000,ch2_tmc_ncf_20211122T2123225722_d_img_d18.img,TMC-2,-46.975991,348.984676,37.147254,,D:\lunar ai\outputs\patches\TMC-2_ch2_tmc_ncf_20211122T2123225722_d_img_d18_05376_00000.png,5376,0,256,256,-47_349,train
TMC-2_ch2_tmc_ncf_20211122T2123225722_d_img_d18_05504_00000,ch2_tmc_ncf_20211122T2123225722_d_img_d18.img,TMC-2,-46.981118,348.984676,37.147254,,D:\lunar ai\outputs\patches\TMC-2_ch2_tmc_ncf_20211122T2123225722_d_img_d18_05504_00000.png,5504,0,256,256,-47_349,train
TMC-2_ch2_tmc_ncf_20211122T2123225722_d_img_d18_05632_00000,ch2_tmc_ncf_20211122T2123225722_d_img_d18.img,TMC-2,-46.986245,348.984676,37.147254,,D:\lunar ai\outputs\patches\TMC-2_ch2_tmc_ncf_20211122T2123225722_d_img_d18_05632_00000.png,5632,0,256,256,-47_349,train
TMC-2_ch2_tmc_ncf_20211122T2123225722_d_img_d18_05760_00000,ch2_tmc_ncf_20211122T2123225722_d_img_d18.img,TMC-2,-46.991372,348.984676,37.147254,,D:\lunar ai\outputs\patches\TMC-2_ch2_tmc_ncf_20211122T2123225722_d_img_d18_05760_00000.png,5760,0,256,256,-47_349,train
TMC-2_ch2_tmc_ncf_20211122T2123225722_d_img_d18_05888_00000,ch2_tmc_ncf_20211122T2123225722_d_img_d18.img,TMC-2,-46.996499,348.984676,37.147254,,D:\lunar ai\outputs\patches\TMC-2_ch2_tmc_ncf_20211122T2123225722_d_img_d18_05888_00000.png,5888,0,256,256,-47_349,train
TMC-2_ch2_tmc_ncf_20211122T2123225722_d_img_d18_06016_00000,ch2_tmc_ncf_20211122T2123225722_d_img_d18.img,TMC-2,-47.001626,348.984676,37.147254,,D:\lunar ai\outputs\patches\TMC-2_ch2_tmc_ncf_20211122T2123225722_d_img_d18_06016_00000.png,6016,0,256,256,-47_349,train
TMC-2_ch2_tmc_ncf_20211122T2123225722_d_img_d18_06144_00000,ch2_tmc_ncf_20211122T2123225722_d_img_d18.img,TMC-2,-47.006753,348.984676,37.147254,,D:\lunar ai\outputs\patches\TMC-2_ch2_tmc_ncf_20211122T2123225722_d_img_d18_06144_00000.png,6144,0,256,256,-47_349,train
TMC-2_ch2_tmc_ncf_20211122T2123225722_d_img_d18_06272_00000,ch2_tmc_ncf_20211122T2123225722_d_img_d18.img,TMC-2,-47.01188,348.984676,37.147254,,D:\lunar ai\outputs\patches\TMC-2_ch2_tmc_ncf_20211122T2123225722_d_img_d18_06272_00000.png,6272,0,256,256,-47_349,train
TMC-2_ch2_tmc_ncf_20211122T2123225722_d_img_d18_06400_00000,ch2_tmc_ncf_20211122T2123225722_d_img_d18.img,TMC-2,-47.017007,348.984676,37.147254,,D:\lunar ai\outputs\patches\TMC-2_ch2_tmc_ncf_20211122T2123225722_d_img_d18_06400_00000.png,6400,0,256,256,-47_349,train
TMC-2_ch2_tmc_ncf_20211122T2123225722_d_img_d18_06528_00000,ch2_tmc_ncf_20211122T2123225722_d_img_d18.img,TMC-2,-47.022134,348.984676,37.147254,,D:\lunar ai\outputs\patches\TMC-2_ch2_tmc_ncf_20211122T2123225722_d_img_d18_06528_00000.png,6528,0,256,256,-47_349,train
TMC-2_ch2_tmc_ncf_20211122T2123225722_d_img_d18_06656_00000,ch2_tmc_ncf_20211122T2123225722_d_img_d18.img,TMC-2,-47.027261,348.984676,37.147254,,D:\lunar ai\outputs\patches\TMC-2_ch2_tmc_ncf_20211122T2123225722_d_img_d18_06656_00000.png,6656,0,256,256,-47_349,train
TMC-2_ch2_tmc_ncf_20211122T2123225722_d_img_d18_06784_00000,ch2_tmc_ncf_20211122T2123225722_d_img_d18.img,TMC-2,-47.032388,348.984676,37.147254,,D:\lunar ai\outputs\patches\TMC-2_ch2_tmc_ncf_20211122T2123225722_d_img_d18_06784_00000.png,6784,0,256,256,-47_349,train
TMC-2_ch2_tmc_ncf_20211122T2123225722_d_img_d18_06912_00000,ch2_tmc_ncf_20211122T2123225722_d_img_d18.img,TMC-2,-47.037515,348.984676,37.147254,,D:\lunar ai\outputs\patches\TMC-2_ch2_tmc_ncf_20211122T2123225722_d_img_d18_06912_00000.png,6912,0,256,256,-47_349,train
TMC-2_ch2_tmc_ncf_20211122T2123225722_d_img_d18_07040_00000,ch2_tmc_ncf_20211122T2123225722_d_img_d18.img,TMC-2,-47.042642,348.984676,37.147254,,D:\lunar ai\outputs\patches\TMC-2_ch2_tmc_ncf_20211122T2123225722_d_img_d18_07040_00000.png,7040,0,256,256,-47_349,train
TMC-2_ch2_tmc_ncf_20211122T2123225722_d_img_d18_07168_00000,ch2_tmc_ncf_20211122T2123225722_d_img_d18.img,TMC-2,-47.047769,348.984676,37.147254,,D:\lunar ai\outputs\patches\TMC-2_ch2_tmc_ncf_20211122T2123225722_d_img_d18_07168_00000.png,7168,0,256,256,-47_349,train
TMC-2_ch2_tmc_ncf_20211122T2123225722_d_img_d18_07296_00000,ch2_tmc_ncf_20211122T2123225722_d_img_d18.img,TMC-2,-47.052896,348.984676,37.147254,,D:\lunar ai\outputs\patches\TMC-2_ch2_tmc_ncf_20211122T2123225722_d_img_d18_07296_00000.png,7296,0,256,256,-47_349,train
TMC-2_ch2_tmc_ncf_20211122T2123225722_d_img_d18_07424_00000,ch2_tmc_ncf_20211122T2123225722_d_img_d18.img,TMC-2,-47.058023,348.984676,37.147254,,D:\lunar ai\outputs\patches\TMC-2_ch2_tmc_ncf_20211122T2123225722_d_img_d18_07424_00000.png,7424,0,256,256,-47_349,train
TMC-2_ch2_tmc_ncf_20211122T2123225722_d_img_d18_07552_00000,ch2_tmc_ncf_20211122T2123225722_d_img_d18.img,TMC-2,-47.06315,348.984676,37.147254,,D:\lunar ai\outputs\patches\TMC-2_ch2_tmc_ncf_20211122T2123225722_d_img_d18_07552_00000.png,7552,0,256,256,-47_349,train
TMC-2_ch2_tmc_ncf_20211122T2123225722_d_img_d18_07680_00000,ch2_tmc_ncf_20211122T2123225722_d_img_d18.img,TMC-2,-47.068277,348.984676,37.147254,,D:\lunar ai\outputs\patches\TMC-2_ch2_tmc_ncf_20211122T2123225722_d_img_d18_07680_00000.png,7680,0,256,256,-47_349,train
TMC-2_ch2_tmc_ncf_20211122T2123225722_d_img_d18_07808_00000,ch2_tmc_ncf_20211122T2123225722_d_img_d18.img,TMC-2,-47.073404,348.984676,37.147254,,D:\lunar ai\outputs\patches\TMC-2_ch2_tmc_ncf_20211122T2123225722_d_img_d18_07808_00000.png,7808,0,256,256,-47_349,train
TMC-2_ch2_tmc_ncf_20211122T2123225722_d_img_d18_07936_00000,ch2_tmc_ncf_20211122T2123225722_d_img_d18.img,TMC-2,-47.078531,348.984676,37.147254,,D:\lunar ai\outputs\patches\TMC-2_ch2_tmc_ncf_20211122T2123225722_d_img_d18_07936_00000.png,7936,0,256,256,-47_349,train
TMC-2_ch2_tmc_ncf_20211122T2123225722_d_img_d18_08064_00000,ch2_tmc_ncf_20211122T2123225722_d_img_d18.img,TMC-2,-47.083658,348.984676,37.147254,,D:\lunar ai\outputs\patches\TMC-2_ch2_tmc_ncf_20211122T2123225722_d_img_d18_08064_00000.png,8064,0,256,256,-47_349,train
TMC-2_ch2_tmc_ncf_20211122T2123225722_d_img_d18_08192_00000,ch2_tmc_ncf_20211122T2123225722_d_img_d18.img,TMC-2,-47.088784,348.984676,37.147254,,D:\lunar ai\outputs\patches\TMC-2_ch2_tmc_ncf_20211122T2123225722_d_img_d18_08192_00000.png,8192,0,256,256,-47_349,train
TMC-2_ch2_tmc_ncf_20211122T2123225722_d_img_d18_08320_00000,ch2_tmc_ncf_20211122T2123225722_d_img_d18.img,TMC-2,-47.093911,348.984676,37.147254,,D:\lunar ai\outputs\patches\TMC-2_ch2_tmc_ncf_20211122T2123225722_d_img_d18_08320_00000.png,8320,0,256,256,-47_349,train
TMC-2_ch2_tmc_ncf_20211122T2123225722_d_img_d18_08448_00000,ch2_tmc_ncf_20211122T2123225722_d_img_d18.img,TMC-2,-47.099038,348.984676,37.147254,,D:\lunar ai\outputs\patches\TMC-2_ch2_tmc_ncf_20211122T2123225722_d_img_d18_08448_00000.png,8448,0,256,256,-47_349,train
TMC-2_ch2_tmc_ncf_20211122T2123225722_d_img_d18_08576_00000,ch2_tmc_ncf_20211122T2123225722_d_img_d18.img,TMC-2,-47.104165,348.984676,37.147254,,D:\lunar ai\outputs\patches\TMC-2_ch2_tmc_ncf_20211122T2123225722_d_img_d18_08576_00000.png,8576,0,256,256,-47_349,train
TMC-2_ch2_tmc_ncf_20211122T2123225722_d_img_d18_08704_00000,ch2_tmc_ncf_20211122T2123225722_d_img_d18.img,TMC-2,-47.109292,348.984676,37.147254,,D:\lunar ai\outputs\patches\TMC-2_ch2_tmc_ncf_20211122T2123225722_d_img_d18_08704_00000.png,8704,0,256,256,-47_349,train
TMC-2_ch2_tmc_ncf_20211122T2123225722_d_img_d18_08832_00000,ch2_tmc_ncf_20211122T2123225722_d_img_d18.img,TMC-2,-47.114419,348.984676,37.147254,,D:\lunar ai\outputs\patches\TMC-2_ch2_tmc_ncf_20211122T2123225722_d_img_d18_08832_00000.png,8832,0,256,256,-47_349,train
TMC-2_ch2_tmc_ncf_20211122T2123225722_d_img_d18_08960_00000,ch2_tmc_ncf_20211122T2123225722_d_img_d18.img,TMC-2,-47.119546,348.984676,37.147254,,D:\lunar ai\outputs\patches\TMC-2_ch2_tmc_ncf_20211122T2123225722_d_img_d18_08960_00000.png,8960,0,256,256,-47_349,train
TMC-2_ch2_tmc_ncf_20211122T2123225722_d_img_d18_09088_00000,ch2_tmc_ncf_20211122T2123225722_d_img_d18.img,TMC-2,-47.124673,348.984676,37.147254,,D:\lunar ai\outputs\patches\TMC-2_ch2_tmc_ncf_20211122T2123225722_d_img_d18_09088_00000.png,9088,0,256,256,-47_349,train
TMC-2_ch2_tmc_ncf_20211122T2123225722_d_img_d18_09216_00000,ch2_tmc_ncf_20211122T2123225722_d_img_d18.img,TMC-2,-47.1298,348.984676,37.147254,,D:\lunar ai\outputs\patches\TMC-2_ch2_tmc_ncf_20211122T2123225722_d_img_d18_09216_00000.png,9216,0,256,256,-47_349,train
TMC-2_ch2_tmc_ncf_20211122T2123225722_d_img_d18_09344_00000,ch2_tmc_ncf_20211122T2123225722_d_img_d18.img,TMC-2,-47.134927,348.984676,37.147254,,D:\lunar ai\outputs\patches\TMC-2_ch2_tmc_ncf_20211122T2123225722_d_img_d18_09344_00000.png,9344,0,256,256,-47_349,train
TMC-2_ch2_tmc_ncf_20211122T2123225722_d_img_d18_09472_00000,ch2_tmc_ncf_20211122T2123225722_d_img_d18.img,TMC-2,-47.140054,348.984676,37.147254,,D:\lunar ai\outputs\patches\TMC-2_ch2_tmc_ncf_20211122T2123225722_d_img_d18_09472_00000.png,9472,0,256,256,-47_349,train
TMC-2_ch2_tmc_ncf_20211122T2123225722_d_img_d18_09600_00000,ch2_tmc_ncf_20211122T2123225722_d_img_d18.img,TMC-2,-47.145181,348.984676,37.147254,,D:\lunar ai\outputs\patches\TMC-2_ch2_tmc_ncf_20211122T2123225722_d_img_d18_09600_00000.png,9600,0,256,256,-47_349,train
TMC-2_ch2_tmc_ncf_20211122T2123225722_d_img_d18_09728_00000,ch2_tmc_ncf_20211122T2123225722_d_img_d18.img,TMC-2,-47.150308,348.984676,37.147254,,D:\lunar ai\outputs\patches\TMC-2_ch2_tmc_ncf_20211122T2123225722_d_img_d18_09728_00000.png,9728,0,256,256,-47_349,train
TMC-2_ch2_tmc_ncf_20211122T2123225722_d_img_d18_09856_00000,ch2_tmc_ncf_20211122T2123225722_d_img_d18.img,TMC-2,-47.155435,348.984676,37.147254,,D:\lunar ai\outputs\patches\TMC-2_ch2_tmc_ncf_20211122T2123225722_d_img_d18_09856_00000.png,9856,0,256,256,-47_349,train
TMC-2_ch2_tmc_ncf_20211122T2123225722_d_img_d18_09984_00000,ch2_tmc_ncf_20211122T2123225722_d_img_d18.img,TMC-2,-47.160562,348.984676,37.147254,,D:\lunar ai\outputs\patches\TMC-2_ch2_tmc_ncf_20211122T2123225722_d_img_d18_09984_00000.png,9984,0,256,256,-47_349,train
TMC-2_ch2_tmc_ncf_20211122T2123225722_d_img_d18_10112_00000,ch2_tmc_ncf_20211122T2123225722_d_img_d18.img,TMC-2,-47.165689,348.984676,37.147254,,D:\lunar ai\outputs\patches\TMC-2_ch2_tmc_ncf_20211122T2123225722_d_img_d18_10112_00000.png,10112,0,256,256,-47_349,train
TMC-2_ch2_tmc_ncf_20211122T2123225722_d_img_d18_10240_00000,ch2_tmc_ncf_20211122T2123225722_d_img_d18.img,TMC-2,-47.170816,348.984676,37.147254,,D:\lunar ai\outputs\patches\TMC-2_ch2_tmc_ncf_20211122T2123225722_d_img_d18_10240_00000.png,10240,0,256,256,-47_349,train
TMC-2_ch2_tmc_ncf_20211122T2123225722_d_img_d18_10368_00000,ch2_tmc_ncf_20211122T2123225722_d_img_d18.img,TMC-2,-47.175943,348.984676,37.147254,,D:\lunar ai\outputs\patches\TMC-2_ch2_tmc_ncf_20211122T2123225722_d_img_d18_10368_00000.png,10368,0,256,256,-47_349,train
TMC-2_ch2_tmc_ncf_20211122T2123225722_d_img_d18_10496_00000,ch2_tmc_ncf_20211122T2123225722_d_img_d18.img,TMC-2,-47.18107,348.984676,37.147254,,D:\lunar ai\outputs\patches\TMC-2_ch2_tmc_ncf_20211122T2123225722_d_img_d18_10496_00000.png,10496,0,256,256,-47_349,train
TMC-2_ch2_tmc_ncf_20211122T2123225722_d_img_d18_10624_00000,ch2_tmc_ncf_20211122T2123225722_d_img_d18.img,TMC-2,-47.186197,348.984676,37.147254,,D:\lunar ai\outputs\patches\TMC-2_ch2_tmc_ncf_20211122T2123225722_d_img_d18_10624_00000.png,10624,0,256,256,-47_349,train
TMC-2_ch2_tmc_ncf_20211122T2123225722_d_img_d18_10752_00000,ch2_tmc_ncf_20211122T2123225722_d_img_d18.img,TMC-2,-47.191324,348.984676,37.147254,,D:\lunar ai\outputs\patches\TMC-2_ch2_tmc_ncf_20211122T2123225722_d_img_d18_10752_00000.png,10752,0,256,256,-47_349,train
TMC-2_ch2_tmc_ncf_20211122T2123225722_d_img_d18_10880_00000,ch2_tmc_ncf_20211122T2123225722_d_img_d18.img,TMC-2,-47.196451,348.984676,37.147254,,D:\lunar ai\outputs\patches\TMC-2_ch2_tmc_ncf_20211122T2123225722_d_img_d18_10880_00000.png,10880,0,256,256,-47_349,train
TMC-2_ch2_tmc_ncf_20211122T2123225722_d_img_d18_11008_00000,ch2_tmc_ncf_20211122T2123225722_d_img_d18.img,TMC-2,-47.201578,348.984676,37.147254,,D:\lunar ai\outputs\patches\TMC-2_ch2_tmc_ncf_20211122T2123225722_d_img_d18_11008_00000.png,11008,0,256,256,-47_349,train
TMC-2_ch2_tmc_ncf_20211122T2123225722_d_img_d18_11136_00000,ch2_tmc_ncf_20211122T2123225722_d_img_d18.img,TMC-2,-47.206705,348.984676,37.147254,,D:\lunar ai\outputs\patches\TMC-2_ch2_tmc_ncf_20211122T2123225722_d_img_d18_11136_00000.png,11136,0,256,256,-47_349,train
TMC-2_ch2_tmc_ncf_20211122T2123225722_d_img_d18_11264_00000,ch2_tmc_ncf_20211122T2123225722_d_img_d18.img,TMC-2,-47.211832,348.984676,37.147254,,D:\lunar ai\outputs\patches\TMC-2_ch2_tmc_ncf_20211122T2123225722_d_img_d18_11264_00000.png,11264,0,256,256,-47_349,train
TMC-2_ch2_tmc_ncf_20211122T2123225722_d_img_d18_11392_00000,ch2_tmc_ncf_20211122T2123225722_d_img_d18.img,TMC-2,-47.216959,348.984676,37.147254,,D:\lunar ai\outputs\patches\TMC-2_ch2_tmc_ncf_20211122T2123225722_d_img_d18_11392_00000.png,11392,0,256,256,-47_349,train
TMC-2_ch2_tmc_ncf_20211122T2123225722_d_img_d18_11520_00000,ch2_tmc_ncf_20211122T2123225722_d_img_d18.img,TMC-2,-47.222086,348.984676,37.147254,,D:\lunar ai\outputs\patches\TMC-2_ch2_tmc_ncf_20211122T2123225722_d_img_d18_11520_00000.png,11520,0,256,256,-47_349,train
TMC-2_ch2_tmc_ncf_20211122T2123225722_d_img_d18_11648_00000,ch2_tmc_ncf_20211122T2123225722_d_img_d18.img,TMC-2,-47.227213,348.984676,37.147254,,D:\lunar ai\outputs\patches\TMC-2_ch2_tmc_ncf_20211122T2123225722_d_img_d18_11648_00000.png,11648,0,256,256,-47_349,train
TMC-2_ch2_tmc_ncf_20211122T2123225722_d_img_d18_11776_00000,ch2_tmc_ncf_20211122T2123225722_d_img_d18.img,TMC-2,-47.23234,348.984676,37.147254,,D:\lunar ai\outputs\patches\TMC-2_ch2_tmc_ncf_20211122T2123225722_d_img_d18_11776_00000.png,11776,0,256,256,-47_349,train
TMC-2_ch2_tmc_ncf_20211122T2123225722_d_img_d18_11904_00000,ch2_tmc_ncf_20211122T2123225722_d_img_d18.img,TMC-2,-47.237467,348.984676,37.147254,,D:\lunar ai\outputs\patches\TMC-2_ch2_tmc_ncf_20211122T2123225722_d_img_d18_11904_00000.png,11904,0,256,256,-47_349,train
TMC-2_ch2_tmc_ncf_20211122T2123225722_d_img_d18_12032_00000,ch2_tmc_ncf_20211122T2123225722_d_img_d18.img,TMC-2,-47.242594,348.984676,37.147254,,D:\lunar ai\outputs\patches\TMC-2_ch2_tmc_ncf_20211122T2123225722_d_img_d18_12032_00000.png,12032,0,256,256,-47_349,train
TMC-2_ch2_tmc_ncf_20211122T2123225722_d_img_d18_12160_00000,ch2_tmc_ncf_20211122T2123225722_d_img_d18.img,TMC-2,-47.247721,348.984676,37.147254,,D:\lunar ai\outputs\patches\TMC-2_ch2_tmc_ncf_20211122T2123225722_d_img_d18_12160_00000.png,12160,0,256,256,-47_349,train
TMC-2_ch2_tmc_ncf_20211122T2123225722_d_img_d18_12227_00000,ch2_tmc_ncf_20211122T2123225722_d_img_d18.img,TMC-2,-47.250404,348.984676,37.147254,,D:\lunar ai\outputs\patches\TMC-2_ch2_tmc_ncf_20211122T2123225722_d_img_d18_12227_00000.png,12227,0,256,256,-47_349,train
TMC-2_ch2_tmc_ncf_20211122T2321361810_d_img_d18_00000_00000,ch2_tmc_ncf_20211122T2321361810_d_img_d18.img,TMC-2,-46.758137,347.935328,37.195578,,D:\lunar ai\outputs\patches\TMC-2_ch2_tmc_ncf_20211122T2321361810_d_img_d18_00000_00000.png,0,0,256,256,-47_348,train
TMC-2_ch2_tmc_ncf_20211122T2321361810_d_img_d18_00128_00000,ch2_tmc_ncf_20211122T2321361810_d_img_d18.img,TMC-2,-46.763264,347.935328,37.195578,,D:\lunar ai\outputs\patches\TMC-2_ch2_tmc_ncf_20211122T2321361810_d_img_d18_00128_00000.png,128,0,256,256,-47_348,train
TMC-2_ch2_tmc_ncf_20211122T2321361810_d_img_d18_00256_00000,ch2_tmc_ncf_20211122T2321361810_d_img_d18.img,TMC-2,-46.768391,347.935328,37.195578,,D:\lunar ai\outputs\patches\TMC-2_ch2_tmc_ncf_20211122T2321361810_d_img_d18_00256_00000.png,256,0,256,256,-47_348,train
TMC-2_ch2_tmc_ncf_20211122T2321361810_d_img_d18_00384_00000,ch2_tmc_ncf_20211122T2321361810_d_img_d18.img,TMC-2,-46.773518,347.935328,37.195578,,D:\lunar ai\outputs\patches\TMC-2_ch2_tmc_ncf_20211122T2321361810_d_img_d18_00384_00000.png,384,0,256,256,-47_348,train
TMC-2_ch2_tmc_ncf_20211122T2321361810_d_img_d18_00512_00000,ch2_tmc_ncf_20211122T2321361810_d_img_d18.img,TMC-2,-46.778645,347.935328,37.195578,,D:\lunar ai\outputs\patches\TMC-2_ch2_tmc_ncf_20211122T2321361810_d_img_d18_00512_00000.png,512,0,256,256,-47_348,train
TMC-2_ch2_tmc_ncf_20211122T2321361810_d_img_d18_00640_00000,ch2_tmc_ncf_20211122T2321361810_d_img_d18.img,TMC-2,-46.783772,347.935328,37.195578,,D:\lunar ai\outputs\patches\TMC-2_ch2_tmc_ncf_20211122T2321361810_d_img_d18_00640_00000.png,640,0,256,256,-47_348,train
TMC-2_ch2_tmc_ncf_20211122T2321361810_d_img_d18_00768_00000,ch2_tmc_ncf_20211122T2321361810_d_img_d18.img,TMC-2,-46.788899,347.935328,37.195578,,D:\lunar ai\outputs\patches\TMC-2_ch2_tmc_ncf_20211122T2321361810_d_img_d18_00768_00000.png,768,0,256,256,-47_348,train
TMC-2_ch2_tmc_ncf_20211122T2321361810_d_img_d18_00896_00000,ch2_tmc_ncf_20211122T2321361810_d_img_d18.img,TMC-2,-46.794026,347.935328,37.195578,,D:\lunar ai\outputs\patches\TMC-2_ch2_tmc_ncf_20211122T2321361810_d_img_d18_00896_00000.png,896,0,256,256,-47_348,train
TMC-2_ch2_tmc_ncf_20211122T2321361810_d_img_d18_01024_00000,ch2_tmc_ncf_20211122T2321361810_d_img_d18.img,TMC-2,-46.799153,347.935328,37.195578,,D:\lunar ai\outputs\patches\TMC-2_ch2_tmc_ncf_20211122T2321361810_d_img_d18_01024_00000.png,1024,0,256,256,-47_348,train
TMC-2_ch2_tmc_ncf_20211122T2321361810_d_img_d18_01152_00000,ch2_tmc_ncf_20211122T2321361810_d_img_d18.img,TMC-2,-46.80428,347.935328,37.195578,,D:\lunar ai\outputs\patches\TMC-2_ch2_tmc_ncf_20211122T2321361810_d_img_d18_01152_00000.png,1152,0,256,256,-47_348,train
TMC-2_ch2_tmc_ncf_20211122T2321361810_d_img_d18_01280_00000,ch2_tmc_ncf_20211122T2321361810_d_img_d18.img,TMC-2,-46.809407,347.935328,37.195578,,D:\lunar ai\outputs\patches\TMC-2_ch2_tmc_ncf_20211122T2321361810_d_img_d18_01280_00000.png,1280,0,256,256,-47_348,train
TMC-2_ch2_tmc_ncf_20211122T2321361810_d_img_d18_01408_00000,ch2_tmc_ncf_20211122T2321361810_d_img_d18.img,TMC-2,-46.814534,347.935328,37.195578,,D:\lunar ai\outputs\patches\TMC-2_ch2_tmc_ncf_20211122T2321361810_d_img_d18_01408_00000.png,1408,0,256,256,-47_348,train
TMC-2_ch2_tmc_ncf_20211122T2321361810_d_img_d18_01536_00000,ch2_tmc_ncf_20211122T2321361810_d_img_d18.img,TMC-2,-46.819661,347.935328,37.195578,,D:\lunar ai\outputs\patches\TMC-2_ch2_tmc_ncf_20211122T2321361810_d_img_d18_01536_00000.png,1536,0,256,256,-47_348,train
TMC-2_ch2_tmc_ncf_20211122T2321361810_d_img_d18_01664_00000,ch2_tmc_ncf_20211122T2321361810_d_img_d18.img,TMC-2,-46.824788,347.935328,37.195578,,D:\lunar ai\outputs\patches\TMC-2_ch2_tmc_ncf_20211122T2321361810_d_img_d18_01664_00000.png,1664,0,256,256,-47_348,train
TMC-2_ch2_tmc_ncf_20211122T2321361810_d_img_d18_01792_00000,ch2_tmc_ncf_20211122T2321361810_d_img_d18.img,TMC-2,-46.829915,347.935328,37.195578,,D:\lunar ai\outputs\patches\TMC-2_ch2_tmc_ncf_20211122T2321361810_d_img_d18_01792_00000.png,1792,0,256,256,-47_348,train
TMC-2_ch2_tmc_ncf_20211122T2321361810_d_img_d18_01920_00000,ch2_tmc_ncf_20211122T2321361810_d_img_d18.img,TMC-2,-46.835042,347.935328,37.195578,,D:\lunar ai\outputs\patches\TMC-2_ch2_tmc_ncf_20211122T2321361810_d_img_d18_01920_00000.png,1920,0,256,256,-47_348,train
TMC-2_ch2_tmc_ncf_20211122T2321361810_d_img_d18_02048_00000,ch2_tmc_ncf_20211122T2321361810_d_img_d18.img,TMC-2,-46.840169,347.935328,37.195578,,D:\lunar ai\outputs\patches\TMC-2_ch2_tmc_ncf_20211122T2321361810_d_img_d18_02048_00000.png,2048,0,256,256,-47_348,train
TMC-2_ch2_tmc_ncf_20211122T2321361810_d_img_d18_02176_00000,ch2_tmc_ncf_20211122T2321361810_d_img_d18.img,TMC-2,-46.845296,347.935328,37.195578,,D:\lunar ai\outputs\patches\TMC-2_ch2_tmc_ncf_20211122T2321361810_d_img_d18_02176_00000.png,2176,0,256,256,-47_348,train
TMC-2_ch2_tmc_ncf_20211122T2321361810_d_img_d18_02304_00000,ch2_tmc_ncf_20211122T2321361810_d_img_d18.img,TMC-2,-46.850423,347.935328,37.195578,,D:\lunar ai\outputs\patches\TMC-2_ch2_tmc_ncf_20211122T2321361810_d_img_d18_02304_00000.png,2304,0,256,256,-47_348,train
TMC-2_ch2_tmc_ncf_20211122T2321361810_d_img_d18_02432_00000,ch2_tmc_ncf_20211122T2321361810_d_img_d18.img,TMC-2,-46.85555,347.935328,37.195578,,D:\lunar ai\outputs\patches\TMC-2_ch2_tmc_ncf_20211122T2321361810_d_img_d18_02432_00000.png,2432,0,256,256,-47_348,train
TMC-2_ch2_tmc_ncf_20211122T2321361810_d_img_d18_02560_00000,ch2_tmc_ncf_20211122T2321361810_d_img_d18.img,TMC-2,-46.860677,347.935328,37.195578,,D:\lunar ai\outputs\patches\TMC-2_ch2_tmc_ncf_20211122T2321361810_d_img_d18_02560_00000.png,2560,0,256,256,-47_348,train
TMC-2_ch2_tmc_ncf_20211122T2321361810_d_img_d18_02688_00000,ch2_tmc_ncf_20211122T2321361810_d_img_d18.img,TMC-2,-46.865804,347.935328,37.195578,,D:\lunar ai\outputs\patches\TMC-2_ch2_tmc_ncf_20211122T2321361810_d_img_d18_02688_00000.png,2688,0,256,256,-47_348,train
TMC-2_ch2_tmc_ncf_20211122T2321361810_d_img_d18_02816_00000,ch2_tmc_ncf_20211122T2321361810_d_img_d18.img,TMC-2,-46.870931,347.935328,37.195578,,D:\lunar ai\outputs\patches\TMC-2_ch2_tmc_ncf_20211122T2321361810_d_img_d18_02816_00000.png,2816,0,256,256,-47_348,train
TMC-2_ch2_tmc_ncf_20211122T2321361810_d_img_d18_02944_00000,ch2_tmc_ncf_20211122T2321361810_d_img_d18.img,TMC-2,-46.876058,347.935328,37.195578,,D:\lunar ai\outputs\patches\TMC-2_ch2_tmc_ncf_20211122T2321361810_d_img_d18_02944_00000.png,2944,0,256,256,-47_348,train
TMC-2_ch2_tmc_ncf_20211122T2321361810_d_img_d18_03072_00000,ch2_tmc_ncf_20211122T2321361810_d_img_d18.img,TMC-2,-46.881185,347.935328,37.195578,,D:\lunar ai\outputs\patches\TMC-2_ch2_tmc_ncf_20211122T2321361810_d_img_d18_03072_00000.png,3072,0,256,256,-47_348,train
TMC-2_ch2_tmc_ncf_20211122T2321361810_d_img_d18_03200_00000,ch2_tmc_ncf_20211122T2321361810_d_img_d18.img,TMC-2,-46.886312,347.935328,37.195578,,D:\lunar ai\outputs\patches\TMC-2_ch2_tmc_ncf_20211122T2321361810_d_img_d18_03200_00000.png,3200,0,256,256,-47_348,train
TMC-2_ch2_tmc_ncf_20211122T2321361810_d_img_d18_03328_00000,ch2_tmc_ncf_20211122T2321361810_d_img_d18.img,TMC-2,-46.891439,347.935328,37.195578,,D:\lunar ai\outputs\patches\TMC-2_ch2_tmc_ncf_20211122T2321361810_d_img_d18_03328_00000.png,3328,0,256,256,-47_348,train
TMC-2_ch2_tmc_ncf_20211122T2321361810_d_img_d18_03456_00000,ch2_tmc_ncf_20211122T2321361810_d_img_d18.img,TMC-2,-46.896565,347.935328,37.195578,,D:\lunar ai\outputs\patches\TMC-2_ch2_tmc_ncf_20211122T2321361810_d_img_d18_03456_00000.png,3456,0,256,256,-47_348,train
TMC-2_ch2_tmc_ncf_20211122T2321361810_d_img_d18_03584_00000,ch2_tmc_ncf_20211122T2321361810_d_img_d18.img,TMC-2,-46.901692,347.935328,37.195578,,D:\lunar ai\outputs\patches\TMC-2_ch2_tmc_ncf_20211122T2321361810_d_img_d18_03584_00000.png,3584,0,256,256,-47_348,train
TMC-2_ch2_tmc_ncf_20211122T2321361810_d_img_d18_03712_00000,ch2_tmc_ncf_20211122T2321361810_d_img_d18.img,TMC-2,-46.906819,347.935328,37.195578,,D:\lunar ai\outputs\patches\TMC-2_ch2_tmc_ncf_20211122T2321361810_d_img_d18_03712_00000.png,3712,0,256,256,-47_348,train
TMC-2_ch2_tmc_ncf_20211122T2321361810_d_img_d18_03840_00000,ch2_tmc_ncf_20211122T2321361810_d_img_d18.img,TMC-2,-46.911946,347.935328,37.195578,,D:\lunar ai\outputs\patches\TMC-2_ch2_tmc_ncf_20211122T2321361810_d_img_d18_03840_00000.png,3840,0,256,256,-47_348,train
TMC-2_ch2_tmc_ncf_20211122T2321361810_d_img_d18_03968_00000,ch2_tmc_ncf_20211122T2321361810_d_img_d18.img,TMC-2,-46.917073,347.935328,37.195578,,D:\lunar ai\outputs\patches\TMC-2_ch2_tmc_ncf_20211122T2321361810_d_img_d18_03968_00000.png,3968,0,256,256,-47_348,train
TMC-2_ch2_tmc_ncf_20211122T2321361810_d_img_d18_04096_00000,ch2_tmc_ncf_20211122T2321361810_d_img_d18.img,TMC-2,-46.9222,347.935328,37.195578,,D:\lunar ai\outputs\patches\TMC-2_ch2_tmc_ncf_20211122T2321361810_d_img_d18_04096_00000.png,4096,0,256,256,-47_348,train
TMC-2_ch2_tmc_ncf_20211122T2321361810_d_img_d18_04224_00000,ch2_tmc_ncf_20211122T2321361810_d_img_d18.img,TMC-2,-46.927327,347.935328,37.195578,,D:\lunar ai\outputs\patches\TMC-2_ch2_tmc_ncf_20211122T2321361810_d_img_d18_04224_00000.png,4224,0,256,256,-47_348,train
TMC-2_ch2_tmc_ncf_20211122T2321361810_d_img_d18_04352_00000,ch2_tmc_ncf_20211122T2321361810_d_img_d18.img,TMC-2,-46.932454,347.935328,37.195578,,D:\lunar ai\outputs\patches\TMC-2_ch2_tmc_ncf_20211122T2321361810_d_img_d18_04352_00000.png,4352,0,256,256,-47_348,train
TMC-2_ch2_tmc_ncf_20211122T2321361810_d_img_d18_04480_00000,ch2_tmc_ncf_20211122T2321361810_d_img_d18.img,TMC-2,-46.937581,347.935328,37.195578,,D:\lunar ai\outputs\patches\TMC-2_ch2_tmc_ncf_20211122T2321361810_d_img_d18_04480_00000.png,4480,0,256,256,-47_348,train
TMC-2_ch2_tmc_ncf_20211122T2321361810_d_img_d18_04608_00000,ch2_tmc_ncf_20211122T2321361810_d_img_d18.img,TMC-2,-46.942708,347.935328,37.195578,,D:\lunar ai\outputs\patches\TMC-2_ch2_tmc_ncf_20211122T2321361810_d_img_d18_04608_00000.png,4608,0,256,256,-47_348,train
TMC-2_ch2_tmc_ncf_20211122T2321361810_d_img_d18_04736_00000,ch2_tmc_ncf_20211122T2321361810_d_img_d18.img,TMC-2,-46.947835,347.935328,37.195578,,D:\lunar ai\outputs\patches\TMC-2_ch2_tmc_ncf_20211122T2321361810_d_img_d18_04736_00000.png,4736,0,256,256,-47_348,train
TMC-2_ch2_tmc_ncf_20211122T2321361810_d_img_d18_04864_00000,ch2_tmc_ncf_20211122T2321361810_d_img_d18.img,TMC-2,-46.952962,347.935328,37.195578,,D:\lunar ai\outputs\patches\TMC-2_ch2_tmc_ncf_20211122T2321361810_d_img_d18_04864_00000.png,4864,0,256,256,-47_348,train
TMC-2_ch2_tmc_ncf_20211122T2321361810_d_img_d18_04992_00000,ch2_tmc_ncf_20211122T2321361810_d_img_d18.img,TMC-2,-46.958089,347.935328,37.195578,,D:\lunar ai\outputs\patches\TMC-2_ch2_tmc_ncf_20211122T2321361810_d_img_d18_04992_00000.png,4992,0,256,256,-47_348,train
TMC-2_ch2_tmc_ncf_20211122T2321361810_d_img_d18_05120_00000,ch2_tmc_ncf_20211122T2321361810_d_img_d18.img,TMC-2,-46.963216,347.935328,37.195578,,D:\lunar ai\outputs\patches\TMC-2_ch2_tmc_ncf_20211122T2321361810_d_img_d18_05120_00000.png,5120,0,256,256,-47_348,train
TMC-2_ch2_tmc_ncf_20211122T2321361810_d_img_d18_05248_00000,ch2_tmc_ncf_20211122T2321361810_d_img_d18.img,TMC-2,-46.968343,347.935328,37.195578,,D:\lunar ai\outputs\patches\TMC-2_ch2_tmc_ncf_20211122T2321361810_d_img_d18_05248_00000.png,5248,0,256,256,-47_348,train
TMC-2_ch2_tmc_ncf_20211122T2321361810_d_img_d18_05376_00000,ch2_tmc_ncf_20211122T2321361810_d_img_d18.img,TMC-2,-46.97347,347.935328,37.195578,,D:\lunar ai\outputs\patches\TMC-2_ch2_tmc_ncf_20211122T2321361810_d_img_d18_05376_00000.png,5376,0,256,256,-47_348,train
TMC-2_ch2_tmc_ncf_20211122T2321361810_d_img_d18_05504_00000,ch2_tmc_ncf_20211122T2321361810_d_img_d18.img,TMC-2,-46.978597,347.935328,37.195578,,D:\lunar ai\outputs\patches\TMC-2_ch2_tmc_ncf_20211122T2321361810_d_img_d18_05504_00000.png,5504,0,256,256,-47_348,train
TMC-2_ch2_tmc_ncf_20211122T2321361810_d_img_d18_05632_00000,ch2_tmc_ncf_20211122T2321361810_d_img_d18.img,TMC-2,-46.983724,347.935328,37.195578,,D:\lunar ai\outputs\patches\TMC-2_ch2_tmc_ncf_20211122T2321361810_d_img_d18_05632_00000.png,5632,0,256,256,-47_348,train
TMC-2_ch2_tmc_ncf_20211122T2321361810_d_img_d18_05760_00000,ch2_tmc_ncf_20211122T2321361810_d_img_d18.img,TMC-2,-46.988851,347.935328,37.195578,,D:\lunar ai\outputs\patches\TMC-2_ch2_tmc_ncf_20211122T2321361810_d_img_d18_05760_00000.png,5760,0,256,256,-47_348,train
TMC-2_ch2_tmc_ncf_20211122T2321361810_d_img_d18_05888_00000,ch2_tmc_ncf_20211122T2321361810_d_img_d18.img,TMC-2,-46.993978,347.935328,37.195578,,D:\lunar ai\outputs\patches\TMC-2_ch2_tmc_ncf_20211122T2321361810_d_img_d18_05888_00000.png,5888,0,256,256,-47_348,train
TMC-2_ch2_tmc_ncf_20211122T2321361810_d_img_d18_06016_00000,ch2_tmc_ncf_20211122T2321361810_d_img_d18.img,TMC-2,-46.999105,347.935328,37.195578,,D:\lunar ai\outputs\patches\TMC-2_ch2_tmc_ncf_20211122T2321361810_d_img_d18_06016_00000.png,6016,0,256,256,-47_348,train
TMC-2_ch2_tmc_ncf_20211122T2321361810_d_img_d18_06144_00000,ch2_tmc_ncf_20211122T2321361810_d_img_d18.img,TMC-2,-47.004232,347.935328,37.195578,,D:\lunar ai\outputs\patches\TMC-2_ch2_tmc_ncf_20211122T2321361810_d_img_d18_06144_00000.png,6144,0,256,256,-47_348,train
TMC-2_ch2_tmc_ncf_20211122T2321361810_d_img_d18_06272_00000,ch2_tmc_ncf_20211122T2321361810_d_img_d18.img,TMC-2,-47.009359,347.935328,37.195578,,D:\lunar ai\outputs\patches\TMC-2_ch2_tmc_ncf_20211122T2321361810_d_img_d18_06272_00000.png,6272,0,256,256,-47_348,train
TMC-2_ch2_tmc_ncf_20211122T2321361810_d_img_d18_06400_00000,ch2_tmc_ncf_20211122T2321361810_d_img_d18.img,TMC-2,-47.014486,347.935328,37.195578,,D:\lunar ai\outputs\patches\TMC-2_ch2_tmc_ncf_20211122T2321361810_d_img_d18_06400_00000.png,6400,0,256,256,-47_348,train
TMC-2_ch2_tmc_ncf_20211122T2321361810_d_img_d18_06528_00000,ch2_tmc_ncf_20211122T2321361810_d_img_d18.img,TMC-2,-47.019613,347.935328,37.195578,,D:\lunar ai\outputs\patches\TMC-2_ch2_tmc_ncf_20211122T2321361810_d_img_d18_06528_00000.png,6528,0,256,256,-47_348,train
TMC-2_ch2_tmc_ncf_20211122T2321361810_d_img_d18_06656_00000,ch2_tmc_ncf_20211122T2321361810_d_img_d18.img,TMC-2,-47.02474,347.935328,37.195578,,D:\lunar ai\outputs\patches\TMC-2_ch2_tmc_ncf_20211122T2321361810_d_img_d18_06656_00000.png,6656,0,256,256,-47_348,train
TMC-2_ch2_tmc_ncf_20211122T2321361810_d_img_d18_06784_00000,ch2_tmc_ncf_20211122T2321361810_d_img_d18.img,TMC-2,-47.029867,347.935328,37.195578,,D:\lunar ai\outputs\patches\TMC-2_ch2_tmc_ncf_20211122T2321361810_d_img_d18_06784_00000.png,6784,0,256,256,-47_348,train
TMC-2_ch2_tmc_ncf_20211122T2321361810_d_img_d18_06912_00000,ch2_tmc_ncf_20211122T2321361810_d_img_d18.img,TMC-2,-47.034994,347.935328,37.195578,,D:\lunar ai\outputs\patches\TMC-2_ch2_tmc_ncf_20211122T2321361810_d_img_d18_06912_00000.png,6912,0,256,256,-47_348,train
TMC-2_ch2_tmc_ncf_20211122T2321361810_d_img_d18_07040_00000,ch2_tmc_ncf_20211122T2321361810_d_img_d18.img,TMC-2,-47.040121,347.935328,37.195578,,D:\lunar ai\outputs\patches\TMC-2_ch2_tmc_ncf_20211122T2321361810_d_img_d18_07040_00000.png,7040,0,256,256,-47_348,train
TMC-2_ch2_tmc_ncf_20211122T2321361810_d_img_d18_07168_00000,ch2_tmc_ncf_20211122T2321361810_d_img_d18.img,TMC-2,-47.045248,347.935328,37.195578,,D:\lunar ai\outputs\patches\TMC-2_ch2_tmc_ncf_20211122T2321361810_d_img_d18_07168_00000.png,7168,0,256,256,-47_348,train
TMC-2_ch2_tmc_ncf_20211122T2321361810_d_img_d18_07296_00000,ch2_tmc_ncf_20211122T2321361810_d_img_d18.img,TMC-2,-47.050375,347.935328,37.195578,,D:\lunar ai\outputs\patches\TMC-2_ch2_tmc_ncf_20211122T2321361810_d_img_d18_07296_00000.png,7296,0,256,256,-47_348,train
TMC-2_ch2_tmc_ncf_20211122T2321361810_d_img_d18_07424_00000,ch2_tmc_ncf_20211122T2321361810_d_img_d18.img,TMC-2,-47.055502,347.935328,37.195578,,D:\lunar ai\outputs\patches\TMC-2_ch2_tmc_ncf_20211122T2321361810_d_img_d18_07424_00000.png,7424,0,256,256,-47_348,train
TMC-2_ch2_tmc_ncf_20211122T2321361810_d_img_d18_07552_00000,ch2_tmc_ncf_20211122T2321361810_d_img_d18.img,TMC-2,-47.060629,347.935328,37.195578,,D:\lunar ai\outputs\patches\TMC-2_ch2_tmc_ncf_20211122T2321361810_d_img_d18_07552_00000.png,7552,0,256,256,-47_348,train
TMC-2_ch2_tmc_ncf_20211122T2321361810_d_img_d18_07680_00000,ch2_tmc_ncf_20211122T2321361810_d_img_d18.img,TMC-2,-47.065756,347.935328,37.195578,,D:\lunar ai\outputs\patches\TMC-2_ch2_tmc_ncf_20211122T2321361810_d_img_d18_07680_00000.png,7680,0,256,256,-47_348,train
TMC-2_ch2_tmc_ncf_20211122T2321361810_d_img_d18_07808_00000,ch2_tmc_ncf_20211122T2321361810_d_img_d18.img,TMC-2,-47.070883,347.935328,37.195578,,D:\lunar ai\outputs\patches\TMC-2_ch2_tmc_ncf_20211122T2321361810_d_img_d18_07808_00000.png,7808,0,256,256,-47_348,train
TMC-2_ch2_tmc_ncf_20211122T2321361810_d_img_d18_07936_00000,ch2_tmc_ncf_20211122T2321361810_d_img_d18.img,TMC-2,-47.07601,347.935328,37.195578,,D:\lunar ai\outputs\patches\TMC-2_ch2_tmc_ncf_20211122T2321361810_d_img_d18_07936_00000.png,7936,0,256,256,-47_348,train
TMC-2_ch2_tmc_ncf_20211122T2321361810_d_img_d18_08064_00000,ch2_tmc_ncf_20211122T2321361810_d_img_d18.img,TMC-2,-47.081137,347.935328,37.195578,,D:\lunar ai\outputs\patches\TMC-2_ch2_tmc_ncf_20211122T2321361810_d_img_d18_08064_00000.png,8064,0,256,256,-47_348,train
TMC-2_ch2_tmc_ncf_20211122T2321361810_d_img_d18_08192_00000,ch2_tmc_ncf_20211122T2321361810_d_img_d18.img,TMC-2,-47.086263,347.935328,37.195578,,D:\lunar ai\outputs\patches\TMC-2_ch2_tmc_ncf_20211122T2321361810_d_img_d18_08192_00000.png,8192,0,256,256,-47_348,train
TMC-2_ch2_tmc_ncf_20211122T2321361810_d_img_d18_08320_00000,ch2_tmc_ncf_20211122T2321361810_d_img_d18.img,TMC-2,-47.09139,347.935328,37.195578,,D:\lunar ai\outputs\patches\TMC-2_ch2_tmc_ncf_20211122T2321361810_d_img_d18_08320_00000.png,8320,0,256,256,-47_348,train
TMC-2_ch2_tmc_ncf_20211122T2321361810_d_img_d18_08448_00000,ch2_tmc_ncf_20211122T2321361810_d_img_d18.img,TMC-2,-47.096517,347.935328,37.195578,,D:\lunar ai\outputs\patches\TMC-2_ch2_tmc_ncf_20211122T2321361810_d_img_d18_08448_00000.png,8448,0,256,256,-47_348,train
TMC-2_ch2_tmc_ncf_20211122T2321361810_d_img_d18_08576_00000,ch2_tmc_ncf_20211122T2321361810_d_img_d18.img,TMC-2,-47.101644,347.935328,37.195578,,D:\lunar ai\outputs\patches\TMC-2_ch2_tmc_ncf_20211122T2321361810_d_img_d18_08576_00000.png,8576,0,256,256,-47_348,train
TMC-2_ch2_tmc_ncf_20211122T2321361810_d_img_d18_08704_00000,ch2_tmc_ncf_20211122T2321361810_d_img_d18.img,TMC-2,-47.106771,347.935328,37.195578,,D:\lunar ai\outputs\patches\TMC-2_ch2_tmc_ncf_20211122T2321361810_d_img_d18_08704_00000.png,8704,0,256,256,-47_348,train
TMC-2_ch2_tmc_ncf_20211122T2321361810_d_img_d18_08832_00000,ch2_tmc_ncf_20211122T2321361810_d_img_d18.img,TMC-2,-47.111898,347.935328,37.195578,,D:\lunar ai\outputs\patches\TMC-2_ch2_tmc_ncf_20211122T2321361810_d_img_d18_08832_00000.png,8832,0,256,256,-47_348,train
TMC-2_ch2_tmc_ncf_20211122T2321361810_d_img_d18_08960_00000,ch2_tmc_ncf_20211122T2321361810_d_img_d18.img,TMC-2,-47.117025,347.935328,37.195578,,D:\lunar ai\outputs\patches\TMC-2_ch2_tmc_ncf_20211122T2321361810_d_img_d18_08960_00000.png,8960,0,256,256,-47_348,train
TMC-2_ch2_tmc_ncf_20211122T2321361810_d_img_d18_09088_00000,ch2_tmc_ncf_20211122T2321361810_d_img_d18.img,TMC-2,-47.122152,347.935328,37.195578,,D:\lunar ai\outputs\patches\TMC-2_ch2_tmc_ncf_20211122T2321361810_d_img_d18_09088_00000.png,9088,0,256,256,-47_348,train
TMC-2_ch2_tmc_ncf_20211122T2321361810_d_img_d18_09216_00000,ch2_tmc_ncf_20211122T2321361810_d_img_d18.img,TMC-2,-47.127279,347.935328,37.195578,,D:\lunar ai\outputs\patches\TMC-2_ch2_tmc_ncf_20211122T2321361810_d_img_d18_09216_00000.png,9216,0,256,256,-47_348,train
TMC-2_ch2_tmc_ncf_20211122T2321361810_d_img_d18_09344_00000,ch2_tmc_ncf_20211122T2321361810_d_img_d18.img,TMC-2,-47.132406,347.935328,37.195578,,D:\lunar ai\outputs\patches\TMC-2_ch2_tmc_ncf_20211122T2321361810_d_img_d18_09344_00000.png,9344,0,256,256,-47_348,train
TMC-2_ch2_tmc_ncf_20211122T2321361810_d_img_d18_09472_00000,ch2_tmc_ncf_20211122T2321361810_d_img_d18.img,TMC-2,-47.137533,347.935328,37.195578,,D:\lunar ai\outputs\patches\TMC-2_ch2_tmc_ncf_20211122T2321361810_d_img_d18_09472_00000.png,9472,0,256,256,-47_348,train
TMC-2_ch2_tmc_ncf_20211122T2321361810_d_img_d18_09600_00000,ch2_tmc_ncf_20211122T2321361810_d_img_d18.img,TMC-2,-47.14266,347.935328,37.195578,,D:\lunar ai\outputs\patches\TMC-2_ch2_tmc_ncf_20211122T2321361810_d_img_d18_09600_00000.png,9600,0,256,256,-47_348,train
TMC-2_ch2_tmc_ncf_20211122T2321361810_d_img_d18_09728_00000,ch2_tmc_ncf_20211122T2321361810_d_img_d18.img,TMC-2,-47.147787,347.935328,37.195578,,D:\lunar ai\outputs\patches\TMC-2_ch2_tmc_ncf_20211122T2321361810_d_img_d18_09728_00000.png,9728,0,256,256,-47_348,train
TMC-2_ch2_tmc_ncf_20211122T2321361810_d_img_d18_09856_00000,ch2_tmc_ncf_20211122T2321361810_d_img_d18.img,TMC-2,-47.152914,347.935328,37.195578,,D:\lunar ai\outputs\patches\TMC-2_ch2_tmc_ncf_20211122T2321361810_d_img_d18_09856_00000.png,9856,0,256,256,-47_348,train
TMC-2_ch2_tmc_ncf_20211122T2321361810_d_img_d18_09984_00000,ch2_tmc_ncf_20211122T2321361810_d_img_d18.img,TMC-2,-47.158041,347.935328,37.195578,,D:\lunar ai\outputs\patches\TMC-2_ch2_tmc_ncf_20211122T2321361810_d_img_d18_09984_00000.png,9984,0,256,256,-47_348,train
TMC-2_ch2_tmc_ncf_20211122T2321361810_d_img_d18_10112_00000,ch2_tmc_ncf_20211122T2321361810_d_img_d18.img,TMC-2,-47.163168,347.935328,37.195578,,D:\lunar ai\outputs\patches\TMC-2_ch2_tmc_ncf_20211122T2321361810_d_img_d18_10112_00000.png,10112,0,256,256,-47_348,train
TMC-2_ch2_tmc_ncf_20211122T2321361810_d_img_d18_10240_00000,ch2_tmc_ncf_20211122T2321361810_d_img_d18.img,TMC-2,-47.168295,347.935328,37.195578,,D:\lunar ai\outputs\patches\TMC-2_ch2_tmc_ncf_20211122T2321361810_d_img_d18_10240_00000.png,10240,0,256,256,-47_348,train
TMC-2_ch2_tmc_ncf_20211122T2321361810_d_img_d18_10368_00000,ch2_tmc_ncf_20211122T2321361810_d_img_d18.img,TMC-2,-47.173422,347.935328,37.195578,,D:\lunar ai\outputs\patches\TMC-2_ch2_tmc_ncf_20211122T2321361810_d_img_d18_10368_00000.png,10368,0,256,256,-47_348,train
TMC-2_ch2_tmc_ncf_20211122T2321361810_d_img_d18_10496_00000,ch2_tmc_ncf_20211122T2321361810_d_img_d18.img,TMC-2,-47.178549,347.935328,37.195578,,D:\lunar ai\outputs\patches\TMC-2_ch2_tmc_ncf_20211122T2321361810_d_img_d18_10496_00000.png,10496,0,256,256,-47_348,train
TMC-2_ch2_tmc_ncf_20211122T2321361810_d_img_d18_10624_00000,ch2_tmc_ncf_20211122T2321361810_d_img_d18.img,TMC-2,-47.183676,347.935328,37.195578,,D:\lunar ai\outputs\patches\TMC-2_ch2_tmc_ncf_20211122T2321361810_d_img_d18_10624_00000.png,10624,0,256,256,-47_348,train
TMC-2_ch2_tmc_ncf_20211122T2321361810_d_img_d18_10752_00000,ch2_tmc_ncf_20211122T2321361810_d_img_d18.img,TMC-2,-47.188803,347.935328,37.195578,,D:\lunar ai\outputs\patches\TMC-2_ch2_tmc_ncf_20211122T2321361810_d_img_d18_10752_00000.png,10752,0,256,256,-47_348,train
TMC-2_ch2_tmc_ncf_20211122T2321361810_d_img_d18_10880_00000,ch2_tmc_ncf_20211122T2321361810_d_img_d18.img,TMC-2,-47.19393,347.935328,37.195578,,D:\lunar ai\outputs\patches\TMC-2_ch2_tmc_ncf_20211122T2321361810_d_img_d18_10880_00000.png,10880,0,256,256,-47_348,train
TMC-2_ch2_tmc_ncf_20211122T2321361810_d_img_d18_11008_00000,ch2_tmc_ncf_20211122T2321361810_d_img_d18.img,TMC-2,-47.199057,347.935328,37.195578,,D:\lunar ai\outputs\patches\TMC-2_ch2_tmc_ncf_20211122T2321361810_d_img_d18_11008_00000.png,11008,0,256,256,-47_348,train
TMC-2_ch2_tmc_ncf_20211122T2321361810_d_img_d18_11136_00000,ch2_tmc_ncf_20211122T2321361810_d_img_d18.img,TMC-2,-47.204184,347.935328,37.195578,,D:\lunar ai\outputs\patches\TMC-2_ch2_tmc_ncf_20211122T2321361810_d_img_d18_11136_00000.png,11136,0,256,256,-47_348,train
TMC-2_ch2_tmc_ncf_20211122T2321361810_d_img_d18_11264_00000,ch2_tmc_ncf_20211122T2321361810_d_img_d18.img,TMC-2,-47.209311,347.935328,37.195578,,D:\lunar ai\outputs\patches\TMC-2_ch2_tmc_ncf_20211122T2321361810_d_img_d18_11264_00000.png,11264,0,256,256,-47_348,train
TMC-2_ch2_tmc_ncf_20211122T2321361810_d_img_d18_11392_00000,ch2_tmc_ncf_20211122T2321361810_d_img_d18.img,TMC-2,-47.214438,347.935328,37.195578,,D:\lunar ai\outputs\patches\TMC-2_ch2_tmc_ncf_20211122T2321361810_d_img_d18_11392_00000.png,11392,0,256,256,-47_348,train
TMC-2_ch2_tmc_ncf_20211122T2321361810_d_img_d18_11520_00000,ch2_tmc_ncf_20211122T2321361810_d_img_d18.img,TMC-2,-47.219565,347.935328,37.195578,,D:\lunar ai\outputs\patches\TMC-2_ch2_tmc_ncf_20211122T2321361810_d_img_d18_11520_00000.png,11520,0,256,256,-47_348,train
TMC-2_ch2_tmc_ncf_20211122T2321361810_d_img_d18_11648_00000,ch2_tmc_ncf_20211122T2321361810_d_img_d18.img,TMC-2,-47.224692,347.935328,37.195578,,D:\lunar ai\outputs\patches\TMC-2_ch2_tmc_ncf_20211122T2321361810_d_img_d18_11648_00000.png,11648,0,256,256,-47_348,train
TMC-2_ch2_tmc_ncf_20211122T2321361810_d_img_d18_11776_00000,ch2_tmc_ncf_20211122T2321361810_d_img_d18.img,TMC-2,-47.229819,347.935328,37.195578,,D:\lunar ai\outputs\patches\TMC-2_ch2_tmc_ncf_20211122T2321361810_d_img_d18_11776_00000.png,11776,0,256,256,-47_348,train
TMC-2_ch2_tmc_ncf_20211122T2321361810_d_img_d18_11904_00000,ch2_tmc_ncf_20211122T2321361810_d_img_d18.img,TMC-2,-47.234946,347.935328,37.195578,,D:\lunar ai\outputs\patches\TMC-2_ch2_tmc_ncf_20211122T2321361810_d_img_d18_11904_00000.png,11904,0,256,256,-47_348,train
TMC-2_ch2_tmc_ncf_20211122T2321361810_d_img_d18_12032_00000,ch2_tmc_ncf_20211122T2321361810_d_img_d18.img,TMC-2,-47.240073,347.935328,37.195578,,D:\lunar ai\outputs\patches\TMC-2_ch2_tmc_ncf_20211122T2321361810_d_img_d18_12032_00000.png,12032,0,256,256,-47_348,train
TMC-2_ch2_tmc_ncf_20211122T2321361810_d_img_d18_12160_00000,ch2_tmc_ncf_20211122T2321361810_d_img_d18.img,TMC-2,-47.2452,347.935328,37.195578,,D:\lunar ai\outputs\patches\TMC-2_ch2_tmc_ncf_20211122T2321361810_d_img_d18_12160_00000.png,12160,0,256,256,-47_348,train
TMC-2_ch2_tmc_ncf_20211122T2321361810_d_img_d18_12227_00000,ch2_tmc_ncf_20211122T2321361810_d_img_d18.img,TMC-2,-47.247883,347.935328,37.195578,,D:\lunar ai\outputs\patches\TMC-2_ch2_tmc_ncf_20211122T2321361810_d_img_d18_12227_00000.png,12227,0,256,256,-47_348,train
TMC-2_ch2_tmc_ncf_20260701T0716265753_d_img_d18_00000_00000,ch2_tmc_ncf_20260701T0716265753_d_img_d18.img,TMC-2,-38.393753,346.881742,51.680232,,D:\lunar ai\outputs\patches\TMC-2_ch2_tmc_ncf_20260701T0716265753_d_img_d18_00000_00000.png,0,0,256,256,-38_347,val
TMC-2_ch2_tmc_ncf_20260701T0716265753_d_img_d18_00128_00000,ch2_tmc_ncf_20260701T0716265753_d_img_d18.img,TMC-2,-38.403031,346.881742,51.680232,,D:\lunar ai\outputs\patches\TMC-2_ch2_tmc_ncf_20260701T0716265753_d_img_d18_00128_00000.png,128,0,256,256,-38_347,val
TMC-2_ch2_tmc_ncf_20260701T0716265753_d_img_d18_00256_00000,ch2_tmc_ncf_20260701T0716265753_d_img_d18.img,TMC-2,-38.412309,346.881742,51.680232,,D:\lunar ai\outputs\patches\TMC-2_ch2_tmc_ncf_20260701T0716265753_d_img_d18_00256_00000.png,256,0,256,256,-38_347,val
TMC-2_ch2_tmc_ncf_20260701T0716265753_d_img_d18_00384_00000,ch2_tmc_ncf_20260701T0716265753_d_img_d18.img,TMC-2,-38.421587,346.881742,51.680232,,D:\lunar ai\outputs\patches\TMC-2_ch2_tmc_ncf_20260701T0716265753_d_img_d18_00384_00000.png,384,0,256,256,-38_347,val
TMC-2_ch2_tmc_ncf_20260701T0716265753_d_img_d18_00512_00000,ch2_tmc_ncf_20260701T0716265753_d_img_d18.img,TMC-2,-38.430866,346.881742,51.680232,,D:\lunar ai\outputs\patches\TMC-2_ch2_tmc_ncf_20260701T0716265753_d_img_d18_00512_00000.png,512,0,256,256,-38_347,val
TMC-2_ch2_tmc_ncf_20260701T0716265753_d_img_d18_00640_00000,ch2_tmc_ncf_20260701T0716265753_d_img_d18.img,TMC-2,-38.440144,346.881742,51.680232,,D:\lunar ai\outputs\patches\TMC-2_ch2_tmc_ncf_20260701T0716265753_d_img_d18_00640_00000.png,640,0,256,256,-38_347,val
TMC-2_ch2_tmc_ncf_20260701T0716265753_d_img_d18_00768_00000,ch2_tmc_ncf_20260701T0716265753_d_img_d18.img,TMC-2,-38.449422,346.881742,51.680232,,D:\lunar ai\outputs\patches\TMC-2_ch2_tmc_ncf_20260701T0716265753_d_img_d18_00768_00000.png,768,0,256,256,-38_347,val
TMC-2_ch2_tmc_ncf_20260701T0716265753_d_img_d18_00896_00000,ch2_tmc_ncf_20260701T0716265753_d_img_d18.img,TMC-2,-38.4587,346.881742,51.680232,,D:\lunar ai\outputs\patches\TMC-2_ch2_tmc_ncf_20260701T0716265753_d_img_d18_00896_00000.png,896,0,256,256,-38_347,val
TMC-2_ch2_tmc_ncf_20260701T0716265753_d_img_d18_01024_00000,ch2_tmc_ncf_20260701T0716265753_d_img_d18.img,TMC-2,-38.467978,346.881742,51.680232,,D:\lunar ai\outputs\patches\TMC-2_ch2_tmc_ncf_20260701T0716265753_d_img_d18_01024_00000.png,1024,0,256,256,-38_347,val
TMC-2_ch2_tmc_ncf_20260701T0716265753_d_img_d18_01152_00000,ch2_tmc_ncf_20260701T0716265753_d_img_d18.img,TMC-2,-38.477256,346.881742,51.680232,,D:\lunar ai\outputs\patches\TMC-2_ch2_tmc_ncf_20260701T0716265753_d_img_d18_01152_00000.png,1152,0,256,256,-38_347,val
TMC-2_ch2_tmc_ncf_20260701T0716265753_d_img_d18_01280_00000,ch2_tmc_ncf_20260701T0716265753_d_img_d18.img,TMC-2,-38.486534,346.881742,51.680232,,D:\lunar ai\outputs\patches\TMC-2_ch2_tmc_ncf_20260701T0716265753_d_img_d18_01280_00000.png,1280,0,256,256,-38_347,val
TMC-2_ch2_tmc_ncf_20260701T0716265753_d_img_d18_01408_00000,ch2_tmc_ncf_20260701T0716265753_d_img_d18.img,TMC-2,-38.495812,346.881742,51.680232,,D:\lunar ai\outputs\patches\TMC-2_ch2_tmc_ncf_20260701T0716265753_d_img_d18_01408_00000.png,1408,0,256,256,-38_347,val
TMC-2_ch2_tmc_ncf_20260701T0716265753_d_img_d18_01536_00000,ch2_tmc_ncf_20260701T0716265753_d_img_d18.img,TMC-2,-38.50509,346.881742,51.680232,,D:\lunar ai\outputs\patches\TMC-2_ch2_tmc_ncf_20260701T0716265753_d_img_d18_01536_00000.png,1536,0,256,256,-39_347,train
TMC-2_ch2_tmc_ncf_20260701T0716265753_d_img_d18_01664_00000,ch2_tmc_ncf_20260701T0716265753_d_img_d18.img,TMC-2,-38.514368,346.881742,51.680232,,D:\lunar ai\outputs\patches\TMC-2_ch2_tmc_ncf_20260701T0716265753_d_img_d18_01664_00000.png,1664,0,256,256,-39_347,train
TMC-2_ch2_tmc_ncf_20260701T0716265753_d_img_d18_01792_00000,ch2_tmc_ncf_20260701T0716265753_d_img_d18.img,TMC-2,-38.523646,346.881742,51.680232,,D:\lunar ai\outputs\patches\TMC-2_ch2_tmc_ncf_20260701T0716265753_d_img_d18_01792_00000.png,1792,0,256,256,-39_347,train
TMC-2_ch2_tmc_ncf_20260701T0716265753_d_img_d18_01920_00000,ch2_tmc_ncf_20260701T0716265753_d_img_d18.img,TMC-2,-38.532924,346.881742,51.680232,,D:\lunar ai\outputs\patches\TMC-2_ch2_tmc_ncf_20260701T0716265753_d_img_d18_01920_00000.png,1920,0,256,256,-39_347,train
TMC-2_ch2_tmc_ncf_20260701T0716265753_d_img_d18_02048_00000,ch2_tmc_ncf_20260701T0716265753_d_img_d18.img,TMC-2,-38.542202,346.881742,51.680232,,D:\lunar ai\outputs\patches\TMC-2_ch2_tmc_ncf_20260701T0716265753_d_img_d18_02048_00000.png,2048,0,256,256,-39_347,train
TMC-2_ch2_tmc_ncf_20260701T0716265753_d_img_d18_02176_00000,ch2_tmc_ncf_20260701T0716265753_d_img_d18.img,TMC-2,-38.55148,346.881742,51.680232,,D:\lunar ai\outputs\patches\TMC-2_ch2_tmc_ncf_20260701T0716265753_d_img_d18_02176_00000.png,2176,0,256,256,-39_347,train
TMC-2_ch2_tmc_ncf_20260701T0716265753_d_img_d18_02304_00000,ch2_tmc_ncf_20260701T0716265753_d_img_d18.img,TMC-2,-38.560758,346.881742,51.680232,,D:\lunar ai\outputs\patches\TMC-2_ch2_tmc_ncf_20260701T0716265753_d_img_d18_02304_00000.png,2304,0,256,256,-39_347,train
TMC-2_ch2_tmc_ncf_20260701T0716265753_d_img_d18_02432_00000,ch2_tmc_ncf_20260701T0716265753_d_img_d18.img,TMC-2,-38.570036,346.881742,51.680232,,D:\lunar ai\outputs\patches\TMC-2_ch2_tmc_ncf_20260701T0716265753_d_img_d18_02432_00000.png,2432,0,256,256,-39_347,train
TMC-2_ch2_tmc_ncf_20260701T0716265753_d_img_d18_02560_00000,ch2_tmc_ncf_20260701T0716265753_d_img_d18.img,TMC-2,-38.579314,346.881742,51.680232,,D:\lunar ai\outputs\patches\TMC-2_ch2_tmc_ncf_20260701T0716265753_d_img_d18_02560_00000.png,2560,0,256,256,-39_347,train
TMC-2_ch2_tmc_ncf_20260701T0716265753_d_img_d18_02688_00000,ch2_tmc_ncf_20260701T0716265753_d_img_d18.img,TMC-2,-38.588592,346.881742,51.680232,,D:\lunar ai\outputs\patches\TMC-2_ch2_tmc_ncf_20260701T0716265753_d_img_d18_02688_00000.png,2688,0,256,256,-39_347,train
TMC-2_ch2_tmc_ncf_20260701T0716265753_d_img_d18_02816_00000,ch2_tmc_ncf_20260701T0716265753_d_img_d18.img,TMC-2,-38.59787,346.881742,51.680232,,D:\lunar ai\outputs\patches\TMC-2_ch2_tmc_ncf_20260701T0716265753_d_img_d18_02816_00000.png,2816,0,256,256,-39_347,train
TMC-2_ch2_tmc_ncf_20260701T0716265753_d_img_d18_02944_00000,ch2_tmc_ncf_20260701T0716265753_d_img_d18.img,TMC-2,-38.607148,346.881742,51.680232,,D:\lunar ai\outputs\patches\TMC-2_ch2_tmc_ncf_20260701T0716265753_d_img_d18_02944_00000.png,2944,0,256,256,-39_347,train
TMC-2_ch2_tmc_ncf_20260701T0716265753_d_img_d18_03072_00000,ch2_tmc_ncf_20260701T0716265753_d_img_d18.img,TMC-2,-38.616427,346.881742,51.680232,,D:\lunar ai\outputs\patches\TMC-2_ch2_tmc_ncf_20260701T0716265753_d_img_d18_03072_00000.png,3072,0,256,256,-39_347,train
TMC-2_ch2_tmc_ncf_20260701T0716265753_d_img_d18_03200_00000,ch2_tmc_ncf_20260701T0716265753_d_img_d18.img,TMC-2,-38.625705,346.881742,51.680232,,D:\lunar ai\outputs\patches\TMC-2_ch2_tmc_ncf_20260701T0716265753_d_img_d18_03200_00000.png,3200,0,256,256,-39_347,train
TMC-2_ch2_tmc_ncf_20260701T0716265753_d_img_d18_03328_00000,ch2_tmc_ncf_20260701T0716265753_d_img_d18.img,TMC-2,-38.634983,346.881742,51.680232,,D:\lunar ai\outputs\patches\TMC-2_ch2_tmc_ncf_20260701T0716265753_d_img_d18_03328_00000.png,3328,0,256,256,-39_347,train
TMC-2_ch2_tmc_ncf_20260701T0716265753_d_img_d18_03456_00000,ch2_tmc_ncf_20260701T0716265753_d_img_d18.img,TMC-2,-38.644261,346.881742,51.680232,,D:\lunar ai\outputs\patches\TMC-2_ch2_tmc_ncf_20260701T0716265753_d_img_d18_03456_00000.png,3456,0,256,256,-39_347,train
TMC-2_ch2_tmc_ncf_20260701T0716265753_d_img_d18_03584_00000,ch2_tmc_ncf_20260701T0716265753_d_img_d18.img,TMC-2,-38.653539,346.881742,51.680232,,D:\lunar ai\outputs\patches\TMC-2_ch2_tmc_ncf_20260701T0716265753_d_img_d18_03584_00000.png,3584,0,256,256,-39_347,train
TMC-2_ch2_tmc_ncf_20260701T0716265753_d_img_d18_03712_00000,ch2_tmc_ncf_20260701T0716265753_d_img_d18.img,TMC-2,-38.662817,346.881742,51.680232,,D:\lunar ai\outputs\patches\TMC-2_ch2_tmc_ncf_20260701T0716265753_d_img_d18_03712_00000.png,3712,0,256,256,-39_347,train
TMC-2_ch2_tmc_ncf_20260701T0716265753_d_img_d18_03840_00000,ch2_tmc_ncf_20260701T0716265753_d_img_d18.img,TMC-2,-38.672095,346.881742,51.680232,,D:\lunar ai\outputs\patches\TMC-2_ch2_tmc_ncf_20260701T0716265753_d_img_d18_03840_00000.png,3840,0,256,256,-39_347,train
TMC-2_ch2_tmc_ncf_20260701T0716265753_d_img_d18_03968_00000,ch2_tmc_ncf_20260701T0716265753_d_img_d18.img,TMC-2,-38.681373,346.881742,51.680232,,D:\lunar ai\outputs\patches\TMC-2_ch2_tmc_ncf_20260701T0716265753_d_img_d18_03968_00000.png,3968,0,256,256,-39_347,train
TMC-2_ch2_tmc_ncf_20260701T0716265753_d_img_d18_04096_00000,ch2_tmc_ncf_20260701T0716265753_d_img_d18.img,TMC-2,-38.690651,346.881742,51.680232,,D:\lunar ai\outputs\patches\TMC-2_ch2_tmc_ncf_20260701T0716265753_d_img_d18_04096_00000.png,4096,0,256,256,-39_347,train
TMC-2_ch2_tmc_ncf_20260701T0716265753_d_img_d18_04224_00000,ch2_tmc_ncf_20260701T0716265753_d_img_d18.img,TMC-2,-38.699929,346.881742,51.680232,,D:\lunar ai\outputs\patches\TMC-2_ch2_tmc_ncf_20260701T0716265753_d_img_d18_04224_00000.png,4224,0,256,256,-39_347,train
TMC-2_ch2_tmc_ncf_20260701T0716265753_d_img_d18_04352_00000,ch2_tmc_ncf_20260701T0716265753_d_img_d18.img,TMC-2,-38.709207,346.881742,51.680232,,D:\lunar ai\outputs\patches\TMC-2_ch2_tmc_ncf_20260701T0716265753_d_img_d18_04352_00000.png,4352,0,256,256,-39_347,train
TMC-2_ch2_tmc_ncf_20260701T0716265753_d_img_d18_04480_00000,ch2_tmc_ncf_20260701T0716265753_d_img_d18.img,TMC-2,-38.718485,346.881742,51.680232,,D:\lunar ai\outputs\patches\TMC-2_ch2_tmc_ncf_20260701T0716265753_d_img_d18_04480_00000.png,4480,0,256,256,-39_347,train
TMC-2_ch2_tmc_ncf_20260701T0716265753_d_img_d18_04608_00000,ch2_tmc_ncf_20260701T0716265753_d_img_d18.img,TMC-2,-38.727763,346.881742,51.680232,,D:\lunar ai\outputs\patches\TMC-2_ch2_tmc_ncf_20260701T0716265753_d_img_d18_04608_00000.png,4608,0,256,256,-39_347,train
TMC-2_ch2_tmc_ncf_20260701T0716265753_d_img_d18_04736_00000,ch2_tmc_ncf_20260701T0716265753_d_img_d18.img,TMC-2,-38.737041,346.881742,51.680232,,D:\lunar ai\outputs\patches\TMC-2_ch2_tmc_ncf_20260701T0716265753_d_img_d18_04736_00000.png,4736,0,256,256,-39_347,train
TMC-2_ch2_tmc_ncf_20260701T0716265753_d_img_d18_04864_00000,ch2_tmc_ncf_20260701T0716265753_d_img_d18.img,TMC-2,-38.746319,346.881742,51.680232,,D:\lunar ai\outputs\patches\TMC-2_ch2_tmc_ncf_20260701T0716265753_d_img_d18_04864_00000.png,4864,0,256,256,-39_347,train
TMC-2_ch2_tmc_ncf_20260701T0716265753_d_img_d18_04992_00000,ch2_tmc_ncf_20260701T0716265753_d_img_d18.img,TMC-2,-38.755597,346.881742,51.680232,,D:\lunar ai\outputs\patches\TMC-2_ch2_tmc_ncf_20260701T0716265753_d_img_d18_04992_00000.png,4992,0,256,256,-39_347,train
TMC-2_ch2_tmc_ncf_20260701T0716265753_d_img_d18_05120_00000,ch2_tmc_ncf_20260701T0716265753_d_img_d18.img,TMC-2,-38.764875,346.881742,51.680232,,D:\lunar ai\outputs\patches\TMC-2_ch2_tmc_ncf_20260701T0716265753_d_img_d18_05120_00000.png,5120,0,256,256,-39_347,train
TMC-2_ch2_tmc_ncf_20260701T0716265753_d_img_d18_05248_00000,ch2_tmc_ncf_20260701T0716265753_d_img_d18.img,TMC-2,-38.774153,346.881742,51.680232,,D:\lunar ai\outputs\patches\TMC-2_ch2_tmc_ncf_20260701T0716265753_d_img_d18_05248_00000.png,5248,0,256,256,-39_347,train
TMC-2_ch2_tmc_ncf_20260701T0716265753_d_img_d18_05376_00000,ch2_tmc_ncf_20260701T0716265753_d_img_d18.img,TMC-2,-38.783431,346.881742,51.680232,,D:\lunar ai\outputs\patches\TMC-2_ch2_tmc_ncf_20260701T0716265753_d_img_d18_05376_00000.png,5376,0,256,256,-39_347,train
TMC-2_ch2_tmc_ncf_20260701T0716265753_d_img_d18_05504_00000,ch2_tmc_ncf_20260701T0716265753_d_img_d18.img,TMC-2,-38.79271,346.881742,51.680232,,D:\lunar ai\outputs\patches\TMC-2_ch2_tmc_ncf_20260701T0716265753_d_img_d18_05504_00000.png,5504,0,256,256,-39_347,train
TMC-2_ch2_tmc_ncf_20260701T0716265753_d_img_d18_05632_00000,ch2_tmc_ncf_20260701T0716265753_d_img_d18.img,TMC-2,-38.801988,346.881742,51.680232,,D:\lunar ai\outputs\patches\TMC-2_ch2_tmc_ncf_20260701T0716265753_d_img_d18_05632_00000.png,5632,0,256,256,-39_347,train
TMC-2_ch2_tmc_ncf_20260701T0716265753_d_img_d18_05760_00000,ch2_tmc_ncf_20260701T0716265753_d_img_d18.img,TMC-2,-38.811266,346.881742,51.680232,,D:\lunar ai\outputs\patches\TMC-2_ch2_tmc_ncf_20260701T0716265753_d_img_d18_05760_00000.png,5760,0,256,256,-39_347,train
TMC-2_ch2_tmc_ncf_20260701T0716265753_d_img_d18_05888_00000,ch2_tmc_ncf_20260701T0716265753_d_img_d18.img,TMC-2,-38.820544,346.881742,51.680232,,D:\lunar ai\outputs\patches\TMC-2_ch2_tmc_ncf_20260701T0716265753_d_img_d18_05888_00000.png,5888,0,256,256,-39_347,train
TMC-2_ch2_tmc_ncf_20260701T0716265753_d_img_d18_06016_00000,ch2_tmc_ncf_20260701T0716265753_d_img_d18.img,TMC-2,-38.829822,346.881742,51.680232,,D:\lunar ai\outputs\patches\TMC-2_ch2_tmc_ncf_20260701T0716265753_d_img_d18_06016_00000.png,6016,0,256,256,-39_347,train
TMC-2_ch2_tmc_ncf_20260701T0716265753_d_img_d18_06144_00000,ch2_tmc_ncf_20260701T0716265753_d_img_d18.img,TMC-2,-38.8391,346.881742,51.680232,,D:\lunar ai\outputs\patches\TMC-2_ch2_tmc_ncf_20260701T0716265753_d_img_d18_06144_00000.png,6144,0,256,256,-39_347,train
TMC-2_ch2_tmc_ncf_20260701T0716265753_d_img_d18_06272_00000,ch2_tmc_ncf_20260701T0716265753_d_img_d18.img,TMC-2,-38.848378,346.881742,51.680232,,D:\lunar ai\outputs\patches\TMC-2_ch2_tmc_ncf_20260701T0716265753_d_img_d18_06272_00000.png,6272,0,256,256,-39_347,train
TMC-2_ch2_tmc_ncf_20260701T0716265753_d_img_d18_06400_00000,ch2_tmc_ncf_20260701T0716265753_d_img_d18.img,TMC-2,-38.857656,346.881742,51.680232,,D:\lunar ai\outputs\patches\TMC-2_ch2_tmc_ncf_20260701T0716265753_d_img_d18_06400_00000.png,6400,0,256,256,-39_347,train
TMC-2_ch2_tmc_ncf_20260701T0716265753_d_img_d18_06528_00000,ch2_tmc_ncf_20260701T0716265753_d_img_d18.img,TMC-2,-38.866934,346.881742,51.680232,,D:\lunar ai\outputs\patches\TMC-2_ch2_tmc_ncf_20260701T0716265753_d_img_d18_06528_00000.png,6528,0,256,256,-39_347,train
TMC-2_ch2_tmc_ncf_20260701T0716265753_d_img_d18_06642_00000,ch2_tmc_ncf_20260701T0716265753_d_img_d18.img,TMC-2,-38.875197,346.881742,51.680232,,D:\lunar ai\outputs\patches\TMC-2_ch2_tmc_ncf_20260701T0716265753_d_img_d18_06642_00000.png,6642,0,256,256,-39_347,train
TMC-2_ch2_tmc_ncn_20211122T1925079214_d_img_d18_00000_00000,ch2_tmc_ncn_20211122T1925079214_d_img_d18.img,TMC-2,-45.185491,350.030301,37.079546,,D:\lunar ai\outputs\patches\TMC-2_ch2_tmc_ncn_20211122T1925079214_d_img_d18_00000_00000.png,0,0,256,256,-45_350,test
TMC-2_ch2_tmc_ncn_20211122T1925079214_d_img_d18_00128_00000,ch2_tmc_ncn_20211122T1925079214_d_img_d18.img,TMC-2,-45.190618,350.030301,37.079546,,D:\lunar ai\outputs\patches\TMC-2_ch2_tmc_ncn_20211122T1925079214_d_img_d18_00128_00000.png,128,0,256,256,-45_350,test
TMC-2_ch2_tmc_ncn_20211122T1925079214_d_img_d18_00256_00000,ch2_tmc_ncn_20211122T1925079214_d_img_d18.img,TMC-2,-45.195745,350.030301,37.079546,,D:\lunar ai\outputs\patches\TMC-2_ch2_tmc_ncn_20211122T1925079214_d_img_d18_00256_00000.png,256,0,256,256,-45_350,test
TMC-2_ch2_tmc_ncn_20211122T1925079214_d_img_d18_00384_00000,ch2_tmc_ncn_20211122T1925079214_d_img_d18.img,TMC-2,-45.200872,350.030301,37.079546,,D:\lunar ai\outputs\patches\TMC-2_ch2_tmc_ncn_20211122T1925079214_d_img_d18_00384_00000.png,384,0,256,256,-45_350,test
TMC-2_ch2_tmc_ncn_20211122T1925079214_d_img_d18_00512_00000,ch2_tmc_ncn_20211122T1925079214_d_img_d18.img,TMC-2,-45.205999,350.030301,37.079546,,D:\lunar ai\outputs\patches\TMC-2_ch2_tmc_ncn_20211122T1925079214_d_img_d18_00512_00000.png,512,0,256,256,-45_350,test
TMC-2_ch2_tmc_ncn_20211122T1925079214_d_img_d18_00640_00000,ch2_tmc_ncn_20211122T1925079214_d_img_d18.img,TMC-2,-45.211126,350.030301,37.079546,,D:\lunar ai\outputs\patches\TMC-2_ch2_tmc_ncn_20211122T1925079214_d_img_d18_00640_00000.png,640,0,256,256,-45_350,test
TMC-2_ch2_tmc_ncn_20211122T1925079214_d_img_d18_00768_00000,ch2_tmc_ncn_20211122T1925079214_d_img_d18.img,TMC-2,-45.216253,350.030301,37.079546,,D:\lunar ai\outputs\patches\TMC-2_ch2_tmc_ncn_20211122T1925079214_d_img_d18_00768_00000.png,768,0,256,256,-45_350,test
TMC-2_ch2_tmc_ncn_20211122T1925079214_d_img_d18_00896_00000,ch2_tmc_ncn_20211122T1925079214_d_img_d18.img,TMC-2,-45.22138,350.030301,37.079546,,D:\lunar ai\outputs\patches\TMC-2_ch2_tmc_ncn_20211122T1925079214_d_img_d18_00896_00000.png,896,0,256,256,-45_350,test
TMC-2_ch2_tmc_ncn_20211122T1925079214_d_img_d18_01024_00000,ch2_tmc_ncn_20211122T1925079214_d_img_d18.img,TMC-2,-45.226507,350.030301,37.079546,,D:\lunar ai\outputs\patches\TMC-2_ch2_tmc_ncn_20211122T1925079214_d_img_d18_01024_00000.png,1024,0,256,256,-45_350,test
TMC-2_ch2_tmc_ncn_20211122T1925079214_d_img_d18_01152_00000,ch2_tmc_ncn_20211122T1925079214_d_img_d18.img,TMC-2,-45.231634,350.030301,37.079546,,D:\lunar ai\outputs\patches\TMC-2_ch2_tmc_ncn_20211122T1925079214_d_img_d18_01152_00000.png,1152,0,256,256,-45_350,test
TMC-2_ch2_tmc_ncn_20211122T1925079214_d_img_d18_01280_00000,ch2_tmc_ncn_20211122T1925079214_d_img_d18.img,TMC-2,-45.236761,350.030301,37.079546,,D:\lunar ai\outputs\patches\TMC-2_ch2_tmc_ncn_20211122T1925079214_d_img_d18_01280_00000.png,1280,0,256,256,-45_350,test
TMC-2_ch2_tmc_ncn_20211122T1925079214_d_img_d18_01408_00000,ch2_tmc_ncn_20211122T1925079214_d_img_d18.img,TMC-2,-45.241888,350.030301,37.079546,,D:\lunar ai\outputs\patches\TMC-2_ch2_tmc_ncn_20211122T1925079214_d_img_d18_01408_00000.png,1408,0,256,256,-45_350,test
TMC-2_ch2_tmc_ncn_20211122T1925079214_d_img_d18_01536_00000,ch2_tmc_ncn_20211122T1925079214_d_img_d18.img,TMC-2,-45.247015,350.030301,37.079546,,D:\lunar ai\outputs\patches\TMC-2_ch2_tmc_ncn_20211122T1925079214_d_img_d18_01536_00000.png,1536,0,256,256,-45_350,test
TMC-2_ch2_tmc_ncn_20211122T1925079214_d_img_d18_01792_00000,ch2_tmc_ncn_20211122T1925079214_d_img_d18.img,TMC-2,-45.257269,350.030301,37.079546,,D:\lunar ai\outputs\patches\TMC-2_ch2_tmc_ncn_20211122T1925079214_d_img_d18_01792_00000.png,1792,0,256,256,-45_350,test
TMC-2_ch2_tmc_ncn_20211122T1925079214_d_img_d18_01920_00000,ch2_tmc_ncn_20211122T1925079214_d_img_d18.img,TMC-2,-45.262396,350.030301,37.079546,,D:\lunar ai\outputs\patches\TMC-2_ch2_tmc_ncn_20211122T1925079214_d_img_d18_01920_00000.png,1920,0,256,256,-45_350,test
TMC-2_ch2_tmc_ncn_20211122T1925079214_d_img_d18_02048_00000,ch2_tmc_ncn_20211122T1925079214_d_img_d18.img,TMC-2,-45.267523,350.030301,37.079546,,D:\lunar ai\outputs\patches\TMC-2_ch2_tmc_ncn_20211122T1925079214_d_img_d18_02048_00000.png,2048,0,256,256,-45_350,test
TMC-2_ch2_tmc_ncn_20211122T1925079214_d_img_d18_02304_00000,ch2_tmc_ncn_20211122T1925079214_d_img_d18.img,TMC-2,-45.277777,350.030301,37.079546,,D:\lunar ai\outputs\patches\TMC-2_ch2_tmc_ncn_20211122T1925079214_d_img_d18_02304_00000.png,2304,0,256,256,-45_350,test
TMC-2_ch2_tmc_ncn_20211122T1925079214_d_img_d18_02432_00000,ch2_tmc_ncn_20211122T1925079214_d_img_d18.img,TMC-2,-45.282904,350.030301,37.079546,,D:\lunar ai\outputs\patches\TMC-2_ch2_tmc_ncn_20211122T1925079214_d_img_d18_02432_00000.png,2432,0,256,256,-45_350,test
TMC-2_ch2_tmc_ncn_20211122T1925079214_d_img_d18_02560_00000,ch2_tmc_ncn_20211122T1925079214_d_img_d18.img,TMC-2,-45.288031,350.030301,37.079546,,D:\lunar ai\outputs\patches\TMC-2_ch2_tmc_ncn_20211122T1925079214_d_img_d18_02560_00000.png,2560,0,256,256,-45_350,test
TMC-2_ch2_tmc_ncn_20211122T1925079214_d_img_d18_02688_00000,ch2_tmc_ncn_20211122T1925079214_d_img_d18.img,TMC-2,-45.293158,350.030301,37.079546,,D:\lunar ai\outputs\patches\TMC-2_ch2_tmc_ncn_20211122T1925079214_d_img_d18_02688_00000.png,2688,0,256,256,-45_350,test
TMC-2_ch2_tmc_ncn_20211122T1925079214_d_img_d18_02816_00000,ch2_tmc_ncn_20211122T1925079214_d_img_d18.img,TMC-2,-45.298285,350.030301,37.079546,,D:\lunar ai\outputs\patches\TMC-2_ch2_tmc_ncn_20211122T1925079214_d_img_d18_02816_00000.png,2816,0,256,256,-45_350,test
TMC-2_ch2_tmc_ncn_20211122T1925079214_d_img_d18_02944_00000,ch2_tmc_ncn_20211122T1925079214_d_img_d18.img,TMC-2,-45.303412,350.030301,37.079546,,D:\lunar ai\outputs\patches\TMC-2_ch2_tmc_ncn_20211122T1925079214_d_img_d18_02944_00000.png,2944,0,256,256,-45_350,test
TMC-2_ch2_tmc_ncn_20211122T1925079214_d_img_d18_03072_00000,ch2_tmc_ncn_20211122T1925079214_d_img_d18.img,TMC-2,-45.308539,350.030301,37.079546,,D:\lunar ai\outputs\patches\TMC-2_ch2_tmc_ncn_20211122T1925079214_d_img_d18_03072_00000.png,3072,0,256,256,-45_350,test
TMC-2_ch2_tmc_ncn_20211122T1925079214_d_img_d18_03200_00000,ch2_tmc_ncn_20211122T1925079214_d_img_d18.img,TMC-2,-45.313666,350.030301,37.079546,,D:\lunar ai\outputs\patches\TMC-2_ch2_tmc_ncn_20211122T1925079214_d_img_d18_03200_00000.png,3200,0,256,256,-45_350,test
TMC-2_ch2_tmc_ncn_20211122T1925079214_d_img_d18_03328_00000,ch2_tmc_ncn_20211122T1925079214_d_img_d18.img,TMC-2,-45.318793,350.030301,37.079546,,D:\lunar ai\outputs\patches\TMC-2_ch2_tmc_ncn_20211122T1925079214_d_img_d18_03328_00000.png,3328,0,256,256,-45_350,test
TMC-2_ch2_tmc_ncn_20211122T1925079214_d_img_d18_03456_00000,ch2_tmc_ncn_20211122T1925079214_d_img_d18.img,TMC-2,-45.32392,350.030301,37.079546,,D:\lunar ai\outputs\patches\TMC-2_ch2_tmc_ncn_20211122T1925079214_d_img_d18_03456_00000.png,3456,0,256,256,-45_350,test
TMC-2_ch2_tmc_ncn_20211122T1925079214_d_img_d18_03584_00000,ch2_tmc_ncn_20211122T1925079214_d_img_d18.img,TMC-2,-45.329047,350.030301,37.079546,,D:\lunar ai\outputs\patches\TMC-2_ch2_tmc_ncn_20211122T1925079214_d_img_d18_03584_00000.png,3584,0,256,256,-45_350,test
TMC-2_ch2_tmc_ncn_20211122T1925079214_d_img_d18_03712_00000,ch2_tmc_ncn_20211122T1925079214_d_img_d18.img,TMC-2,-45.334174,350.030301,37.079546,,D:\lunar ai\outputs\patches\TMC-2_ch2_tmc_ncn_20211122T1925079214_d_img_d18_03712_00000.png,3712,0,256,256,-45_350,test
TMC-2_ch2_tmc_ncn_20211122T1925079214_d_img_d18_03840_00000,ch2_tmc_ncn_20211122T1925079214_d_img_d18.img,TMC-2,-45.339301,350.030301,37.079546,,D:\lunar ai\outputs\patches\TMC-2_ch2_tmc_ncn_20211122T1925079214_d_img_d18_03840_00000.png,3840,0,256,256,-45_350,test
TMC-2_ch2_tmc_ncn_20211122T1925079214_d_img_d18_03968_00000,ch2_tmc_ncn_20211122T1925079214_d_img_d18.img,TMC-2,-45.344428,350.030301,37.079546,,D:\lunar ai\outputs\patches\TMC-2_ch2_tmc_ncn_20211122T1925079214_d_img_d18_03968_00000.png,3968,0,256,256,-45_350,test
TMC-2_ch2_tmc_ncn_20211122T1925079214_d_img_d18_04096_00000,ch2_tmc_ncn_20211122T1925079214_d_img_d18.img,TMC-2,-45.349555,350.030301,37.079546,,D:\lunar ai\outputs\patches\TMC-2_ch2_tmc_ncn_20211122T1925079214_d_img_d18_04096_00000.png,4096,0,256,256,-45_350,test
TMC-2_ch2_tmc_ncn_20211122T1925079214_d_img_d18_04224_00000,ch2_tmc_ncn_20211122T1925079214_d_img_d18.img,TMC-2,-45.354682,350.030301,37.079546,,D:\lunar ai\outputs\patches\TMC-2_ch2_tmc_ncn_20211122T1925079214_d_img_d18_04224_00000.png,4224,0,256,256,-45_350,test
TMC-2_ch2_tmc_ncn_20211122T1925079214_d_img_d18_04352_00000,ch2_tmc_ncn_20211122T1925079214_d_img_d18.img,TMC-2,-45.359809,350.030301,37.079546,,D:\lunar ai\outputs\patches\TMC-2_ch2_tmc_ncn_20211122T1925079214_d_img_d18_04352_00000.png,4352,0,256,256,-45_350,test
TMC-2_ch2_tmc_ncn_20211122T1925079214_d_img_d18_04480_00000,ch2_tmc_ncn_20211122T1925079214_d_img_d18.img,TMC-2,-45.364936,350.030301,37.079546,,D:\lunar ai\outputs\patches\TMC-2_ch2_tmc_ncn_20211122T1925079214_d_img_d18_04480_00000.png,4480,0,256,256,-45_350,test
TMC-2_ch2_tmc_ncn_20211122T1925079214_d_img_d18_04608_00000,ch2_tmc_ncn_20211122T1925079214_d_img_d18.img,TMC-2,-45.370062,350.030301,37.079546,,D:\lunar ai\outputs\patches\TMC-2_ch2_tmc_ncn_20211122T1925079214_d_img_d18_04608_00000.png,4608,0,256,256,-45_350,test
TMC-2_ch2_tmc_ncn_20211122T1925079214_d_img_d18_04736_00000,ch2_tmc_ncn_20211122T1925079214_d_img_d18.img,TMC-2,-45.375189,350.030301,37.079546,,D:\lunar ai\outputs\patches\TMC-2_ch2_tmc_ncn_20211122T1925079214_d_img_d18_04736_00000.png,4736,0,256,256,-45_350,test
TMC-2_ch2_tmc_ncn_20211122T1925079214_d_img_d18_04864_00000,ch2_tmc_ncn_20211122T1925079214_d_img_d18.img,TMC-2,-45.380316,350.030301,37.079546,,D:\lunar ai\outputs\patches\TMC-2_ch2_tmc_ncn_20211122T1925079214_d_img_d18_04864_00000.png,4864,0,256,256,-45_350,test
TMC-2_ch2_tmc_ncn_20211122T1925079214_d_img_d18_04992_00000,ch2_tmc_ncn_20211122T1925079214_d_img_d18.img,TMC-2,-45.385443,350.030301,37.079546,,D:\lunar ai\outputs\patches\TMC-2_ch2_tmc_ncn_20211122T1925079214_d_img_d18_04992_00000.png,4992,0,256,256,-45_350,test
TMC-2_ch2_tmc_ncn_20211122T1925079214_d_img_d18_05120_00000,ch2_tmc_ncn_20211122T1925079214_d_img_d18.img,TMC-2,-45.39057,350.030301,37.079546,,D:\lunar ai\outputs\patches\TMC-2_ch2_tmc_ncn_20211122T1925079214_d_img_d18_05120_00000.png,5120,0,256,256,-45_350,test
TMC-2_ch2_tmc_ncn_20211122T1925079214_d_img_d18_05248_00000,ch2_tmc_ncn_20211122T1925079214_d_img_d18.img,TMC-2,-45.395697,350.030301,37.079546,,D:\lunar ai\outputs\patches\TMC-2_ch2_tmc_ncn_20211122T1925079214_d_img_d18_05248_00000.png,5248,0,256,256,-45_350,test
TMC-2_ch2_tmc_ncn_20211122T1925079214_d_img_d18_05376_00000,ch2_tmc_ncn_20211122T1925079214_d_img_d18.img,TMC-2,-45.400824,350.030301,37.079546,,D:\lunar ai\outputs\patches\TMC-2_ch2_tmc_ncn_20211122T1925079214_d_img_d18_05376_00000.png,5376,0,256,256,-45_350,test
TMC-2_ch2_tmc_ncn_20211122T1925079214_d_img_d18_05504_00000,ch2_tmc_ncn_20211122T1925079214_d_img_d18.img,TMC-2,-45.405951,350.030301,37.079546,,D:\lunar ai\outputs\patches\TMC-2_ch2_tmc_ncn_20211122T1925079214_d_img_d18_05504_00000.png,5504,0,256,256,-45_350,test
TMC-2_ch2_tmc_ncn_20211122T1925079214_d_img_d18_05632_00000,ch2_tmc_ncn_20211122T1925079214_d_img_d18.img,TMC-2,-45.411078,350.030301,37.079546,,D:\lunar ai\outputs\patches\TMC-2_ch2_tmc_ncn_20211122T1925079214_d_img_d18_05632_00000.png,5632,0,256,256,-45_350,test
TMC-2_ch2_tmc_ncn_20211122T1925079214_d_img_d18_05760_00000,ch2_tmc_ncn_20211122T1925079214_d_img_d18.img,TMC-2,-45.416205,350.030301,37.079546,,D:\lunar ai\outputs\patches\TMC-2_ch2_tmc_ncn_20211122T1925079214_d_img_d18_05760_00000.png,5760,0,256,256,-45_350,test
TMC-2_ch2_tmc_ncn_20211122T1925079214_d_img_d18_05888_00000,ch2_tmc_ncn_20211122T1925079214_d_img_d18.img,TMC-2,-45.421332,350.030301,37.079546,,D:\lunar ai\outputs\patches\TMC-2_ch2_tmc_ncn_20211122T1925079214_d_img_d18_05888_00000.png,5888,0,256,256,-45_350,test
TMC-2_ch2_tmc_ncn_20211122T1925079214_d_img_d18_06016_00000,ch2_tmc_ncn_20211122T1925079214_d_img_d18.img,TMC-2,-45.426459,350.030301,37.079546,,D:\lunar ai\outputs\patches\TMC-2_ch2_tmc_ncn_20211122T1925079214_d_img_d18_06016_00000.png,6016,0,256,256,-45_350,test
TMC-2_ch2_tmc_ncn_20211122T1925079214_d_img_d18_06144_00000,ch2_tmc_ncn_20211122T1925079214_d_img_d18.img,TMC-2,-45.431586,350.030301,37.079546,,D:\lunar ai\outputs\patches\TMC-2_ch2_tmc_ncn_20211122T1925079214_d_img_d18_06144_00000.png,6144,0,256,256,-45_350,test
TMC-2_ch2_tmc_ncn_20211122T1925079214_d_img_d18_06272_00000,ch2_tmc_ncn_20211122T1925079214_d_img_d18.img,TMC-2,-45.436713,350.030301,37.079546,,D:\lunar ai\outputs\patches\TMC-2_ch2_tmc_ncn_20211122T1925079214_d_img_d18_06272_00000.png,6272,0,256,256,-45_350,test
TMC-2_ch2_tmc_ncn_20211122T1925079214_d_img_d18_06400_00000,ch2_tmc_ncn_20211122T1925079214_d_img_d18.img,TMC-2,-45.44184,350.030301,37.079546,,D:\lunar ai\outputs\patches\TMC-2_ch2_tmc_ncn_20211122T1925079214_d_img_d18_06400_00000.png,6400,0,256,256,-45_350,test
TMC-2_ch2_tmc_ncn_20211122T1925079214_d_img_d18_06528_00000,ch2_tmc_ncn_20211122T1925079214_d_img_d18.img,TMC-2,-45.446967,350.030301,37.079546,,D:\lunar ai\outputs\patches\TMC-2_ch2_tmc_ncn_20211122T1925079214_d_img_d18_06528_00000.png,6528,0,256,256,-45_350,test
TMC-2_ch2_tmc_ncn_20211122T1925079214_d_img_d18_06656_00000,ch2_tmc_ncn_20211122T1925079214_d_img_d18.img,TMC-2,-45.452094,350.030301,37.079546,,D:\lunar ai\outputs\patches\TMC-2_ch2_tmc_ncn_20211122T1925079214_d_img_d18_06656_00000.png,6656,0,256,256,-45_350,test
TMC-2_ch2_tmc_ncn_20211122T1925079214_d_img_d18_06784_00000,ch2_tmc_ncn_20211122T1925079214_d_img_d18.img,TMC-2,-45.457221,350.030301,37.079546,,D:\lunar ai\outputs\patches\TMC-2_ch2_tmc_ncn_20211122T1925079214_d_img_d18_06784_00000.png,6784,0,256,256,-45_350,test
TMC-2_ch2_tmc_ncn_20211122T1925079214_d_img_d18_06912_00000,ch2_tmc_ncn_20211122T1925079214_d_img_d18.img,TMC-2,-45.462348,350.030301,37.079546,,D:\lunar ai\outputs\patches\TMC-2_ch2_tmc_ncn_20211122T1925079214_d_img_d18_06912_00000.png,6912,0,256,256,-45_350,test
TMC-2_ch2_tmc_ncn_20211122T1925079214_d_img_d18_07040_00000,ch2_tmc_ncn_20211122T1925079214_d_img_d18.img,TMC-2,-45.467475,350.030301,37.079546,,D:\lunar ai\outputs\patches\TMC-2_ch2_tmc_ncn_20211122T1925079214_d_img_d18_07040_00000.png,7040,0,256,256,-45_350,test
TMC-2_ch2_tmc_ncn_20211122T1925079214_d_img_d18_07168_00000,ch2_tmc_ncn_20211122T1925079214_d_img_d18.img,TMC-2,-45.472602,350.030301,37.079546,,D:\lunar ai\outputs\patches\TMC-2_ch2_tmc_ncn_20211122T1925079214_d_img_d18_07168_00000.png,7168,0,256,256,-45_350,test
TMC-2_ch2_tmc_ncn_20211122T1925079214_d_img_d18_07296_00000,ch2_tmc_ncn_20211122T1925079214_d_img_d18.img,TMC-2,-45.477729,350.030301,37.079546,,D:\lunar ai\outputs\patches\TMC-2_ch2_tmc_ncn_20211122T1925079214_d_img_d18_07296_00000.png,7296,0,256,256,-45_350,test
TMC-2_ch2_tmc_ncn_20211122T1925079214_d_img_d18_07424_00000,ch2_tmc_ncn_20211122T1925079214_d_img_d18.img,TMC-2,-45.482856,350.030301,37.079546,,D:\lunar ai\outputs\patches\TMC-2_ch2_tmc_ncn_20211122T1925079214_d_img_d18_07424_00000.png,7424,0,256,256,-45_350,test
TMC-2_ch2_tmc_ncn_20211122T1925079214_d_img_d18_07552_00000,ch2_tmc_ncn_20211122T1925079214_d_img_d18.img,TMC-2,-45.487983,350.030301,37.079546,,D:\lunar ai\outputs\patches\TMC-2_ch2_tmc_ncn_20211122T1925079214_d_img_d18_07552_00000.png,7552,0,256,256,-45_350,test
TMC-2_ch2_tmc_ncn_20211122T1925079214_d_img_d18_07680_00000,ch2_tmc_ncn_20211122T1925079214_d_img_d18.img,TMC-2,-45.49311,350.030301,37.079546,,D:\lunar ai\outputs\patches\TMC-2_ch2_tmc_ncn_20211122T1925079214_d_img_d18_07680_00000.png,7680,0,256,256,-45_350,test
TMC-2_ch2_tmc_ncn_20211122T1925079214_d_img_d18_07808_00000,ch2_tmc_ncn_20211122T1925079214_d_img_d18.img,TMC-2,-45.498237,350.030301,37.079546,,D:\lunar ai\outputs\patches\TMC-2_ch2_tmc_ncn_20211122T1925079214_d_img_d18_07808_00000.png,7808,0,256,256,-45_350,test
TMC-2_ch2_tmc_ncn_20211122T1925079214_d_img_d18_07936_00000,ch2_tmc_ncn_20211122T1925079214_d_img_d18.img,TMC-2,-45.503364,350.030301,37.079546,,D:\lunar ai\outputs\patches\TMC-2_ch2_tmc_ncn_20211122T1925079214_d_img_d18_07936_00000.png,7936,0,256,256,-46_350,train
TMC-2_ch2_tmc_ncn_20211122T1925079214_d_img_d18_08064_00000,ch2_tmc_ncn_20211122T1925079214_d_img_d18.img,TMC-2,-45.508491,350.030301,37.079546,,D:\lunar ai\outputs\patches\TMC-2_ch2_tmc_ncn_20211122T1925079214_d_img_d18_08064_00000.png,8064,0,256,256,-46_350,train
TMC-2_ch2_tmc_ncn_20211122T1925079214_d_img_d18_08192_00000,ch2_tmc_ncn_20211122T1925079214_d_img_d18.img,TMC-2,-45.513618,350.030301,37.079546,,D:\lunar ai\outputs\patches\TMC-2_ch2_tmc_ncn_20211122T1925079214_d_img_d18_08192_00000.png,8192,0,256,256,-46_350,train
TMC-2_ch2_tmc_ncn_20211122T1925079214_d_img_d18_08320_00000,ch2_tmc_ncn_20211122T1925079214_d_img_d18.img,TMC-2,-45.518745,350.030301,37.079546,,D:\lunar ai\outputs\patches\TMC-2_ch2_tmc_ncn_20211122T1925079214_d_img_d18_08320_00000.png,8320,0,256,256,-46_350,train
TMC-2_ch2_tmc_ncn_20211122T1925079214_d_img_d18_08448_00000,ch2_tmc_ncn_20211122T1925079214_d_img_d18.img,TMC-2,-45.523872,350.030301,37.079546,,D:\lunar ai\outputs\patches\TMC-2_ch2_tmc_ncn_20211122T1925079214_d_img_d18_08448_00000.png,8448,0,256,256,-46_350,train
TMC-2_ch2_tmc_ncn_20211122T1925079214_d_img_d18_08576_00000,ch2_tmc_ncn_20211122T1925079214_d_img_d18.img,TMC-2,-45.528999,350.030301,37.079546,,D:\lunar ai\outputs\patches\TMC-2_ch2_tmc_ncn_20211122T1925079214_d_img_d18_08576_00000.png,8576,0,256,256,-46_350,train
TMC-2_ch2_tmc_ncn_20211122T1925079214_d_img_d18_08704_00000,ch2_tmc_ncn_20211122T1925079214_d_img_d18.img,TMC-2,-45.534126,350.030301,37.079546,,D:\lunar ai\outputs\patches\TMC-2_ch2_tmc_ncn_20211122T1925079214_d_img_d18_08704_00000.png,8704,0,256,256,-46_350,train
TMC-2_ch2_tmc_ncn_20211122T1925079214_d_img_d18_08832_00000,ch2_tmc_ncn_20211122T1925079214_d_img_d18.img,TMC-2,-45.539253,350.030301,37.079546,,D:\lunar ai\outputs\patches\TMC-2_ch2_tmc_ncn_20211122T1925079214_d_img_d18_08832_00000.png,8832,0,256,256,-46_350,train
TMC-2_ch2_tmc_ncn_20211122T1925079214_d_img_d18_08960_00000,ch2_tmc_ncn_20211122T1925079214_d_img_d18.img,TMC-2,-45.54438,350.030301,37.079546,,D:\lunar ai\outputs\patches\TMC-2_ch2_tmc_ncn_20211122T1925079214_d_img_d18_08960_00000.png,8960,0,256,256,-46_350,train
TMC-2_ch2_tmc_ncn_20211122T1925079214_d_img_d18_09088_00000,ch2_tmc_ncn_20211122T1925079214_d_img_d18.img,TMC-2,-45.549507,350.030301,37.079546,,D:\lunar ai\outputs\patches\TMC-2_ch2_tmc_ncn_20211122T1925079214_d_img_d18_09088_00000.png,9088,0,256,256,-46_350,train
TMC-2_ch2_tmc_ncn_20211122T1925079214_d_img_d18_09216_00000,ch2_tmc_ncn_20211122T1925079214_d_img_d18.img,TMC-2,-45.554634,350.030301,37.079546,,D:\lunar ai\outputs\patches\TMC-2_ch2_tmc_ncn_20211122T1925079214_d_img_d18_09216_00000.png,9216,0,256,256,-46_350,train
TMC-2_ch2_tmc_ncn_20211122T1925079214_d_img_d18_09344_00000,ch2_tmc_ncn_20211122T1925079214_d_img_d18.img,TMC-2,-45.55976,350.030301,37.079546,,D:\lunar ai\outputs\patches\TMC-2_ch2_tmc_ncn_20211122T1925079214_d_img_d18_09344_00000.png,9344,0,256,256,-46_350,train
TMC-2_ch2_tmc_ncn_20211122T1925079214_d_img_d18_09472_00000,ch2_tmc_ncn_20211122T1925079214_d_img_d18.img,TMC-2,-45.564887,350.030301,37.079546,,D:\lunar ai\outputs\patches\TMC-2_ch2_tmc_ncn_20211122T1925079214_d_img_d18_09472_00000.png,9472,0,256,256,-46_350,train
TMC-2_ch2_tmc_ncn_20211122T1925079214_d_img_d18_09600_00000,ch2_tmc_ncn_20211122T1925079214_d_img_d18.img,TMC-2,-45.570014,350.030301,37.079546,,D:\lunar ai\outputs\patches\TMC-2_ch2_tmc_ncn_20211122T1925079214_d_img_d18_09600_00000.png,9600,0,256,256,-46_350,train
TMC-2_ch2_tmc_ncn_20211122T1925079214_d_img_d18_09728_00000,ch2_tmc_ncn_20211122T1925079214_d_img_d18.img,TMC-2,-45.575141,350.030301,37.079546,,D:\lunar ai\outputs\patches\TMC-2_ch2_tmc_ncn_20211122T1925079214_d_img_d18_09728_00000.png,9728,0,256,256,-46_350,train
TMC-2_ch2_tmc_ncn_20211122T1925079214_d_img_d18_09856_00000,ch2_tmc_ncn_20211122T1925079214_d_img_d18.img,TMC-2,-45.580268,350.030301,37.079546,,D:\lunar ai\outputs\patches\TMC-2_ch2_tmc_ncn_20211122T1925079214_d_img_d18_09856_00000.png,9856,0,256,256,-46_350,train
TMC-2_ch2_tmc_ncn_20211122T1925079214_d_img_d18_09984_00000,ch2_tmc_ncn_20211122T1925079214_d_img_d18.img,TMC-2,-45.585395,350.030301,37.079546,,D:\lunar ai\outputs\patches\TMC-2_ch2_tmc_ncn_20211122T1925079214_d_img_d18_09984_00000.png,9984,0,256,256,-46_350,train
TMC-2_ch2_tmc_ncn_20211122T1925079214_d_img_d18_10112_00000,ch2_tmc_ncn_20211122T1925079214_d_img_d18.img,TMC-2,-45.590522,350.030301,37.079546,,D:\lunar ai\outputs\patches\TMC-2_ch2_tmc_ncn_20211122T1925079214_d_img_d18_10112_00000.png,10112,0,256,256,-46_350,train
TMC-2_ch2_tmc_ncn_20211122T1925079214_d_img_d18_10240_00000,ch2_tmc_ncn_20211122T1925079214_d_img_d18.img,TMC-2,-45.595649,350.030301,37.079546,,D:\lunar ai\outputs\patches\TMC-2_ch2_tmc_ncn_20211122T1925079214_d_img_d18_10240_00000.png,10240,0,256,256,-46_350,train
TMC-2_ch2_tmc_ncn_20211122T1925079214_d_img_d18_10368_00000,ch2_tmc_ncn_20211122T1925079214_d_img_d18.img,TMC-2,-45.600776,350.030301,37.079546,,D:\lunar ai\outputs\patches\TMC-2_ch2_tmc_ncn_20211122T1925079214_d_img_d18_10368_00000.png,10368,0,256,256,-46_350,train
TMC-2_ch2_tmc_ncn_20211122T1925079214_d_img_d18_10496_00000,ch2_tmc_ncn_20211122T1925079214_d_img_d18.img,TMC-2,-45.605903,350.030301,37.079546,,D:\lunar ai\outputs\patches\TMC-2_ch2_tmc_ncn_20211122T1925079214_d_img_d18_10496_00000.png,10496,0,256,256,-46_350,train
TMC-2_ch2_tmc_ncn_20211122T1925079214_d_img_d18_10624_00000,ch2_tmc_ncn_20211122T1925079214_d_img_d18.img,TMC-2,-45.61103,350.030301,37.079546,,D:\lunar ai\outputs\patches\TMC-2_ch2_tmc_ncn_20211122T1925079214_d_img_d18_10624_00000.png,10624,0,256,256,-46_350,train
TMC-2_ch2_tmc_ncn_20211122T1925079214_d_img_d18_10752_00000,ch2_tmc_ncn_20211122T1925079214_d_img_d18.img,TMC-2,-45.616157,350.030301,37.079546,,D:\lunar ai\outputs\patches\TMC-2_ch2_tmc_ncn_20211122T1925079214_d_img_d18_10752_00000.png,10752,0,256,256,-46_350,train
TMC-2_ch2_tmc_ncn_20211122T1925079214_d_img_d18_10880_00000,ch2_tmc_ncn_20211122T1925079214_d_img_d18.img,TMC-2,-45.621284,350.030301,37.079546,,D:\lunar ai\outputs\patches\TMC-2_ch2_tmc_ncn_20211122T1925079214_d_img_d18_10880_00000.png,10880,0,256,256,-46_350,train
TMC-2_ch2_tmc_ncn_20211122T1925079214_d_img_d18_11008_00000,ch2_tmc_ncn_20211122T1925079214_d_img_d18.img,TMC-2,-45.626411,350.030301,37.079546,,D:\lunar ai\outputs\patches\TMC-2_ch2_tmc_ncn_20211122T1925079214_d_img_d18_11008_00000.png,11008,0,256,256,-46_350,train
TMC-2_ch2_tmc_ncn_20211122T1925079214_d_img_d18_11136_00000,ch2_tmc_ncn_20211122T1925079214_d_img_d18.img,TMC-2,-45.631538,350.030301,37.079546,,D:\lunar ai\outputs\patches\TMC-2_ch2_tmc_ncn_20211122T1925079214_d_img_d18_11136_00000.png,11136,0,256,256,-46_350,train
TMC-2_ch2_tmc_ncn_20211122T1925079214_d_img_d18_11264_00000,ch2_tmc_ncn_20211122T1925079214_d_img_d18.img,TMC-2,-45.636665,350.030301,37.079546,,D:\lunar ai\outputs\patches\TMC-2_ch2_tmc_ncn_20211122T1925079214_d_img_d18_11264_00000.png,11264,0,256,256,-46_350,train
TMC-2_ch2_tmc_ncn_20211122T1925079214_d_img_d18_11392_00000,ch2_tmc_ncn_20211122T1925079214_d_img_d18.img,TMC-2,-45.641792,350.030301,37.079546,,D:\lunar ai\outputs\patches\TMC-2_ch2_tmc_ncn_20211122T1925079214_d_img_d18_11392_00000.png,11392,0,256,256,-46_350,train
TMC-2_ch2_tmc_ncn_20211122T1925079214_d_img_d18_11520_00000,ch2_tmc_ncn_20211122T1925079214_d_img_d18.img,TMC-2,-45.646919,350.030301,37.079546,,D:\lunar ai\outputs\patches\TMC-2_ch2_tmc_ncn_20211122T1925079214_d_img_d18_11520_00000.png,11520,0,256,256,-46_350,train
TMC-2_ch2_tmc_ncn_20211122T1925079214_d_img_d18_11648_00000,ch2_tmc_ncn_20211122T1925079214_d_img_d18.img,TMC-2,-45.652046,350.030301,37.079546,,D:\lunar ai\outputs\patches\TMC-2_ch2_tmc_ncn_20211122T1925079214_d_img_d18_11648_00000.png,11648,0,256,256,-46_350,train
TMC-2_ch2_tmc_ncn_20211122T1925079214_d_img_d18_11776_00000,ch2_tmc_ncn_20211122T1925079214_d_img_d18.img,TMC-2,-45.657173,350.030301,37.079546,,D:\lunar ai\outputs\patches\TMC-2_ch2_tmc_ncn_20211122T1925079214_d_img_d18_11776_00000.png,11776,0,256,256,-46_350,train
TMC-2_ch2_tmc_ncn_20211122T1925079214_d_img_d18_11904_00000,ch2_tmc_ncn_20211122T1925079214_d_img_d18.img,TMC-2,-45.6623,350.030301,37.079546,,D:\lunar ai\outputs\patches\TMC-2_ch2_tmc_ncn_20211122T1925079214_d_img_d18_11904_00000.png,11904,0,256,256,-46_350,train
TMC-2_ch2_tmc_ncn_20211122T1925079214_d_img_d18_12032_00000,ch2_tmc_ncn_20211122T1925079214_d_img_d18.img,TMC-2,-45.667427,350.030301,37.079546,,D:\lunar ai\outputs\patches\TMC-2_ch2_tmc_ncn_20211122T1925079214_d_img_d18_12032_00000.png,12032,0,256,256,-46_350,train
TMC-2_ch2_tmc_ncn_20211122T1925079214_d_img_d18_12160_00000,ch2_tmc_ncn_20211122T1925079214_d_img_d18.img,TMC-2,-45.672554,350.030301,37.079546,,D:\lunar ai\outputs\patches\TMC-2_ch2_tmc_ncn_20211122T1925079214_d_img_d18_12160_00000.png,12160,0,256,256,-46_350,train
TMC-2_ch2_tmc_ncn_20211122T1925079214_d_img_d18_12227_00000,ch2_tmc_ncn_20211122T1925079214_d_img_d18.img,TMC-2,-45.675238,350.030301,37.079546,,D:\lunar ai\outputs\patches\TMC-2_ch2_tmc_ncn_20211122T1925079214_d_img_d18_12227_00000.png,12227,0,256,256,-46_350,train
TMC-2_ch2_tmc_ncn_20211123T0119537815_d_img_d18_00000_00000,ch2_tmc_ncn_20211123T0119537815_d_img_d18.img,TMC-2,-44.966174,346.880081,37.328687,,D:\lunar ai\outputs\patches\TMC-2_ch2_tmc_ncn_20211123T0119537815_d_img_d18_00000_00000.png,0,0,256,256,-45_347,train
TMC-2_ch2_tmc_ncn_20211123T0119537815_d_img_d18_00128_00000,ch2_tmc_ncn_20211123T0119537815_d_img_d18.img,TMC-2,-44.971301,346.880081,37.328687,,D:\lunar ai\outputs\patches\TMC-2_ch2_tmc_ncn_20211123T0119537815_d_img_d18_00128_00000.png,128,0,256,256,-45_347,train
TMC-2_ch2_tmc_ncn_20211123T0119537815_d_img_d18_00256_00000,ch2_tmc_ncn_20211123T0119537815_d_img_d18.img,TMC-2,-44.976428,346.880081,37.328687,,D:\lunar ai\outputs\patches\TMC-2_ch2_tmc_ncn_20211123T0119537815_d_img_d18_00256_00000.png,256,0,256,256,-45_347,train
TMC-2_ch2_tmc_ncn_20211123T0119537815_d_img_d18_00384_00000,ch2_tmc_ncn_20211123T0119537815_d_img_d18.img,TMC-2,-44.981555,346.880081,37.328687,,D:\lunar ai\outputs\patches\TMC-2_ch2_tmc_ncn_20211123T0119537815_d_img_d18_00384_00000.png,384,0,256,256,-45_347,train
TMC-2_ch2_tmc_ncn_20211123T0119537815_d_img_d18_00512_00000,ch2_tmc_ncn_20211123T0119537815_d_img_d18.img,TMC-2,-44.986682,346.880081,37.328687,,D:\lunar ai\outputs\patches\TMC-2_ch2_tmc_ncn_20211123T0119537815_d_img_d18_00512_00000.png,512,0,256,256,-45_347,train
TMC-2_ch2_tmc_ncn_20211123T0119537815_d_img_d18_00640_00000,ch2_tmc_ncn_20211123T0119537815_d_img_d18.img,TMC-2,-44.991809,346.880081,37.328687,,D:\lunar ai\outputs\patches\TMC-2_ch2_tmc_ncn_20211123T0119537815_d_img_d18_00640_00000.png,640,0,256,256,-45_347,train
TMC-2_ch2_tmc_ncn_20211123T0119537815_d_img_d18_00768_00000,ch2_tmc_ncn_20211123T0119537815_d_img_d18.img,TMC-2,-44.996936,346.880081,37.328687,,D:\lunar ai\outputs\patches\TMC-2_ch2_tmc_ncn_20211123T0119537815_d_img_d18_00768_00000.png,768,0,256,256,-45_347,train
TMC-2_ch2_tmc_ncn_20211123T0119537815_d_img_d18_00896_00000,ch2_tmc_ncn_20211123T0119537815_d_img_d18.img,TMC-2,-45.002063,346.880081,37.328687,,D:\lunar ai\outputs\patches\TMC-2_ch2_tmc_ncn_20211123T0119537815_d_img_d18_00896_00000.png,896,0,256,256,-45_347,train
TMC-2_ch2_tmc_ncn_20211123T0119537815_d_img_d18_01408_00000,ch2_tmc_ncn_20211123T0119537815_d_img_d18.img,TMC-2,-45.022571,346.880081,37.328687,,D:\lunar ai\outputs\patches\TMC-2_ch2_tmc_ncn_20211123T0119537815_d_img_d18_01408_00000.png,1408,0,256,256,-45_347,train
TMC-2_ch2_tmc_ncn_20211123T0119537815_d_img_d18_01536_00000,ch2_tmc_ncn_20211123T0119537815_d_img_d18.img,TMC-2,-45.027698,346.880081,37.328687,,D:\lunar ai\outputs\patches\TMC-2_ch2_tmc_ncn_20211123T0119537815_d_img_d18_01536_00000.png,1536,0,256,256,-45_347,train
TMC-2_ch2_tmc_ncn_20211123T0119537815_d_img_d18_01664_00000,ch2_tmc_ncn_20211123T0119537815_d_img_d18.img,TMC-2,-45.032825,346.880081,37.328687,,D:\lunar ai\outputs\patches\TMC-2_ch2_tmc_ncn_20211123T0119537815_d_img_d18_01664_00000.png,1664,0,256,256,-45_347,train
TMC-2_ch2_tmc_ncn_20211123T0119537815_d_img_d18_01792_00000,ch2_tmc_ncn_20211123T0119537815_d_img_d18.img,TMC-2,-45.037952,346.880081,37.328687,,D:\lunar ai\outputs\patches\TMC-2_ch2_tmc_ncn_20211123T0119537815_d_img_d18_01792_00000.png,1792,0,256,256,-45_347,train
TMC-2_ch2_tmc_ncn_20211123T0119537815_d_img_d18_01920_00000,ch2_tmc_ncn_20211123T0119537815_d_img_d18.img,TMC-2,-45.043079,346.880081,37.328687,,D:\lunar ai\outputs\patches\TMC-2_ch2_tmc_ncn_20211123T0119537815_d_img_d18_01920_00000.png,1920,0,256,256,-45_347,train
TMC-2_ch2_tmc_ncn_20211123T0119537815_d_img_d18_02048_00000,ch2_tmc_ncn_20211123T0119537815_d_img_d18.img,TMC-2,-45.048206,346.880081,37.328687,,D:\lunar ai\outputs\patches\TMC-2_ch2_tmc_ncn_20211123T0119537815_d_img_d18_02048_00000.png,2048,0,256,256,-45_347,train
TMC-2_ch2_tmc_ncn_20211123T0119537815_d_img_d18_02176_00000,ch2_tmc_ncn_20211123T0119537815_d_img_d18.img,TMC-2,-45.053333,346.880081,37.328687,,D:\lunar ai\outputs\patches\TMC-2_ch2_tmc_ncn_20211123T0119537815_d_img_d18_02176_00000.png,2176,0,256,256,-45_347,train
TMC-2_ch2_tmc_ncn_20211123T0119537815_d_img_d18_02304_00000,ch2_tmc_ncn_20211123T0119537815_d_img_d18.img,TMC-2,-45.05846,346.880081,37.328687,,D:\lunar ai\outputs\patches\TMC-2_ch2_tmc_ncn_20211123T0119537815_d_img_d18_02304_00000.png,2304,0,256,256,-45_347,train
TMC-2_ch2_tmc_ncn_20211123T0119537815_d_img_d18_02432_00000,ch2_tmc_ncn_20211123T0119537815_d_img_d18.img,TMC-2,-45.063587,346.880081,37.328687,,D:\lunar ai\outputs\patches\TMC-2_ch2_tmc_ncn_20211123T0119537815_d_img_d18_02432_00000.png,2432,0,256,256,-45_347,train
TMC-2_ch2_tmc_ncn_20211123T0119537815_d_img_d18_02560_00000,ch2_tmc_ncn_20211123T0119537815_d_img_d18.img,TMC-2,-45.068714,346.880081,37.328687,,D:\lunar ai\outputs\patches\TMC-2_ch2_tmc_ncn_20211123T0119537815_d_img_d18_02560_00000.png,2560,0,256,256,-45_347,train
TMC-2_ch2_tmc_ncn_20211123T0119537815_d_img_d18_02688_00000,ch2_tmc_ncn_20211123T0119537815_d_img_d18.img,TMC-2,-45.073841,346.880081,37.328687,,D:\lunar ai\outputs\patches\TMC-2_ch2_tmc_ncn_20211123T0119537815_d_img_d18_02688_00000.png,2688,0,256,256,-45_347,train
TMC-2_ch2_tmc_ncn_20211123T0119537815_d_img_d18_02816_00000,ch2_tmc_ncn_20211123T0119537815_d_img_d18.img,TMC-2,-45.078968,346.880081,37.328687,,D:\lunar ai\outputs\patches\TMC-2_ch2_tmc_ncn_20211123T0119537815_d_img_d18_02816_00000.png,2816,0,256,256,-45_347,train
TMC-2_ch2_tmc_ncn_20211123T0119537815_d_img_d18_02944_00000,ch2_tmc_ncn_20211123T0119537815_d_img_d18.img,TMC-2,-45.084095,346.880081,37.328687,,D:\lunar ai\outputs\patches\TMC-2_ch2_tmc_ncn_20211123T0119537815_d_img_d18_02944_00000.png,2944,0,256,256,-45_347,train
TMC-2_ch2_tmc_ncn_20211123T0119537815_d_img_d18_03072_00000,ch2_tmc_ncn_20211123T0119537815_d_img_d18.img,TMC-2,-45.089222,346.880081,37.328687,,D:\lunar ai\outputs\patches\TMC-2_ch2_tmc_ncn_20211123T0119537815_d_img_d18_03072_00000.png,3072,0,256,256,-45_347,train
TMC-2_ch2_tmc_ncn_20211123T0119537815_d_img_d18_03200_00000,ch2_tmc_ncn_20211123T0119537815_d_img_d18.img,TMC-2,-45.094349,346.880081,37.328687,,D:\lunar ai\outputs\patches\TMC-2_ch2_tmc_ncn_20211123T0119537815_d_img_d18_03200_00000.png,3200,0,256,256,-45_347,train
TMC-2_ch2_tmc_ncn_20211123T0119537815_d_img_d18_03328_00000,ch2_tmc_ncn_20211123T0119537815_d_img_d18.img,TMC-2,-45.099476,346.880081,37.328687,,D:\lunar ai\outputs\patches\TMC-2_ch2_tmc_ncn_20211123T0119537815_d_img_d18_03328_00000.png,3328,0,256,256,-45_347,train
TMC-2_ch2_tmc_ncn_20211123T0119537815_d_img_d18_03456_00000,ch2_tmc_ncn_20211123T0119537815_d_img_d18.img,TMC-2,-45.104603,346.880081,37.328687,,D:\lunar ai\outputs\patches\TMC-2_ch2_tmc_ncn_20211123T0119537815_d_img_d18_03456_00000.png,3456,0,256,256,-45_347,train
TMC-2_ch2_tmc_ncn_20211123T0119537815_d_img_d18_03584_00000,ch2_tmc_ncn_20211123T0119537815_d_img_d18.img,TMC-2,-45.10973,346.880081,37.328687,,D:\lunar ai\outputs\patches\TMC-2_ch2_tmc_ncn_20211123T0119537815_d_img_d18_03584_00000.png,3584,0,256,256,-45_347,train
TMC-2_ch2_tmc_ncn_20211123T0119537815_d_img_d18_03712_00000,ch2_tmc_ncn_20211123T0119537815_d_img_d18.img,TMC-2,-45.114857,346.880081,37.328687,,D:\lunar ai\outputs\patches\TMC-2_ch2_tmc_ncn_20211123T0119537815_d_img_d18_03712_00000.png,3712,0,256,256,-45_347,train
TMC-2_ch2_tmc_ncn_20211123T0119537815_d_img_d18_03840_00000,ch2_tmc_ncn_20211123T0119537815_d_img_d18.img,TMC-2,-45.119984,346.880081,37.328687,,D:\lunar ai\outputs\patches\TMC-2_ch2_tmc_ncn_20211123T0119537815_d_img_d18_03840_00000.png,3840,0,256,256,-45_347,train
TMC-2_ch2_tmc_ncn_20211123T0119537815_d_img_d18_03968_00000,ch2_tmc_ncn_20211123T0119537815_d_img_d18.img,TMC-2,-45.125111,346.880081,37.328687,,D:\lunar ai\outputs\patches\TMC-2_ch2_tmc_ncn_20211123T0119537815_d_img_d18_03968_00000.png,3968,0,256,256,-45_347,train
TMC-2_ch2_tmc_ncn_20211123T0119537815_d_img_d18_04096_00000,ch2_tmc_ncn_20211123T0119537815_d_img_d18.img,TMC-2,-45.130238,346.880081,37.328687,,D:\lunar ai\outputs\patches\TMC-2_ch2_tmc_ncn_20211123T0119537815_d_img_d18_04096_00000.png,4096,0,256,256,-45_347,train
TMC-2_ch2_tmc_ncn_20211123T0119537815_d_img_d18_04224_00000,ch2_tmc_ncn_20211123T0119537815_d_img_d18.img,TMC-2,-45.135365,346.880081,37.328687,,D:\lunar ai\outputs\patches\TMC-2_ch2_tmc_ncn_20211123T0119537815_d_img_d18_04224_00000.png,4224,0,256,256,-45_347,train
TMC-2_ch2_tmc_ncn_20211123T0119537815_d_img_d18_04352_00000,ch2_tmc_ncn_20211123T0119537815_d_img_d18.img,TMC-2,-45.140492,346.880081,37.328687,,D:\lunar ai\outputs\patches\TMC-2_ch2_tmc_ncn_20211123T0119537815_d_img_d18_04352_00000.png,4352,0,256,256,-45_347,train
TMC-2_ch2_tmc_ncn_20211123T0119537815_d_img_d18_04480_00000,ch2_tmc_ncn_20211123T0119537815_d_img_d18.img,TMC-2,-45.145619,346.880081,37.328687,,D:\lunar ai\outputs\patches\TMC-2_ch2_tmc_ncn_20211123T0119537815_d_img_d18_04480_00000.png,4480,0,256,256,-45_347,train
TMC-2_ch2_tmc_ncn_20211123T0119537815_d_img_d18_04608_00000,ch2_tmc_ncn_20211123T0119537815_d_img_d18.img,TMC-2,-45.150745,346.880081,37.328687,,D:\lunar ai\outputs\patches\TMC-2_ch2_tmc_ncn_20211123T0119537815_d_img_d18_04608_00000.png,4608,0,256,256,-45_347,train
TMC-2_ch2_tmc_ncn_20211123T0119537815_d_img_d18_04736_00000,ch2_tmc_ncn_20211123T0119537815_d_img_d18.img,TMC-2,-45.155872,346.880081,37.328687,,D:\lunar ai\outputs\patches\TMC-2_ch2_tmc_ncn_20211123T0119537815_d_img_d18_04736_00000.png,4736,0,256,256,-45_347,train
TMC-2_ch2_tmc_ncn_20211123T0119537815_d_img_d18_04864_00000,ch2_tmc_ncn_20211123T0119537815_d_img_d18.img,TMC-2,-45.160999,346.880081,37.328687,,D:\lunar ai\outputs\patches\TMC-2_ch2_tmc_ncn_20211123T0119537815_d_img_d18_04864_00000.png,4864,0,256,256,-45_347,train
TMC-2_ch2_tmc_ncn_20211123T0119537815_d_img_d18_04992_00000,ch2_tmc_ncn_20211123T0119537815_d_img_d18.img,TMC-2,-45.166126,346.880081,37.328687,,D:\lunar ai\outputs\patches\TMC-2_ch2_tmc_ncn_20211123T0119537815_d_img_d18_04992_00000.png,4992,0,256,256,-45_347,train
TMC-2_ch2_tmc_ncn_20211123T0119537815_d_img_d18_05120_00000,ch2_tmc_ncn_20211123T0119537815_d_img_d18.img,TMC-2,-45.171253,346.880081,37.328687,,D:\lunar ai\outputs\patches\TMC-2_ch2_tmc_ncn_20211123T0119537815_d_img_d18_05120_00000.png,5120,0,256,256,-45_347,train
TMC-2_ch2_tmc_ncn_20211123T0119537815_d_img_d18_05248_00000,ch2_tmc_ncn_20211123T0119537815_d_img_d18.img,TMC-2,-45.17638,346.880081,37.328687,,D:\lunar ai\outputs\patches\TMC-2_ch2_tmc_ncn_20211123T0119537815_d_img_d18_05248_00000.png,5248,0,256,256,-45_347,train
TMC-2_ch2_tmc_ncn_20211123T0119537815_d_img_d18_05376_00000,ch2_tmc_ncn_20211123T0119537815_d_img_d18.img,TMC-2,-45.181507,346.880081,37.328687,,D:\lunar ai\outputs\patches\TMC-2_ch2_tmc_ncn_20211123T0119537815_d_img_d18_05376_00000.png,5376,0,256,256,-45_347,train
TMC-2_ch2_tmc_ncn_20211123T0119537815_d_img_d18_05504_00000,ch2_tmc_ncn_20211123T0119537815_d_img_d18.img,TMC-2,-45.186634,346.880081,37.328687,,D:\lunar ai\outputs\patches\TMC-2_ch2_tmc_ncn_20211123T0119537815_d_img_d18_05504_00000.png,5504,0,256,256,-45_347,train
TMC-2_ch2_tmc_ncn_20211123T0119537815_d_img_d18_05632_00000,ch2_tmc_ncn_20211123T0119537815_d_img_d18.img,TMC-2,-45.191761,346.880081,37.328687,,D:\lunar ai\outputs\patches\TMC-2_ch2_tmc_ncn_20211123T0119537815_d_img_d18_05632_00000.png,5632,0,256,256,-45_347,train
TMC-2_ch2_tmc_ncn_20211123T0119537815_d_img_d18_05760_00000,ch2_tmc_ncn_20211123T0119537815_d_img_d18.img,TMC-2,-45.196888,346.880081,37.328687,,D:\lunar ai\outputs\patches\TMC-2_ch2_tmc_ncn_20211123T0119537815_d_img_d18_05760_00000.png,5760,0,256,256,-45_347,train
TMC-2_ch2_tmc_ncn_20211123T0119537815_d_img_d18_05888_00000,ch2_tmc_ncn_20211123T0119537815_d_img_d18.img,TMC-2,-45.202015,346.880081,37.328687,,D:\lunar ai\outputs\patches\TMC-2_ch2_tmc_ncn_20211123T0119537815_d_img_d18_05888_00000.png,5888,0,256,256,-45_347,train
TMC-2_ch2_tmc_ncn_20211123T0119537815_d_img_d18_06016_00000,ch2_tmc_ncn_20211123T0119537815_d_img_d18.img,TMC-2,-45.207142,346.880081,37.328687,,D:\lunar ai\outputs\patches\TMC-2_ch2_tmc_ncn_20211123T0119537815_d_img_d18_06016_00000.png,6016,0,256,256,-45_347,train
TMC-2_ch2_tmc_ncn_20211123T0119537815_d_img_d18_06144_00000,ch2_tmc_ncn_20211123T0119537815_d_img_d18.img,TMC-2,-45.212269,346.880081,37.328687,,D:\lunar ai\outputs\patches\TMC-2_ch2_tmc_ncn_20211123T0119537815_d_img_d18_06144_00000.png,6144,0,256,256,-45_347,train
TMC-2_ch2_tmc_ncn_20211123T0119537815_d_img_d18_06272_00000,ch2_tmc_ncn_20211123T0119537815_d_img_d18.img,TMC-2,-45.217396,346.880081,37.328687,,D:\lunar ai\outputs\patches\TMC-2_ch2_tmc_ncn_20211123T0119537815_d_img_d18_06272_00000.png,6272,0,256,256,-45_347,train
TMC-2_ch2_tmc_ncn_20211123T0119537815_d_img_d18_06400_00000,ch2_tmc_ncn_20211123T0119537815_d_img_d18.img,TMC-2,-45.222523,346.880081,37.328687,,D:\lunar ai\outputs\patches\TMC-2_ch2_tmc_ncn_20211123T0119537815_d_img_d18_06400_00000.png,6400,0,256,256,-45_347,train
TMC-2_ch2_tmc_ncn_20211123T0119537815_d_img_d18_06528_00000,ch2_tmc_ncn_20211123T0119537815_d_img_d18.img,TMC-2,-45.22765,346.880081,37.328687,,D:\lunar ai\outputs\patches\TMC-2_ch2_tmc_ncn_20211123T0119537815_d_img_d18_06528_00000.png,6528,0,256,256,-45_347,train
TMC-2_ch2_tmc_ncn_20211123T0119537815_d_img_d18_06656_00000,ch2_tmc_ncn_20211123T0119537815_d_img_d18.img,TMC-2,-45.232777,346.880081,37.328687,,D:\lunar ai\outputs\patches\TMC-2_ch2_tmc_ncn_20211123T0119537815_d_img_d18_06656_00000.png,6656,0,256,256,-45_347,train
TMC-2_ch2_tmc_ncn_20211123T0119537815_d_img_d18_06784_00000,ch2_tmc_ncn_20211123T0119537815_d_img_d18.img,TMC-2,-45.237904,346.880081,37.328687,,D:\lunar ai\outputs\patches\TMC-2_ch2_tmc_ncn_20211123T0119537815_d_img_d18_06784_00000.png,6784,0,256,256,-45_347,train
TMC-2_ch2_tmc_ncn_20211123T0119537815_d_img_d18_06912_00000,ch2_tmc_ncn_20211123T0119537815_d_img_d18.img,TMC-2,-45.243031,346.880081,37.328687,,D:\lunar ai\outputs\patches\TMC-2_ch2_tmc_ncn_20211123T0119537815_d_img_d18_06912_00000.png,6912,0,256,256,-45_347,train
TMC-2_ch2_tmc_ncn_20211123T0119537815_d_img_d18_07040_00000,ch2_tmc_ncn_20211123T0119537815_d_img_d18.img,TMC-2,-45.248158,346.880081,37.328687,,D:\lunar ai\outputs\patches\TMC-2_ch2_tmc_ncn_20211123T0119537815_d_img_d18_07040_00000.png,7040,0,256,256,-45_347,train
TMC-2_ch2_tmc_ncn_20211123T0119537815_d_img_d18_07168_00000,ch2_tmc_ncn_20211123T0119537815_d_img_d18.img,TMC-2,-45.253285,346.880081,37.328687,,D:\lunar ai\outputs\patches\TMC-2_ch2_tmc_ncn_20211123T0119537815_d_img_d18_07168_00000.png,7168,0,256,256,-45_347,train
TMC-2_ch2_tmc_ncn_20211123T0119537815_d_img_d18_07296_00000,ch2_tmc_ncn_20211123T0119537815_d_img_d18.img,TMC-2,-45.258412,346.880081,37.328687,,D:\lunar ai\outputs\patches\TMC-2_ch2_tmc_ncn_20211123T0119537815_d_img_d18_07296_00000.png,7296,0,256,256,-45_347,train
TMC-2_ch2_tmc_ncn_20211123T0119537815_d_img_d18_07424_00000,ch2_tmc_ncn_20211123T0119537815_d_img_d18.img,TMC-2,-45.263539,346.880081,37.328687,,D:\lunar ai\outputs\patches\TMC-2_ch2_tmc_ncn_20211123T0119537815_d_img_d18_07424_00000.png,7424,0,256,256,-45_347,train
TMC-2_ch2_tmc_ncn_20211123T0119537815_d_img_d18_07552_00000,ch2_tmc_ncn_20211123T0119537815_d_img_d18.img,TMC-2,-45.268666,346.880081,37.328687,,D:\lunar ai\outputs\patches\TMC-2_ch2_tmc_ncn_20211123T0119537815_d_img_d18_07552_00000.png,7552,0,256,256,-45_347,train
TMC-2_ch2_tmc_ncn_20211123T0119537815_d_img_d18_07680_00000,ch2_tmc_ncn_20211123T0119537815_d_img_d18.img,TMC-2,-45.273793,346.880081,37.328687,,D:\lunar ai\outputs\patches\TMC-2_ch2_tmc_ncn_20211123T0119537815_d_img_d18_07680_00000.png,7680,0,256,256,-45_347,train
TMC-2_ch2_tmc_ncn_20211123T0119537815_d_img_d18_07808_00000,ch2_tmc_ncn_20211123T0119537815_d_img_d18.img,TMC-2,-45.27892,346.880081,37.328687,,D:\lunar ai\outputs\patches\TMC-2_ch2_tmc_ncn_20211123T0119537815_d_img_d18_07808_00000.png,7808,0,256,256,-45_347,train
TMC-2_ch2_tmc_ncn_20211123T0119537815_d_img_d18_07936_00000,ch2_tmc_ncn_20211123T0119537815_d_img_d18.img,TMC-2,-45.284047,346.880081,37.328687,,D:\lunar ai\outputs\patches\TMC-2_ch2_tmc_ncn_20211123T0119537815_d_img_d18_07936_00000.png,7936,0,256,256,-45_347,train
TMC-2_ch2_tmc_ncn_20211123T0119537815_d_img_d18_08064_00000,ch2_tmc_ncn_20211123T0119537815_d_img_d18.img,TMC-2,-45.289174,346.880081,37.328687,,D:\lunar ai\outputs\patches\TMC-2_ch2_tmc_ncn_20211123T0119537815_d_img_d18_08064_00000.png,8064,0,256,256,-45_347,train
TMC-2_ch2_tmc_ncn_20211123T0119537815_d_img_d18_08192_00000,ch2_tmc_ncn_20211123T0119537815_d_img_d18.img,TMC-2,-45.294301,346.880081,37.328687,,D:\lunar ai\outputs\patches\TMC-2_ch2_tmc_ncn_20211123T0119537815_d_img_d18_08192_00000.png,8192,0,256,256,-45_347,train
TMC-2_ch2_tmc_ncn_20211123T0119537815_d_img_d18_08320_00000,ch2_tmc_ncn_20211123T0119537815_d_img_d18.img,TMC-2,-45.299428,346.880081,37.328687,,D:\lunar ai\outputs\patches\TMC-2_ch2_tmc_ncn_20211123T0119537815_d_img_d18_08320_00000.png,8320,0,256,256,-45_347,train
TMC-2_ch2_tmc_ncn_20211123T0119537815_d_img_d18_08448_00000,ch2_tmc_ncn_20211123T0119537815_d_img_d18.img,TMC-2,-45.304555,346.880081,37.328687,,D:\lunar ai\outputs\patches\TMC-2_ch2_tmc_ncn_20211123T0119537815_d_img_d18_08448_00000.png,8448,0,256,256,-45_347,train
TMC-2_ch2_tmc_ncn_20211123T0119537815_d_img_d18_08576_00000,ch2_tmc_ncn_20211123T0119537815_d_img_d18.img,TMC-2,-45.309682,346.880081,37.328687,,D:\lunar ai\outputs\patches\TMC-2_ch2_tmc_ncn_20211123T0119537815_d_img_d18_08576_00000.png,8576,0,256,256,-45_347,train
TMC-2_ch2_tmc_ncn_20211123T0119537815_d_img_d18_08704_00000,ch2_tmc_ncn_20211123T0119537815_d_img_d18.img,TMC-2,-45.314809,346.880081,37.328687,,D:\lunar ai\outputs\patches\TMC-2_ch2_tmc_ncn_20211123T0119537815_d_img_d18_08704_00000.png,8704,0,256,256,-45_347,train
TMC-2_ch2_tmc_ncn_20211123T0119537815_d_img_d18_08832_00000,ch2_tmc_ncn_20211123T0119537815_d_img_d18.img,TMC-2,-45.319936,346.880081,37.328687,,D:\lunar ai\outputs\patches\TMC-2_ch2_tmc_ncn_20211123T0119537815_d_img_d18_08832_00000.png,8832,0,256,256,-45_347,train
TMC-2_ch2_tmc_ncn_20211123T0119537815_d_img_d18_08960_00000,ch2_tmc_ncn_20211123T0119537815_d_img_d18.img,TMC-2,-45.325063,346.880081,37.328687,,D:\lunar ai\outputs\patches\TMC-2_ch2_tmc_ncn_20211123T0119537815_d_img_d18_08960_00000.png,8960,0,256,256,-45_347,train
TMC-2_ch2_tmc_ncn_20211123T0119537815_d_img_d18_09088_00000,ch2_tmc_ncn_20211123T0119537815_d_img_d18.img,TMC-2,-45.33019,346.880081,37.328687,,D:\lunar ai\outputs\patches\TMC-2_ch2_tmc_ncn_20211123T0119537815_d_img_d18_09088_00000.png,9088,0,256,256,-45_347,train
TMC-2_ch2_tmc_ncn_20211123T0119537815_d_img_d18_09216_00000,ch2_tmc_ncn_20211123T0119537815_d_img_d18.img,TMC-2,-45.335317,346.880081,37.328687,,D:\lunar ai\outputs\patches\TMC-2_ch2_tmc_ncn_20211123T0119537815_d_img_d18_09216_00000.png,9216,0,256,256,-45_347,train
TMC-2_ch2_tmc_ncn_20211123T0119537815_d_img_d18_09344_00000,ch2_tmc_ncn_20211123T0119537815_d_img_d18.img,TMC-2,-45.340443,346.880081,37.328687,,D:\lunar ai\outputs\patches\TMC-2_ch2_tmc_ncn_20211123T0119537815_d_img_d18_09344_00000.png,9344,0,256,256,-45_347,train
TMC-2_ch2_tmc_ncn_20211123T0119537815_d_img_d18_09472_00000,ch2_tmc_ncn_20211123T0119537815_d_img_d18.img,TMC-2,-45.34557,346.880081,37.328687,,D:\lunar ai\outputs\patches\TMC-2_ch2_tmc_ncn_20211123T0119537815_d_img_d18_09472_00000.png,9472,0,256,256,-45_347,train
TMC-2_ch2_tmc_ncn_20211123T0119537815_d_img_d18_09600_00000,ch2_tmc_ncn_20211123T0119537815_d_img_d18.img,TMC-2,-45.350697,346.880081,37.328687,,D:\lunar ai\outputs\patches\TMC-2_ch2_tmc_ncn_20211123T0119537815_d_img_d18_09600_00000.png,9600,0,256,256,-45_347,train
TMC-2_ch2_tmc_ncn_20211123T0119537815_d_img_d18_09728_00000,ch2_tmc_ncn_20211123T0119537815_d_img_d18.img,TMC-2,-45.355824,346.880081,37.328687,,D:\lunar ai\outputs\patches\TMC-2_ch2_tmc_ncn_20211123T0119537815_d_img_d18_09728_00000.png,9728,0,256,256,-45_347,train
TMC-2_ch2_tmc_ncn_20211123T0119537815_d_img_d18_09856_00000,ch2_tmc_ncn_20211123T0119537815_d_img_d18.img,TMC-2,-45.360951,346.880081,37.328687,,D:\lunar ai\outputs\patches\TMC-2_ch2_tmc_ncn_20211123T0119537815_d_img_d18_09856_00000.png,9856,0,256,256,-45_347,train
TMC-2_ch2_tmc_ncn_20211123T0119537815_d_img_d18_09984_00000,ch2_tmc_ncn_20211123T0119537815_d_img_d18.img,TMC-2,-45.366078,346.880081,37.328687,,D:\lunar ai\outputs\patches\TMC-2_ch2_tmc_ncn_20211123T0119537815_d_img_d18_09984_00000.png,9984,0,256,256,-45_347,train
TMC-2_ch2_tmc_ncn_20211123T0119537815_d_img_d18_10112_00000,ch2_tmc_ncn_20211123T0119537815_d_img_d18.img,TMC-2,-45.371205,346.880081,37.328687,,D:\lunar ai\outputs\patches\TMC-2_ch2_tmc_ncn_20211123T0119537815_d_img_d18_10112_00000.png,10112,0,256,256,-45_347,train
TMC-2_ch2_tmc_ncn_20211123T0119537815_d_img_d18_10240_00000,ch2_tmc_ncn_20211123T0119537815_d_img_d18.img,TMC-2,-45.376332,346.880081,37.328687,,D:\lunar ai\outputs\patches\TMC-2_ch2_tmc_ncn_20211123T0119537815_d_img_d18_10240_00000.png,10240,0,256,256,-45_347,train
TMC-2_ch2_tmc_ncn_20211123T0119537815_d_img_d18_10368_00000,ch2_tmc_ncn_20211123T0119537815_d_img_d18.img,TMC-2,-45.381459,346.880081,37.328687,,D:\lunar ai\outputs\patches\TMC-2_ch2_tmc_ncn_20211123T0119537815_d_img_d18_10368_00000.png,10368,0,256,256,-45_347,train
TMC-2_ch2_tmc_ncn_20211123T0119537815_d_img_d18_10496_00000,ch2_tmc_ncn_20211123T0119537815_d_img_d18.img,TMC-2,-45.386586,346.880081,37.328687,,D:\lunar ai\outputs\patches\TMC-2_ch2_tmc_ncn_20211123T0119537815_d_img_d18_10496_00000.png,10496,0,256,256,-45_347,train
TMC-2_ch2_tmc_ncn_20211123T0119537815_d_img_d18_10624_00000,ch2_tmc_ncn_20211123T0119537815_d_img_d18.img,TMC-2,-45.391713,346.880081,37.328687,,D:\lunar ai\outputs\patches\TMC-2_ch2_tmc_ncn_20211123T0119537815_d_img_d18_10624_00000.png,10624,0,256,256,-45_347,train
TMC-2_ch2_tmc_ncn_20211123T0119537815_d_img_d18_10752_00000,ch2_tmc_ncn_20211123T0119537815_d_img_d18.img,TMC-2,-45.39684,346.880081,37.328687,,D:\lunar ai\outputs\patches\TMC-2_ch2_tmc_ncn_20211123T0119537815_d_img_d18_10752_00000.png,10752,0,256,256,-45_347,train
TMC-2_ch2_tmc_ncn_20211123T0119537815_d_img_d18_10880_00000,ch2_tmc_ncn_20211123T0119537815_d_img_d18.img,TMC-2,-45.401967,346.880081,37.328687,,D:\lunar ai\outputs\patches\TMC-2_ch2_tmc_ncn_20211123T0119537815_d_img_d18_10880_00000.png,10880,0,256,256,-45_347,train
TMC-2_ch2_tmc_ncn_20211123T0119537815_d_img_d18_11008_00000,ch2_tmc_ncn_20211123T0119537815_d_img_d18.img,TMC-2,-45.407094,346.880081,37.328687,,D:\lunar ai\outputs\patches\TMC-2_ch2_tmc_ncn_20211123T0119537815_d_img_d18_11008_00000.png,11008,0,256,256,-45_347,train
TMC-2_ch2_tmc_ncn_20211123T0119537815_d_img_d18_11136_00000,ch2_tmc_ncn_20211123T0119537815_d_img_d18.img,TMC-2,-45.412221,346.880081,37.328687,,D:\lunar ai\outputs\patches\TMC-2_ch2_tmc_ncn_20211123T0119537815_d_img_d18_11136_00000.png,11136,0,256,256,-45_347,train
TMC-2_ch2_tmc_ncn_20211123T0119537815_d_img_d18_11264_00000,ch2_tmc_ncn_20211123T0119537815_d_img_d18.img,TMC-2,-45.417348,346.880081,37.328687,,D:\lunar ai\outputs\patches\TMC-2_ch2_tmc_ncn_20211123T0119537815_d_img_d18_11264_00000.png,11264,0,256,256,-45_347,train
TMC-2_ch2_tmc_ncn_20211123T0119537815_d_img_d18_11392_00000,ch2_tmc_ncn_20211123T0119537815_d_img_d18.img,TMC-2,-45.422475,346.880081,37.328687,,D:\lunar ai\outputs\patches\TMC-2_ch2_tmc_ncn_20211123T0119537815_d_img_d18_11392_00000.png,11392,0,256,256,-45_347,train
TMC-2_ch2_tmc_ncn_20211123T0119537815_d_img_d18_11520_00000,ch2_tmc_ncn_20211123T0119537815_d_img_d18.img,TMC-2,-45.427602,346.880081,37.328687,,D:\lunar ai\outputs\patches\TMC-2_ch2_tmc_ncn_20211123T0119537815_d_img_d18_11520_00000.png,11520,0,256,256,-45_347,train
TMC-2_ch2_tmc_ncn_20211123T0119537815_d_img_d18_11648_00000,ch2_tmc_ncn_20211123T0119537815_d_img_d18.img,TMC-2,-45.432729,346.880081,37.328687,,D:\lunar ai\outputs\patches\TMC-2_ch2_tmc_ncn_20211123T0119537815_d_img_d18_11648_00000.png,11648,0,256,256,-45_347,train
TMC-2_ch2_tmc_ncn_20211123T0119537815_d_img_d18_11776_00000,ch2_tmc_ncn_20211123T0119537815_d_img_d18.img,TMC-2,-45.437856,346.880081,37.328687,,D:\lunar ai\outputs\patches\TMC-2_ch2_tmc_ncn_20211123T0119537815_d_img_d18_11776_00000.png,11776,0,256,256,-45_347,train
TMC-2_ch2_tmc_ncn_20211123T0119537815_d_img_d18_11904_00000,ch2_tmc_ncn_20211123T0119537815_d_img_d18.img,TMC-2,-45.442983,346.880081,37.328687,,D:\lunar ai\outputs\patches\TMC-2_ch2_tmc_ncn_20211123T0119537815_d_img_d18_11904_00000.png,11904,0,256,256,-45_347,train
TMC-2_ch2_tmc_ncn_20211123T0119537815_d_img_d18_12032_00000,ch2_tmc_ncn_20211123T0119537815_d_img_d18.img,TMC-2,-45.44811,346.880081,37.328687,,D:\lunar ai\outputs\patches\TMC-2_ch2_tmc_ncn_20211123T0119537815_d_img_d18_12032_00000.png,12032,0,256,256,-45_347,train
TMC-2_ch2_tmc_ncn_20211123T0119537815_d_img_d18_12160_00000,ch2_tmc_ncn_20211123T0119537815_d_img_d18.img,TMC-2,-45.453237,346.880081,37.328687,,D:\lunar ai\outputs\patches\TMC-2_ch2_tmc_ncn_20211123T0119537815_d_img_d18_12160_00000.png,12160,0,256,256,-45_347,train
TMC-2_ch2_tmc_ncn_20211123T0119537815_d_img_d18_12227_00000,ch2_tmc_ncn_20211123T0119537815_d_img_d18.img,TMC-2,-45.455921,346.880081,37.328687,,D:\lunar ai\outputs\patches\TMC-2_ch2_tmc_ncn_20211123T0119537815_d_img_d18_12227_00000.png,12227,0,256,256,-45_347,train
IIRS_ch2_iir_nri_20210126T1349194455_d_img_d32_00000_00000,ch2_iir_nri_20210126T1349194455_d_img_d32.hdr,IIRS,-22.331542,347.235783,,,D:\lunar ai\outputs\patches\IIRS_ch2_iir_nri_20210126T1349194455_d_img_d32_00000_00000.png,0,0,256,256,-22_347,train
IIRS_ch2_iir_nri_20210126T1349194455_d_img_d32_00128_00000,ch2_iir_nri_20210126T1349194455_d_img_d32.hdr,IIRS,-22.335326,347.235783,,,D:\lunar ai\outputs\patches\IIRS_ch2_iir_nri_20210126T1349194455_d_img_d32_00128_00000.png,128,0,256,256,-22_347,train
IIRS_ch2_iir_nri_20210126T1349194455_d_img_d32_00256_00000,ch2_iir_nri_20210126T1349194455_d_img_d32.hdr,IIRS,-22.339111,347.235783,,,D:\lunar ai\outputs\patches\IIRS_ch2_iir_nri_20210126T1349194455_d_img_d32_00256_00000.png,256,0,256,256,-22_347,train
IIRS_ch2_iir_nri_20210126T1349194455_d_img_d32_00384_00000,ch2_iir_nri_20210126T1349194455_d_img_d32.hdr,IIRS,-22.342895,347.235783,,,D:\lunar ai\outputs\patches\IIRS_ch2_iir_nri_20210126T1349194455_d_img_d32_00384_00000.png,384,0,256,256,-22_347,train
IIRS_ch2_iir_nri_20210126T1349194455_d_img_d32_00512_00000,ch2_iir_nri_20210126T1349194455_d_img_d32.hdr,IIRS,-22.346679,347.235783,,,D:\lunar ai\outputs\patches\IIRS_ch2_iir_nri_20210126T1349194455_d_img_d32_00512_00000.png,512,0,256,256,-22_347,train
IIRS_ch2_iir_nri_20210126T1349194455_d_img_d32_00640_00000,ch2_iir_nri_20210126T1349194455_d_img_d32.hdr,IIRS,-22.350464,347.235783,,,D:\lunar ai\outputs\patches\IIRS_ch2_iir_nri_20210126T1349194455_d_img_d32_00640_00000.png,640,0,256,256,-22_347,train
IIRS_ch2_iir_nri_20210126T1349194455_d_img_d32_00768_00000,ch2_iir_nri_20210126T1349194455_d_img_d32.hdr,IIRS,-22.354248,347.235783,,,D:\lunar ai\outputs\patches\IIRS_ch2_iir_nri_20210126T1349194455_d_img_d32_00768_00000.png,768,0,256,256,-22_347,train
IIRS_ch2_iir_nri_20210126T1349194455_d_img_d32_00896_00000,ch2_iir_nri_20210126T1349194455_d_img_d32.hdr,IIRS,-22.358032,347.235783,,,D:\lunar ai\outputs\patches\IIRS_ch2_iir_nri_20210126T1349194455_d_img_d32_00896_00000.png,896,0,256,256,-22_347,train
IIRS_ch2_iir_nri_20210126T1349194455_d_img_d32_01024_00000,ch2_iir_nri_20210126T1349194455_d_img_d32.hdr,IIRS,-22.361816,347.235783,,,D:\lunar ai\outputs\patches\IIRS_ch2_iir_nri_20210126T1349194455_d_img_d32_01024_00000.png,1024,0,256,256,-22_347,train
IIRS_ch2_iir_nri_20210126T1349194455_d_img_d32_01152_00000,ch2_iir_nri_20210126T1349194455_d_img_d32.hdr,IIRS,-22.365601,347.235783,,,D:\lunar ai\outputs\patches\IIRS_ch2_iir_nri_20210126T1349194455_d_img_d32_01152_00000.png,1152,0,256,256,-22_347,train
IIRS_ch2_iir_nri_20210126T1349194455_d_img_d32_01280_00000,ch2_iir_nri_20210126T1349194455_d_img_d32.hdr,IIRS,-22.369385,347.235783,,,D:\lunar ai\outputs\patches\IIRS_ch2_iir_nri_20210126T1349194455_d_img_d32_01280_00000.png,1280,0,256,256,-22_347,train
IIRS_ch2_iir_nri_20210126T1349194455_d_img_d32_01408_00000,ch2_iir_nri_20210126T1349194455_d_img_d32.hdr,IIRS,-22.373169,347.235783,,,D:\lunar ai\outputs\patches\IIRS_ch2_iir_nri_20210126T1349194455_d_img_d32_01408_00000.png,1408,0,256,256,-22_347,train
IIRS_ch2_iir_nri_20210126T1349194455_d_img_d32_01536_00000,ch2_iir_nri_20210126T1349194455_d_img_d32.hdr,IIRS,-22.376954,347.235783,,,D:\lunar ai\outputs\patches\IIRS_ch2_iir_nri_20210126T1349194455_d_img_d32_01536_00000.png,1536,0,256,256,-22_347,train
IIRS_ch2_iir_nri_20210126T1349194455_d_img_d32_01664_00000,ch2_iir_nri_20210126T1349194455_d_img_d32.hdr,IIRS,-22.380738,347.235783,,,D:\lunar ai\outputs\patches\IIRS_ch2_iir_nri_20210126T1349194455_d_img_d32_01664_00000.png,1664,0,256,256,-22_347,train
IIRS_ch2_iir_nri_20210126T1349194455_d_img_d32_01792_00000,ch2_iir_nri_20210126T1349194455_d_img_d32.hdr,IIRS,-22.384522,347.235783,,,D:\lunar ai\outputs\patches\IIRS_ch2_iir_nri_20210126T1349194455_d_img_d32_01792_00000.png,1792,0,256,256,-22_347,train
IIRS_ch2_iir_nri_20210126T1349194455_d_img_d32_01920_00000,ch2_iir_nri_20210126T1349194455_d_img_d32.hdr,IIRS,-22.388306,347.235783,,,D:\lunar ai\outputs\patches\IIRS_ch2_iir_nri_20210126T1349194455_d_img_d32_01920_00000.png,1920,0,256,256,-22_347,train
IIRS_ch2_iir_nri_20210126T1349194455_d_img_d32_02048_00000,ch2_iir_nri_20210126T1349194455_d_img_d32.hdr,IIRS,-22.392091,347.235783,,,D:\lunar ai\outputs\patches\IIRS_ch2_iir_nri_20210126T1349194455_d_img_d32_02048_00000.png,2048,0,256,256,-22_347,train
IIRS_ch2_iir_nri_20210126T1349194455_d_img_d32_02176_00000,ch2_iir_nri_20210126T1349194455_d_img_d32.hdr,IIRS,-22.395875,347.235783,,,D:\lunar ai\outputs\patches\IIRS_ch2_iir_nri_20210126T1349194455_d_img_d32_02176_00000.png,2176,0,256,256,-22_347,train
IIRS_ch2_iir_nri_20210126T1349194455_d_img_d32_02304_00000,ch2_iir_nri_20210126T1349194455_d_img_d32.hdr,IIRS,-22.399659,347.235783,,,D:\lunar ai\outputs\patches\IIRS_ch2_iir_nri_20210126T1349194455_d_img_d32_02304_00000.png,2304,0,256,256,-22_347,train
IIRS_ch2_iir_nri_20210126T1349194455_d_img_d32_02432_00000,ch2_iir_nri_20210126T1349194455_d_img_d32.hdr,IIRS,-22.403444,347.235783,,,D:\lunar ai\outputs\patches\IIRS_ch2_iir_nri_20210126T1349194455_d_img_d32_02432_00000.png,2432,0,256,256,-22_347,train
IIRS_ch2_iir_nri_20210126T1349194455_d_img_d32_02560_00000,ch2_iir_nri_20210126T1349194455_d_img_d32.hdr,IIRS,-22.407228,347.235783,,,D:\lunar ai\outputs\patches\IIRS_ch2_iir_nri_20210126T1349194455_d_img_d32_02560_00000.png,2560,0,256,256,-22_347,train
IIRS_ch2_iir_nri_20210126T1349194455_d_img_d32_02688_00000,ch2_iir_nri_20210126T1349194455_d_img_d32.hdr,IIRS,-22.411012,347.235783,,,D:\lunar ai\outputs\patches\IIRS_ch2_iir_nri_20210126T1349194455_d_img_d32_02688_00000.png,2688,0,256,256,-22_347,train
IIRS_ch2_iir_nri_20210126T1349194455_d_img_d32_02816_00000,ch2_iir_nri_20210126T1349194455_d_img_d32.hdr,IIRS,-22.414797,347.235783,,,D:\lunar ai\outputs\patches\IIRS_ch2_iir_nri_20210126T1349194455_d_img_d32_02816_00000.png,2816,0,256,256,-22_347,train
IIRS_ch2_iir_nri_20210126T1349194455_d_img_d32_02944_00000,ch2_iir_nri_20210126T1349194455_d_img_d32.hdr,IIRS,-22.418581,347.235783,,,D:\lunar ai\outputs\patches\IIRS_ch2_iir_nri_20210126T1349194455_d_img_d32_02944_00000.png,2944,0,256,256,-22_347,train
IIRS_ch2_iir_nri_20210126T1349194455_d_img_d32_03072_00000,ch2_iir_nri_20210126T1349194455_d_img_d32.hdr,IIRS,-22.422365,347.235783,,,D:\lunar ai\outputs\patches\IIRS_ch2_iir_nri_20210126T1349194455_d_img_d32_03072_00000.png,3072,0,256,256,-22_347,train
IIRS_ch2_iir_nri_20210126T1349194455_d_img_d32_03200_00000,ch2_iir_nri_20210126T1349194455_d_img_d32.hdr,IIRS,-22.426149,347.235783,,,D:\lunar ai\outputs\patches\IIRS_ch2_iir_nri_20210126T1349194455_d_img_d32_03200_00000.png,3200,0,256,256,-22_347,train
IIRS_ch2_iir_nri_20210126T1349194455_d_img_d32_03328_00000,ch2_iir_nri_20210126T1349194455_d_img_d32.hdr,IIRS,-22.429934,347.235783,,,D:\lunar ai\outputs\patches\IIRS_ch2_iir_nri_20210126T1349194455_d_img_d32_03328_00000.png,3328,0,256,256,-22_347,train
IIRS_ch2_iir_nri_20210126T1349194455_d_img_d32_03456_00000,ch2_iir_nri_20210126T1349194455_d_img_d32.hdr,IIRS,-22.433718,347.235783,,,D:\lunar ai\outputs\patches\IIRS_ch2_iir_nri_20210126T1349194455_d_img_d32_03456_00000.png,3456,0,256,256,-22_347,train
IIRS_ch2_iir_nri_20210126T1349194455_d_img_d32_03584_00000,ch2_iir_nri_20210126T1349194455_d_img_d32.hdr,IIRS,-22.437502,347.235783,,,D:\lunar ai\outputs\patches\IIRS_ch2_iir_nri_20210126T1349194455_d_img_d32_03584_00000.png,3584,0,256,256,-22_347,train
IIRS_ch2_iir_nri_20210126T1349194455_d_img_d32_03712_00000,ch2_iir_nri_20210126T1349194455_d_img_d32.hdr,IIRS,-22.441287,347.235783,,,D:\lunar ai\outputs\patches\IIRS_ch2_iir_nri_20210126T1349194455_d_img_d32_03712_00000.png,3712,0,256,256,-22_347,train
IIRS_ch2_iir_nri_20210126T1349194455_d_img_d32_03840_00000,ch2_iir_nri_20210126T1349194455_d_img_d32.hdr,IIRS,-22.445071,347.235783,,,D:\lunar ai\outputs\patches\IIRS_ch2_iir_nri_20210126T1349194455_d_img_d32_03840_00000.png,3840,0,256,256,-22_347,train
IIRS_ch2_iir_nri_20210126T1349194455_d_img_d32_03968_00000,ch2_iir_nri_20210126T1349194455_d_img_d32.hdr,IIRS,-22.448855,347.235783,,,D:\lunar ai\outputs\patches\IIRS_ch2_iir_nri_20210126T1349194455_d_img_d32_03968_00000.png,3968,0,256,256,-22_347,train
IIRS_ch2_iir_nri_20210126T1349194455_d_img_d32_04096_00000,ch2_iir_nri_20210126T1349194455_d_img_d32.hdr,IIRS,-22.452639,347.235783,,,D:\lunar ai\outputs\patches\IIRS_ch2_iir_nri_20210126T1349194455_d_img_d32_04096_00000.png,4096,0,256,256,-22_347,train
IIRS_ch2_iir_nri_20210126T1349194455_d_img_d32_04224_00000,ch2_iir_nri_20210126T1349194455_d_img_d32.hdr,IIRS,-22.456424,347.235783,,,D:\lunar ai\outputs\patches\IIRS_ch2_iir_nri_20210126T1349194455_d_img_d32_04224_00000.png,4224,0,256,256,-22_347,train
IIRS_ch2_iir_nri_20210126T1349194455_d_img_d32_04352_00000,ch2_iir_nri_20210126T1349194455_d_img_d32.hdr,IIRS,-22.460208,347.235783,,,D:\lunar ai\outputs\patches\IIRS_ch2_iir_nri_20210126T1349194455_d_img_d32_04352_00000.png,4352,0,256,256,-22_347,train
IIRS_ch2_iir_nri_20210126T1349194455_d_img_d32_04480_00000,ch2_iir_nri_20210126T1349194455_d_img_d32.hdr,IIRS,-22.463992,347.235783,,,D:\lunar ai\outputs\patches\IIRS_ch2_iir_nri_20210126T1349194455_d_img_d32_04480_00000.png,4480,0,256,256,-22_347,train
IIRS_ch2_iir_nri_20210126T1349194455_d_img_d32_04608_00000,ch2_iir_nri_20210126T1349194455_d_img_d32.hdr,IIRS,-22.467777,347.235783,,,D:\lunar ai\outputs\patches\IIRS_ch2_iir_nri_20210126T1349194455_d_img_d32_04608_00000.png,4608,0,256,256,-22_347,train
IIRS_ch2_iir_nri_20210126T1349194455_d_img_d32_04736_00000,ch2_iir_nri_20210126T1349194455_d_img_d32.hdr,IIRS,-22.471561,347.235783,,,D:\lunar ai\outputs\patches\IIRS_ch2_iir_nri_20210126T1349194455_d_img_d32_04736_00000.png,4736,0,256,256,-22_347,train
IIRS_ch2_iir_nri_20210126T1349194455_d_img_d32_04864_00000,ch2_iir_nri_20210126T1349194455_d_img_d32.hdr,IIRS,-22.475345,347.235783,,,D:\lunar ai\outputs\patches\IIRS_ch2_iir_nri_20210126T1349194455_d_img_d32_04864_00000.png,4864,0,256,256,-22_347,train
IIRS_ch2_iir_nri_20210126T1349194455_d_img_d32_04992_00000,ch2_iir_nri_20210126T1349194455_d_img_d32.hdr,IIRS,-22.47913,347.235783,,,D:\lunar ai\outputs\patches\IIRS_ch2_iir_nri_20210126T1349194455_d_img_d32_04992_00000.png,4992,0,256,256,-22_347,train
IIRS_ch2_iir_nri_20210126T1349194455_d_img_d32_05120_00000,ch2_iir_nri_20210126T1349194455_d_img_d32.hdr,IIRS,-22.482914,347.235783,,,D:\lunar ai\outputs\patches\IIRS_ch2_iir_nri_20210126T1349194455_d_img_d32_05120_00000.png,5120,0,256,256,-22_347,train
IIRS_ch2_iir_nri_20210126T1349194455_d_img_d32_05248_00000,ch2_iir_nri_20210126T1349194455_d_img_d32.hdr,IIRS,-22.486698,347.235783,,,D:\lunar ai\outputs\patches\IIRS_ch2_iir_nri_20210126T1349194455_d_img_d32_05248_00000.png,5248,0,256,256,-22_347,train
IIRS_ch2_iir_nri_20210126T1349194455_d_img_d32_05376_00000,ch2_iir_nri_20210126T1349194455_d_img_d32.hdr,IIRS,-22.490482,347.235783,,,D:\lunar ai\outputs\patches\IIRS_ch2_iir_nri_20210126T1349194455_d_img_d32_05376_00000.png,5376,0,256,256,-22_347,train
IIRS_ch2_iir_nri_20210126T1349194455_d_img_d32_05504_00000,ch2_iir_nri_20210126T1349194455_d_img_d32.hdr,IIRS,-22.494267,347.235783,,,D:\lunar ai\outputs\patches\IIRS_ch2_iir_nri_20210126T1349194455_d_img_d32_05504_00000.png,5504,0,256,256,-22_347,train
IIRS_ch2_iir_nri_20210126T1349194455_d_img_d32_05632_00000,ch2_iir_nri_20210126T1349194455_d_img_d32.hdr,IIRS,-22.498051,347.235783,,,D:\lunar ai\outputs\patches\IIRS_ch2_iir_nri_20210126T1349194455_d_img_d32_05632_00000.png,5632,0,256,256,-22_347,train
IIRS_ch2_iir_nri_20210126T1349194455_d_img_d32_05760_00000,ch2_iir_nri_20210126T1349194455_d_img_d32.hdr,IIRS,-22.501835,347.235783,,,D:\lunar ai\outputs\patches\IIRS_ch2_iir_nri_20210126T1349194455_d_img_d32_05760_00000.png,5760,0,256,256,-23_347,test
IIRS_ch2_iir_nri_20210126T1349194455_d_img_d32_05888_00000,ch2_iir_nri_20210126T1349194455_d_img_d32.hdr,IIRS,-22.50562,347.235783,,,D:\lunar ai\outputs\patches\IIRS_ch2_iir_nri_20210126T1349194455_d_img_d32_05888_00000.png,5888,0,256,256,-23_347,test
IIRS_ch2_iir_nri_20210126T1349194455_d_img_d32_06016_00000,ch2_iir_nri_20210126T1349194455_d_img_d32.hdr,IIRS,-22.509404,347.235783,,,D:\lunar ai\outputs\patches\IIRS_ch2_iir_nri_20210126T1349194455_d_img_d32_06016_00000.png,6016,0,256,256,-23_347,test
IIRS_ch2_iir_nri_20210126T1349194455_d_img_d32_06144_00000,ch2_iir_nri_20210126T1349194455_d_img_d32.hdr,IIRS,-22.513188,347.235783,,,D:\lunar ai\outputs\patches\IIRS_ch2_iir_nri_20210126T1349194455_d_img_d32_06144_00000.png,6144,0,256,256,-23_347,test
IIRS_ch2_iir_nri_20210126T1349194455_d_img_d32_06272_00000,ch2_iir_nri_20210126T1349194455_d_img_d32.hdr,IIRS,-22.516973,347.235783,,,D:\lunar ai\outputs\patches\IIRS_ch2_iir_nri_20210126T1349194455_d_img_d32_06272_00000.png,6272,0,256,256,-23_347,test
IIRS_ch2_iir_nri_20210126T1349194455_d_img_d32_06400_00000,ch2_iir_nri_20210126T1349194455_d_img_d32.hdr,IIRS,-22.520757,347.235783,,,D:\lunar ai\outputs\patches\IIRS_ch2_iir_nri_20210126T1349194455_d_img_d32_06400_00000.png,6400,0,256,256,-23_347,test
IIRS_ch2_iir_nri_20210126T1349194455_d_img_d32_06528_00000,ch2_iir_nri_20210126T1349194455_d_img_d32.hdr,IIRS,-22.524541,347.235783,,,D:\lunar ai\outputs\patches\IIRS_ch2_iir_nri_20210126T1349194455_d_img_d32_06528_00000.png,6528,0,256,256,-23_347,test
IIRS_ch2_iir_nri_20210126T1349194455_d_img_d32_06656_00000,ch2_iir_nri_20210126T1349194455_d_img_d32.hdr,IIRS,-22.528325,347.235783,,,D:\lunar ai\outputs\patches\IIRS_ch2_iir_nri_20210126T1349194455_d_img_d32_06656_00000.png,6656,0,256,256,-23_347,test
IIRS_ch2_iir_nri_20210126T1349194455_d_img_d32_06784_00000,ch2_iir_nri_20210126T1349194455_d_img_d32.hdr,IIRS,-22.53211,347.235783,,,D:\lunar ai\outputs\patches\IIRS_ch2_iir_nri_20210126T1349194455_d_img_d32_06784_00000.png,6784,0,256,256,-23_347,test
IIRS_ch2_iir_nri_20210126T1349194455_d_img_d32_06912_00000,ch2_iir_nri_20210126T1349194455_d_img_d32.hdr,IIRS,-22.535894,347.235783,,,D:\lunar ai\outputs\patches\IIRS_ch2_iir_nri_20210126T1349194455_d_img_d32_06912_00000.png,6912,0,256,256,-23_347,test
IIRS_ch2_iir_nri_20210126T1349194455_d_img_d32_07040_00000,ch2_iir_nri_20210126T1349194455_d_img_d32.hdr,IIRS,-22.539678,347.235783,,,D:\lunar ai\outputs\patches\IIRS_ch2_iir_nri_20210126T1349194455_d_img_d32_07040_00000.png,7040,0,256,256,-23_347,test
IIRS_ch2_iir_nri_20210126T1349194455_d_img_d32_07168_00000,ch2_iir_nri_20210126T1349194455_d_img_d32.hdr,IIRS,-22.543463,347.235783,,,D:\lunar ai\outputs\patches\IIRS_ch2_iir_nri_20210126T1349194455_d_img_d32_07168_00000.png,7168,0,256,256,-23_347,test
IIRS_ch2_iir_nri_20210126T1349194455_d_img_d32_07296_00000,ch2_iir_nri_20210126T1349194455_d_img_d32.hdr,IIRS,-22.547247,347.235783,,,D:\lunar ai\outputs\patches\IIRS_ch2_iir_nri_20210126T1349194455_d_img_d32_07296_00000.png,7296,0,256,256,-23_347,test
IIRS_ch2_iir_nri_20210126T1349194455_d_img_d32_07424_00000,ch2_iir_nri_20210126T1349194455_d_img_d32.hdr,IIRS,-22.551031,347.235783,,,D:\lunar ai\outputs\patches\IIRS_ch2_iir_nri_20210126T1349194455_d_img_d32_07424_00000.png,7424,0,256,256,-23_347,test
IIRS_ch2_iir_nri_20210126T1349194455_d_img_d32_07552_00000,ch2_iir_nri_20210126T1349194455_d_img_d32.hdr,IIRS,-22.554815,347.235783,,,D:\lunar ai\outputs\patches\IIRS_ch2_iir_nri_20210126T1349194455_d_img_d32_07552_00000.png,7552,0,256,256,-23_347,test
IIRS_ch2_iir_nri_20210126T1349194455_d_img_d32_07680_00000,ch2_iir_nri_20210126T1349194455_d_img_d32.hdr,IIRS,-22.5586,347.235783,,,D:\lunar ai\outputs\patches\IIRS_ch2_iir_nri_20210126T1349194455_d_img_d32_07680_00000.png,7680,0,256,256,-23_347,test
IIRS_ch2_iir_nri_20210126T1349194455_d_img_d32_07808_00000,ch2_iir_nri_20210126T1349194455_d_img_d32.hdr,IIRS,-22.562384,347.235783,,,D:\lunar ai\outputs\patches\IIRS_ch2_iir_nri_20210126T1349194455_d_img_d32_07808_00000.png,7808,0,256,256,-23_347,test
IIRS_ch2_iir_nri_20210126T1349194455_d_img_d32_07936_00000,ch2_iir_nri_20210126T1349194455_d_img_d32.hdr,IIRS,-22.566168,347.235783,,,D:\lunar ai\outputs\patches\IIRS_ch2_iir_nri_20210126T1349194455_d_img_d32_07936_00000.png,7936,0,256,256,-23_347,test
IIRS_ch2_iir_nri_20210126T1349194455_d_img_d32_08064_00000,ch2_iir_nri_20210126T1349194455_d_img_d32.hdr,IIRS,-22.569953,347.235783,,,D:\lunar ai\outputs\patches\IIRS_ch2_iir_nri_20210126T1349194455_d_img_d32_08064_00000.png,8064,0,256,256,-23_347,test
IIRS_ch2_iir_nri_20210126T1349194455_d_img_d32_08192_00000,ch2_iir_nri_20210126T1349194455_d_img_d32.hdr,IIRS,-22.573737,347.235783,,,D:\lunar ai\outputs\patches\IIRS_ch2_iir_nri_20210126T1349194455_d_img_d32_08192_00000.png,8192,0,256,256,-23_347,test
IIRS_ch2_iir_nri_20210126T1349194455_d_img_d32_08320_00000,ch2_iir_nri_20210126T1349194455_d_img_d32.hdr,IIRS,-22.577521,347.235783,,,D:\lunar ai\outputs\patches\IIRS_ch2_iir_nri_20210126T1349194455_d_img_d32_08320_00000.png,8320,0,256,256,-23_347,test
IIRS_ch2_iir_nri_20210126T1349194455_d_img_d32_08448_00000,ch2_iir_nri_20210126T1349194455_d_img_d32.hdr,IIRS,-22.581306,347.235783,,,D:\lunar ai\outputs\patches\IIRS_ch2_iir_nri_20210126T1349194455_d_img_d32_08448_00000.png,8448,0,256,256,-23_347,test
IIRS_ch2_iir_nri_20210126T1349194455_d_img_d32_08576_00000,ch2_iir_nri_20210126T1349194455_d_img_d32.hdr,IIRS,-22.58509,347.235783,,,D:\lunar ai\outputs\patches\IIRS_ch2_iir_nri_20210126T1349194455_d_img_d32_08576_00000.png,8576,0,256,256,-23_347,test
IIRS_ch2_iir_nri_20210126T1349194455_d_img_d32_08704_00000,ch2_iir_nri_20210126T1349194455_d_img_d32.hdr,IIRS,-22.588874,347.235783,,,D:\lunar ai\outputs\patches\IIRS_ch2_iir_nri_20210126T1349194455_d_img_d32_08704_00000.png,8704,0,256,256,-23_347,test
IIRS_ch2_iir_nri_20210126T1349194455_d_img_d32_08832_00000,ch2_iir_nri_20210126T1349194455_d_img_d32.hdr,IIRS,-22.592658,347.235783,,,D:\lunar ai\outputs\patches\IIRS_ch2_iir_nri_20210126T1349194455_d_img_d32_08832_00000.png,8832,0,256,256,-23_347,test
IIRS_ch2_iir_nri_20210126T1349194455_d_img_d32_08960_00000,ch2_iir_nri_20210126T1349194455_d_img_d32.hdr,IIRS,-22.596443,347.235783,,,D:\lunar ai\outputs\patches\IIRS_ch2_iir_nri_20210126T1349194455_d_img_d32_08960_00000.png,8960,0,256,256,-23_347,test
IIRS_ch2_iir_nri_20210126T1349194455_d_img_d32_09088_00000,ch2_iir_nri_20210126T1349194455_d_img_d32.hdr,IIRS,-22.600227,347.235783,,,D:\lunar ai\outputs\patches\IIRS_ch2_iir_nri_20210126T1349194455_d_img_d32_09088_00000.png,9088,0,256,256,-23_347,test
IIRS_ch2_iir_nri_20210126T1349194455_d_img_d32_09216_00000,ch2_iir_nri_20210126T1349194455_d_img_d32.hdr,IIRS,-22.604011,347.235783,,,D:\lunar ai\outputs\patches\IIRS_ch2_iir_nri_20210126T1349194455_d_img_d32_09216_00000.png,9216,0,256,256,-23_347,test
IIRS_ch2_iir_nri_20210126T1349194455_d_img_d32_09344_00000,ch2_iir_nri_20210126T1349194455_d_img_d32.hdr,IIRS,-22.607796,347.235783,,,D:\lunar ai\outputs\patches\IIRS_ch2_iir_nri_20210126T1349194455_d_img_d32_09344_00000.png,9344,0,256,256,-23_347,test
IIRS_ch2_iir_nri_20210126T1349194455_d_img_d32_09472_00000,ch2_iir_nri_20210126T1349194455_d_img_d32.hdr,IIRS,-22.61158,347.235783,,,D:\lunar ai\outputs\patches\IIRS_ch2_iir_nri_20210126T1349194455_d_img_d32_09472_00000.png,9472,0,256,256,-23_347,test
IIRS_ch2_iir_nri_20210126T1349194455_d_img_d32_09600_00000,ch2_iir_nri_20210126T1349194455_d_img_d32.hdr,IIRS,-22.615364,347.235783,,,D:\lunar ai\outputs\patches\IIRS_ch2_iir_nri_20210126T1349194455_d_img_d32_09600_00000.png,9600,0,256,256,-23_347,test
IIRS_ch2_iir_nri_20210126T1349194455_d_img_d32_09728_00000,ch2_iir_nri_20210126T1349194455_d_img_d32.hdr,IIRS,-22.619148,347.235783,,,D:\lunar ai\outputs\patches\IIRS_ch2_iir_nri_20210126T1349194455_d_img_d32_09728_00000.png,9728,0,256,256,-23_347,test
IIRS_ch2_iir_nri_20210126T1349194455_d_img_d32_09856_00000,ch2_iir_nri_20210126T1349194455_d_img_d32.hdr,IIRS,-22.622933,347.235783,,,D:\lunar ai\outputs\patches\IIRS_ch2_iir_nri_20210126T1349194455_d_img_d32_09856_00000.png,9856,0,256,256,-23_347,test
IIRS_ch2_iir_nri_20210126T1349194455_d_img_d32_09984_00000,ch2_iir_nri_20210126T1349194455_d_img_d32.hdr,IIRS,-22.626717,347.235783,,,D:\lunar ai\outputs\patches\IIRS_ch2_iir_nri_20210126T1349194455_d_img_d32_09984_00000.png,9984,0,256,256,-23_347,test
IIRS_ch2_iir_nri_20210126T1349194455_d_img_d32_10112_00000,ch2_iir_nri_20210126T1349194455_d_img_d32.hdr,IIRS,-22.630501,347.235783,,,D:\lunar ai\outputs\patches\IIRS_ch2_iir_nri_20210126T1349194455_d_img_d32_10112_00000.png,10112,0,256,256,-23_347,test
IIRS_ch2_iir_nri_20210126T1349194455_d_img_d32_10240_00000,ch2_iir_nri_20210126T1349194455_d_img_d32.hdr,IIRS,-22.634286,347.235783,,,D:\lunar ai\outputs\patches\IIRS_ch2_iir_nri_20210126T1349194455_d_img_d32_10240_00000.png,10240,0,256,256,-23_347,test
IIRS_ch2_iir_nri_20210126T1349194455_d_img_d32_10368_00000,ch2_iir_nri_20210126T1349194455_d_img_d32.hdr,IIRS,-22.63807,347.235783,,,D:\lunar ai\outputs\patches\IIRS_ch2_iir_nri_20210126T1349194455_d_img_d32_10368_00000.png,10368,0,256,256,-23_347,test
IIRS_ch2_iir_nri_20210126T1349194455_d_img_d32_10496_00000,ch2_iir_nri_20210126T1349194455_d_img_d32.hdr,IIRS,-22.641854,347.235783,,,D:\lunar ai\outputs\patches\IIRS_ch2_iir_nri_20210126T1349194455_d_img_d32_10496_00000.png,10496,0,256,256,-23_347,test
IIRS_ch2_iir_nri_20210126T1349194455_d_img_d32_10624_00000,ch2_iir_nri_20210126T1349194455_d_img_d32.hdr,IIRS,-22.645639,347.235783,,,D:\lunar ai\outputs\patches\IIRS_ch2_iir_nri_20210126T1349194455_d_img_d32_10624_00000.png,10624,0,256,256,-23_347,test
IIRS_ch2_iir_nri_20210126T1349194455_d_img_d32_10752_00000,ch2_iir_nri_20210126T1349194455_d_img_d32.hdr,IIRS,-22.649423,347.235783,,,D:\lunar ai\outputs\patches\IIRS_ch2_iir_nri_20210126T1349194455_d_img_d32_10752_00000.png,10752,0,256,256,-23_347,test
IIRS_ch2_iir_nri_20210126T1349194455_d_img_d32_10880_00000,ch2_iir_nri_20210126T1349194455_d_img_d32.hdr,IIRS,-22.653207,347.235783,,,D:\lunar ai\outputs\patches\IIRS_ch2_iir_nri_20210126T1349194455_d_img_d32_10880_00000.png,10880,0,256,256,-23_347,test
IIRS_ch2_iir_nri_20210126T1349194455_d_img_d32_11008_00000,ch2_iir_nri_20210126T1349194455_d_img_d32.hdr,IIRS,-22.656991,347.235783,,,D:\lunar ai\outputs\patches\IIRS_ch2_iir_nri_20210126T1349194455_d_img_d32_11008_00000.png,11008,0,256,256,-23_347,test
IIRS_ch2_iir_nri_20210126T1349194455_d_img_d32_11136_00000,ch2_iir_nri_20210126T1349194455_d_img_d32.hdr,IIRS,-22.660776,347.235783,,,D:\lunar ai\outputs\patches\IIRS_ch2_iir_nri_20210126T1349194455_d_img_d32_11136_00000.png,11136,0,256,256,-23_347,test
IIRS_ch2_iir_nri_20210126T1349194455_d_img_d32_11264_00000,ch2_iir_nri_20210126T1349194455_d_img_d32.hdr,IIRS,-22.66456,347.235783,,,D:\lunar ai\outputs\patches\IIRS_ch2_iir_nri_20210126T1349194455_d_img_d32_11264_00000.png,11264,0,256,256,-23_347,test
IIRS_ch2_iir_nri_20210126T1349194455_d_img_d32_11392_00000,ch2_iir_nri_20210126T1349194455_d_img_d32.hdr,IIRS,-22.668344,347.235783,,,D:\lunar ai\outputs\patches\IIRS_ch2_iir_nri_20210126T1349194455_d_img_d32_11392_00000.png,11392,0,256,256,-23_347,test
IIRS_ch2_iir_nri_20210126T1349194455_d_img_d32_11520_00000,ch2_iir_nri_20210126T1349194455_d_img_d32.hdr,IIRS,-22.672129,347.235783,,,D:\lunar ai\outputs\patches\IIRS_ch2_iir_nri_20210126T1349194455_d_img_d32_11520_00000.png,11520,0,256,256,-23_347,test
IIRS_ch2_iir_nri_20210126T1349194455_d_img_d32_11648_00000,ch2_iir_nri_20210126T1349194455_d_img_d32.hdr,IIRS,-22.675913,347.235783,,,D:\lunar ai\outputs\patches\IIRS_ch2_iir_nri_20210126T1349194455_d_img_d32_11648_00000.png,11648,0,256,256,-23_347,test
IIRS_ch2_iir_nri_20210126T1349194455_d_img_d32_11776_00000,ch2_iir_nri_20210126T1349194455_d_img_d32.hdr,IIRS,-22.679697,347.235783,,,D:\lunar ai\outputs\patches\IIRS_ch2_iir_nri_20210126T1349194455_d_img_d32_11776_00000.png,11776,0,256,256,-23_347,test
IIRS_ch2_iir_nri_20210126T1349194455_d_img_d32_11904_00000,ch2_iir_nri_20210126T1349194455_d_img_d32.hdr,IIRS,-22.683481,347.235783,,,D:\lunar ai\outputs\patches\IIRS_ch2_iir_nri_20210126T1349194455_d_img_d32_11904_00000.png,11904,0,256,256,-23_347,test
IIRS_ch2_iir_nri_20210126T1349194455_d_img_d32_12032_00000,ch2_iir_nri_20210126T1349194455_d_img_d32.hdr,IIRS,-22.687266,347.235783,,,D:\lunar ai\outputs\patches\IIRS_ch2_iir_nri_20210126T1349194455_d_img_d32_12032_00000.png,12032,0,256,256,-23_347,test
IIRS_ch2_iir_nri_20210126T1349194455_d_img_d32_12160_00000,ch2_iir_nri_20210126T1349194455_d_img_d32.hdr,IIRS,-22.69105,347.235783,,,D:\lunar ai\outputs\patches\IIRS_ch2_iir_nri_20210126T1349194455_d_img_d32_12160_00000.png,12160,0,256,256,-23_347,test
IIRS_ch2_iir_nri_20210126T1349194455_d_img_d32_12288_00000,ch2_iir_nri_20210126T1349194455_d_img_d32.hdr,IIRS,-22.694834,347.235783,,,D:\lunar ai\outputs\patches\IIRS_ch2_iir_nri_20210126T1349194455_d_img_d32_12288_00000.png,12288,0,256,256,-23_347,test
IIRS_ch2_iir_nri_20210126T1349194455_d_img_d32_12416_00000,ch2_iir_nri_20210126T1349194455_d_img_d32.hdr,IIRS,-22.698619,347.235783,,,D:\lunar ai\outputs\patches\IIRS_ch2_iir_nri_20210126T1349194455_d_img_d32_12416_00000.png,12416,0,256,256,-23_347,test
IIRS_ch2_iir_nri_20210126T1349194455_d_img_d32_12544_00000,ch2_iir_nri_20210126T1349194455_d_img_d32.hdr,IIRS,-22.702403,347.235783,,,D:\lunar ai\outputs\patches\IIRS_ch2_iir_nri_20210126T1349194455_d_img_d32_12544_00000.png,12544,0,256,256,-23_347,test
IIRS_ch2_iir_nri_20210126T1349194455_d_img_d32_12672_00000,ch2_iir_nri_20210126T1349194455_d_img_d32.hdr,IIRS,-22.706187,347.235783,,,D:\lunar ai\outputs\patches\IIRS_ch2_iir_nri_20210126T1349194455_d_img_d32_12672_00000.png,12672,0,256,256,-23_347,test
IIRS_ch2_iir_nri_20210126T1349194455_d_img_d32_12800_00000,ch2_iir_nri_20210126T1349194455_d_img_d32.hdr,IIRS,-22.709972,347.235783,,,D:\lunar ai\outputs\patches\IIRS_ch2_iir_nri_20210126T1349194455_d_img_d32_12800_00000.png,12800,0,256,256,-23_347,test
IIRS_ch2_iir_nri_20210126T1349194455_d_img_d32_12928_00000,ch2_iir_nri_20210126T1349194455_d_img_d32.hdr,IIRS,-22.713756,347.235783,,,D:\lunar ai\outputs\patches\IIRS_ch2_iir_nri_20210126T1349194455_d_img_d32_12928_00000.png,12928,0,256,256,-23_347,test
IIRS_ch2_iir_nri_20210126T1349194455_d_img_d32_13056_00000,ch2_iir_nri_20210126T1349194455_d_img_d32.hdr,IIRS,-22.71754,347.235783,,,D:\lunar ai\outputs\patches\IIRS_ch2_iir_nri_20210126T1349194455_d_img_d32_13056_00000.png,13056,0,256,256,-23_347,test
IIRS_ch2_iir_nri_20210126T1349194455_d_img_d32_13184_00000,ch2_iir_nri_20210126T1349194455_d_img_d32.hdr,IIRS,-22.721324,347.235783,,,D:\lunar ai\outputs\patches\IIRS_ch2_iir_nri_20210126T1349194455_d_img_d32_13184_00000.png,13184,0,256,256,-23_347,test
IIRS_ch2_iir_nri_20210126T1349194455_d_img_d32_13312_00000,ch2_iir_nri_20210126T1349194455_d_img_d32.hdr,IIRS,-22.725109,347.235783,,,D:\lunar ai\outputs\patches\IIRS_ch2_iir_nri_20210126T1349194455_d_img_d32_13312_00000.png,13312,0,256,256,-23_347,test
IIRS_ch2_iir_nri_20210126T1349194455_d_img_d32_13440_00000,ch2_iir_nri_20210126T1349194455_d_img_d32.hdr,IIRS,-22.728893,347.235783,,,D:\lunar ai\outputs\patches\IIRS_ch2_iir_nri_20210126T1349194455_d_img_d32_13440_00000.png,13440,0,256,256,-23_347,test
IIRS_ch2_iir_nri_20210126T1349194455_d_img_d32_13568_00000,ch2_iir_nri_20210126T1349194455_d_img_d32.hdr,IIRS,-22.732677,347.235783,,,D:\lunar ai\outputs\patches\IIRS_ch2_iir_nri_20210126T1349194455_d_img_d32_13568_00000.png,13568,0,256,256,-23_347,test
IIRS_ch2_iir_nri_20210126T1349194455_d_img_d32_13696_00000,ch2_iir_nri_20210126T1349194455_d_img_d32.hdr,IIRS,-22.736462,347.235783,,,D:\lunar ai\outputs\patches\IIRS_ch2_iir_nri_20210126T1349194455_d_img_d32_13696_00000.png,13696,0,256,256,-23_347,test
IIRS_ch2_iir_nri_20210126T1349194455_d_img_d32_13824_00000,ch2_iir_nri_20210126T1349194455_d_img_d32.hdr,IIRS,-22.740246,347.235783,,,D:\lunar ai\outputs\patches\IIRS_ch2_iir_nri_20210126T1349194455_d_img_d32_13824_00000.png,13824,0,256,256,-23_347,test
IIRS_ch2_iir_nri_20210126T1349194455_d_img_d32_13952_00000,ch2_iir_nri_20210126T1349194455_d_img_d32.hdr,IIRS,-22.74403,347.235783,,,D:\lunar ai\outputs\patches\IIRS_ch2_iir_nri_20210126T1349194455_d_img_d32_13952_00000.png,13952,0,256,256,-23_347,test
IIRS_ch2_iir_nri_20210126T1349194455_d_img_d32_14080_00000,ch2_iir_nri_20210126T1349194455_d_img_d32.hdr,IIRS,-22.747815,347.235783,,,D:\lunar ai\outputs\patches\IIRS_ch2_iir_nri_20210126T1349194455_d_img_d32_14080_00000.png,14080,0,256,256,-23_347,test
IIRS_ch2_iir_nri_20210126T1349194455_d_img_d32_14208_00000,ch2_iir_nri_20210126T1349194455_d_img_d32.hdr,IIRS,-22.751599,347.235783,,,D:\lunar ai\outputs\patches\IIRS_ch2_iir_nri_20210126T1349194455_d_img_d32_14208_00000.png,14208,0,256,256,-23_347,test
IIRS_ch2_iir_nri_20210126T1349194455_d_img_d32_14336_00000,ch2_iir_nri_20210126T1349194455_d_img_d32.hdr,IIRS,-22.755383,347.235783,,,D:\lunar ai\outputs\patches\IIRS_ch2_iir_nri_20210126T1349194455_d_img_d32_14336_00000.png,14336,0,256,256,-23_347,test
IIRS_ch2_iir_nri_20210126T1349194455_d_img_d32_14464_00000,ch2_iir_nri_20210126T1349194455_d_img_d32.hdr,IIRS,-22.759167,347.235783,,,D:\lunar ai\outputs\patches\IIRS_ch2_iir_nri_20210126T1349194455_d_img_d32_14464_00000.png,14464,0,256,256,-23_347,test
IIRS_ch2_iir_nri_20210126T1349194455_d_img_d32_14592_00000,ch2_iir_nri_20210126T1349194455_d_img_d32.hdr,IIRS,-22.762952,347.235783,,,D:\lunar ai\outputs\patches\IIRS_ch2_iir_nri_20210126T1349194455_d_img_d32_14592_00000.png,14592,0,256,256,-23_347,test
IIRS_ch2_iir_nri_20210126T1349194455_d_img_d32_14720_00000,ch2_iir_nri_20210126T1349194455_d_img_d32.hdr,IIRS,-22.766736,347.235783,,,D:\lunar ai\outputs\patches\IIRS_ch2_iir_nri_20210126T1349194455_d_img_d32_14720_00000.png,14720,0,256,256,-23_347,test
IIRS_ch2_iir_nri_20210126T1349194455_d_img_d32_14848_00000,ch2_iir_nri_20210126T1349194455_d_img_d32.hdr,IIRS,-22.77052,347.235783,,,D:\lunar ai\outputs\patches\IIRS_ch2_iir_nri_20210126T1349194455_d_img_d32_14848_00000.png,14848,0,256,256,-23_347,test
IIRS_ch2_iir_nri_20210126T1349194455_d_img_d32_14976_00000,ch2_iir_nri_20210126T1349194455_d_img_d32.hdr,IIRS,-22.774305,347.235783,,,D:\lunar ai\outputs\patches\IIRS_ch2_iir_nri_20210126T1349194455_d_img_d32_14976_00000.png,14976,0,256,256,-23_347,test
IIRS_ch2_iir_nri_20210126T1349194455_d_img_d32_15104_00000,ch2_iir_nri_20210126T1349194455_d_img_d32.hdr,IIRS,-22.778089,347.235783,,,D:\lunar ai\outputs\patches\IIRS_ch2_iir_nri_20210126T1349194455_d_img_d32_15104_00000.png,15104,0,256,256,-23_347,test
IIRS_ch2_iir_nri_20210126T1349194455_d_img_d32_15232_00000,ch2_iir_nri_20210126T1349194455_d_img_d32.hdr,IIRS,-22.781873,347.235783,,,D:\lunar ai\outputs\patches\IIRS_ch2_iir_nri_20210126T1349194455_d_img_d32_15232_00000.png,15232,0,256,256,-23_347,test
IIRS_ch2_iir_nri_20210126T1349194455_d_img_d32_15360_00000,ch2_iir_nri_20210126T1349194455_d_img_d32.hdr,IIRS,-22.785657,347.235783,,,D:\lunar ai\outputs\patches\IIRS_ch2_iir_nri_20210126T1349194455_d_img_d32_15360_00000.png,15360,0,256,256,-23_347,test
IIRS_ch2_iir_nri_20210126T1349194455_d_img_d32_15488_00000,ch2_iir_nri_20210126T1349194455_d_img_d32.hdr,IIRS,-22.789442,347.235783,,,D:\lunar ai\outputs\patches\IIRS_ch2_iir_nri_20210126T1349194455_d_img_d32_15488_00000.png,15488,0,256,256,-23_347,test
IIRS_ch2_iir_nri_20210126T1349194455_d_img_d32_15616_00000,ch2_iir_nri_20210126T1349194455_d_img_d32.hdr,IIRS,-22.793226,347.235783,,,D:\lunar ai\outputs\patches\IIRS_ch2_iir_nri_20210126T1349194455_d_img_d32_15616_00000.png,15616,0,256,256,-23_347,test
IIRS_ch2_iir_nri_20210126T1349194455_d_img_d32_15744_00000,ch2_iir_nri_20210126T1349194455_d_img_d32.hdr,IIRS,-22.79701,347.235783,,,D:\lunar ai\outputs\patches\IIRS_ch2_iir_nri_20210126T1349194455_d_img_d32_15744_00000.png,15744,0,256,256,-23_347,test
IIRS_ch2_iir_nri_20210126T1349194455_d_img_d32_15872_00000,ch2_iir_nri_20210126T1349194455_d_img_d32.hdr,IIRS,-22.800795,347.235783,,,D:\lunar ai\outputs\patches\IIRS_ch2_iir_nri_20210126T1349194455_d_img_d32_15872_00000.png,15872,0,256,256,-23_347,test
IIRS_ch2_iir_nri_20210126T1349194455_d_img_d32_16000_00000,ch2_iir_nri_20210126T1349194455_d_img_d32.hdr,IIRS,-22.804579,347.235783,,,D:\lunar ai\outputs\patches\IIRS_ch2_iir_nri_20210126T1349194455_d_img_d32_16000_00000.png,16000,0,256,256,-23_347,test
IIRS_ch2_iir_nri_20210126T1349194455_d_img_d32_16128_00000,ch2_iir_nri_20210126T1349194455_d_img_d32.hdr,IIRS,-22.808363,347.235783,,,D:\lunar ai\outputs\patches\IIRS_ch2_iir_nri_20210126T1349194455_d_img_d32_16128_00000.png,16128,0,256,256,-23_347,test
IIRS_ch2_iir_nri_20210126T1349194455_d_img_d32_16256_00000,ch2_iir_nri_20210126T1349194455_d_img_d32.hdr,IIRS,-22.812148,347.235783,,,D:\lunar ai\outputs\patches\IIRS_ch2_iir_nri_20210126T1349194455_d_img_d32_16256_00000.png,16256,0,256,256,-23_347,test
IIRS_ch2_iir_nri_20210126T1349194455_d_img_d32_16384_00000,ch2_iir_nri_20210126T1349194455_d_img_d32.hdr,IIRS,-22.815932,347.235783,,,D:\lunar ai\outputs\patches\IIRS_ch2_iir_nri_20210126T1349194455_d_img_d32_16384_00000.png,16384,0,256,256,-23_347,test
IIRS_ch2_iir_nri_20210126T1349194455_d_img_d32_16512_00000,ch2_iir_nri_20210126T1349194455_d_img_d32.hdr,IIRS,-22.819716,347.235783,,,D:\lunar ai\outputs\patches\IIRS_ch2_iir_nri_20210126T1349194455_d_img_d32_16512_00000.png,16512,0,256,256,-23_347,test
IIRS_ch2_iir_nri_20210126T1349194455_d_img_d32_16640_00000,ch2_iir_nri_20210126T1349194455_d_img_d32.hdr,IIRS,-22.8235,347.235783,,,D:\lunar ai\outputs\patches\IIRS_ch2_iir_nri_20210126T1349194455_d_img_d32_16640_00000.png,16640,0,256,256,-23_347,test
IIRS_ch2_iir_nri_20210126T1349194455_d_img_d32_16656_00000,ch2_iir_nri_20210126T1349194455_d_img_d32.hdr,IIRS,-22.823973,347.235783,,,D:\lunar ai\outputs\patches\IIRS_ch2_iir_nri_20210126T1349194455_d_img_d32_16656_00000.png,16656,0,256,256,-23_347,test
IIRS_ch2_iir_nri_20240124T1430209615_d_img_d18_00000_00000,ch2_iir_nri_20240124T1430209615_d_img_d18.hdr,IIRS,-44.51163,346.003067,38.271485,,D:\lunar ai\outputs\patches\IIRS_ch2_iir_nri_20240124T1430209615_d_img_d18_00000_00000.png,0,0,256,256,-45_346,train
IIRS_ch2_iir_nri_20240124T1430209615_d_img_d18_00128_00000,ch2_iir_nri_20240124T1430209615_d_img_d18.hdr,IIRS,-44.516757,346.003067,38.271485,,D:\lunar ai\outputs\patches\IIRS_ch2_iir_nri_20240124T1430209615_d_img_d18_00128_00000.png,128,0,256,256,-45_346,train
IIRS_ch2_iir_nri_20240124T1430209615_d_img_d18_00256_00000,ch2_iir_nri_20240124T1430209615_d_img_d18.hdr,IIRS,-44.521884,346.003067,38.271485,,D:\lunar ai\outputs\patches\IIRS_ch2_iir_nri_20240124T1430209615_d_img_d18_00256_00000.png,256,0,256,256,-45_346,train
IIRS_ch2_iir_nri_20240124T1430209615_d_img_d18_00384_00000,ch2_iir_nri_20240124T1430209615_d_img_d18.hdr,IIRS,-44.527011,346.003067,38.271485,,D:\lunar ai\outputs\patches\IIRS_ch2_iir_nri_20240124T1430209615_d_img_d18_00384_00000.png,384,0,256,256,-45_346,train
IIRS_ch2_iir_nri_20240124T1430209615_d_img_d18_00512_00000,ch2_iir_nri_20240124T1430209615_d_img_d18.hdr,IIRS,-44.532138,346.003067,38.271485,,D:\lunar ai\outputs\patches\IIRS_ch2_iir_nri_20240124T1430209615_d_img_d18_00512_00000.png,512,0,256,256,-45_346,train
IIRS_ch2_iir_nri_20240124T1430209615_d_img_d18_00640_00000,ch2_iir_nri_20240124T1430209615_d_img_d18.hdr,IIRS,-44.537265,346.003067,38.271485,,D:\lunar ai\outputs\patches\IIRS_ch2_iir_nri_20240124T1430209615_d_img_d18_00640_00000.png,640,0,256,256,-45_346,train
IIRS_ch2_iir_nri_20240124T1430209615_d_img_d18_00768_00000,ch2_iir_nri_20240124T1430209615_d_img_d18.hdr,IIRS,-44.542392,346.003067,38.271485,,D:\lunar ai\outputs\patches\IIRS_ch2_iir_nri_20240124T1430209615_d_img_d18_00768_00000.png,768,0,256,256,-45_346,train
IIRS_ch2_iir_nri_20240124T1430209615_d_img_d18_00896_00000,ch2_iir_nri_20240124T1430209615_d_img_d18.hdr,IIRS,-44.547519,346.003067,38.271485,,D:\lunar ai\outputs\patches\IIRS_ch2_iir_nri_20240124T1430209615_d_img_d18_00896_00000.png,896,0,256,256,-45_346,train
IIRS_ch2_iir_nri_20240124T1430209615_d_img_d18_01024_00000,ch2_iir_nri_20240124T1430209615_d_img_d18.hdr,IIRS,-44.552646,346.003067,38.271485,,D:\lunar ai\outputs\patches\IIRS_ch2_iir_nri_20240124T1430209615_d_img_d18_01024_00000.png,1024,0,256,256,-45_346,train
IIRS_ch2_iir_nri_20240124T1430209615_d_img_d18_01152_00000,ch2_iir_nri_20240124T1430209615_d_img_d18.hdr,IIRS,-44.557773,346.003067,38.271485,,D:\lunar ai\outputs\patches\IIRS_ch2_iir_nri_20240124T1430209615_d_img_d18_01152_00000.png,1152,0,256,256,-45_346,train
IIRS_ch2_iir_nri_20240124T1430209615_d_img_d18_01280_00000,ch2_iir_nri_20240124T1430209615_d_img_d18.hdr,IIRS,-44.5629,346.003067,38.271485,,D:\lunar ai\outputs\patches\IIRS_ch2_iir_nri_20240124T1430209615_d_img_d18_01280_00000.png,1280,0,256,256,-45_346,train
IIRS_ch2_iir_nri_20240124T1430209615_d_img_d18_01408_00000,ch2_iir_nri_20240124T1430209615_d_img_d18.hdr,IIRS,-44.568027,346.003067,38.271485,,D:\lunar ai\outputs\patches\IIRS_ch2_iir_nri_20240124T1430209615_d_img_d18_01408_00000.png,1408,0,256,256,-45_346,train
IIRS_ch2_iir_nri_20240124T1430209615_d_img_d18_01536_00000,ch2_iir_nri_20240124T1430209615_d_img_d18.hdr,IIRS,-44.573154,346.003067,38.271485,,D:\lunar ai\outputs\patches\IIRS_ch2_iir_nri_20240124T1430209615_d_img_d18_01536_00000.png,1536,0,256,256,-45_346,train
IIRS_ch2_iir_nri_20240124T1430209615_d_img_d18_01664_00000,ch2_iir_nri_20240124T1430209615_d_img_d18.hdr,IIRS,-44.578281,346.003067,38.271485,,D:\lunar ai\outputs\patches\IIRS_ch2_iir_nri_20240124T1430209615_d_img_d18_01664_00000.png,1664,0,256,256,-45_346,train
IIRS_ch2_iir_nri_20240124T1430209615_d_img_d18_01792_00000,ch2_iir_nri_20240124T1430209615_d_img_d18.hdr,IIRS,-44.583408,346.003067,38.271485,,D:\lunar ai\outputs\patches\IIRS_ch2_iir_nri_20240124T1430209615_d_img_d18_01792_00000.png,1792,0,256,256,-45_346,train
IIRS_ch2_iir_nri_20240124T1430209615_d_img_d18_01920_00000,ch2_iir_nri_20240124T1430209615_d_img_d18.hdr,IIRS,-44.588535,346.003067,38.271485,,D:\lunar ai\outputs\patches\IIRS_ch2_iir_nri_20240124T1430209615_d_img_d18_01920_00000.png,1920,0,256,256,-45_346,train
IIRS_ch2_iir_nri_20240124T1430209615_d_img_d18_02048_00000,ch2_iir_nri_20240124T1430209615_d_img_d18.hdr,IIRS,-44.593662,346.003067,38.271485,,D:\lunar ai\outputs\patches\IIRS_ch2_iir_nri_20240124T1430209615_d_img_d18_02048_00000.png,2048,0,256,256,-45_346,train
IIRS_ch2_iir_nri_20240124T1430209615_d_img_d18_02176_00000,ch2_iir_nri_20240124T1430209615_d_img_d18.hdr,IIRS,-44.598789,346.003067,38.271485,,D:\lunar ai\outputs\patches\IIRS_ch2_iir_nri_20240124T1430209615_d_img_d18_02176_00000.png,2176,0,256,256,-45_346,train
IIRS_ch2_iir_nri_20240124T1430209615_d_img_d18_02304_00000,ch2_iir_nri_20240124T1430209615_d_img_d18.hdr,IIRS,-44.603916,346.003067,38.271485,,D:\lunar ai\outputs\patches\IIRS_ch2_iir_nri_20240124T1430209615_d_img_d18_02304_00000.png,2304,0,256,256,-45_346,train
IIRS_ch2_iir_nri_20240124T1430209615_d_img_d18_02432_00000,ch2_iir_nri_20240124T1430209615_d_img_d18.hdr,IIRS,-44.609043,346.003067,38.271485,,D:\lunar ai\outputs\patches\IIRS_ch2_iir_nri_20240124T1430209615_d_img_d18_02432_00000.png,2432,0,256,256,-45_346,train
IIRS_ch2_iir_nri_20240124T1430209615_d_img_d18_02560_00000,ch2_iir_nri_20240124T1430209615_d_img_d18.hdr,IIRS,-44.61417,346.003067,38.271485,,D:\lunar ai\outputs\patches\IIRS_ch2_iir_nri_20240124T1430209615_d_img_d18_02560_00000.png,2560,0,256,256,-45_346,train
IIRS_ch2_iir_nri_20240124T1430209615_d_img_d18_02688_00000,ch2_iir_nri_20240124T1430209615_d_img_d18.hdr,IIRS,-44.619297,346.003067,38.271485,,D:\lunar ai\outputs\patches\IIRS_ch2_iir_nri_20240124T1430209615_d_img_d18_02688_00000.png,2688,0,256,256,-45_346,train
IIRS_ch2_iir_nri_20240124T1430209615_d_img_d18_02816_00000,ch2_iir_nri_20240124T1430209615_d_img_d18.hdr,IIRS,-44.624424,346.003067,38.271485,,D:\lunar ai\outputs\patches\IIRS_ch2_iir_nri_20240124T1430209615_d_img_d18_02816_00000.png,2816,0,256,256,-45_346,train
IIRS_ch2_iir_nri_20240124T1430209615_d_img_d18_02944_00000,ch2_iir_nri_20240124T1430209615_d_img_d18.hdr,IIRS,-44.629551,346.003067,38.271485,,D:\lunar ai\outputs\patches\IIRS_ch2_iir_nri_20240124T1430209615_d_img_d18_02944_00000.png,2944,0,256,256,-45_346,train
IIRS_ch2_iir_nri_20240124T1430209615_d_img_d18_03072_00000,ch2_iir_nri_20240124T1430209615_d_img_d18.hdr,IIRS,-44.634678,346.003067,38.271485,,D:\lunar ai\outputs\patches\IIRS_ch2_iir_nri_20240124T1430209615_d_img_d18_03072_00000.png,3072,0,256,256,-45_346,train
IIRS_ch2_iir_nri_20240124T1430209615_d_img_d18_03200_00000,ch2_iir_nri_20240124T1430209615_d_img_d18.hdr,IIRS,-44.639805,346.003067,38.271485,,D:\lunar ai\outputs\patches\IIRS_ch2_iir_nri_20240124T1430209615_d_img_d18_03200_00000.png,3200,0,256,256,-45_346,train
IIRS_ch2_iir_nri_20240124T1430209615_d_img_d18_03328_00000,ch2_iir_nri_20240124T1430209615_d_img_d18.hdr,IIRS,-44.644932,346.003067,38.271485,,D:\lunar ai\outputs\patches\IIRS_ch2_iir_nri_20240124T1430209615_d_img_d18_03328_00000.png,3328,0,256,256,-45_346,train
IIRS_ch2_iir_nri_20240124T1430209615_d_img_d18_03456_00000,ch2_iir_nri_20240124T1430209615_d_img_d18.hdr,IIRS,-44.650058,346.003067,38.271485,,D:\lunar ai\outputs\patches\IIRS_ch2_iir_nri_20240124T1430209615_d_img_d18_03456_00000.png,3456,0,256,256,-45_346,train
IIRS_ch2_iir_nri_20240124T1430209615_d_img_d18_03584_00000,ch2_iir_nri_20240124T1430209615_d_img_d18.hdr,IIRS,-44.655185,346.003067,38.271485,,D:\lunar ai\outputs\patches\IIRS_ch2_iir_nri_20240124T1430209615_d_img_d18_03584_00000.png,3584,0,256,256,-45_346,train
IIRS_ch2_iir_nri_20240124T1430209615_d_img_d18_03712_00000,ch2_iir_nri_20240124T1430209615_d_img_d18.hdr,IIRS,-44.660312,346.003067,38.271485,,D:\lunar ai\outputs\patches\IIRS_ch2_iir_nri_20240124T1430209615_d_img_d18_03712_00000.png,3712,0,256,256,-45_346,train
IIRS_ch2_iir_nri_20240124T1430209615_d_img_d18_03840_00000,ch2_iir_nri_20240124T1430209615_d_img_d18.hdr,IIRS,-44.665439,346.003067,38.271485,,D:\lunar ai\outputs\patches\IIRS_ch2_iir_nri_20240124T1430209615_d_img_d18_03840_00000.png,3840,0,256,256,-45_346,train
IIRS_ch2_iir_nri_20240124T1430209615_d_img_d18_03968_00000,ch2_iir_nri_20240124T1430209615_d_img_d18.hdr,IIRS,-44.670566,346.003067,38.271485,,D:\lunar ai\outputs\patches\IIRS_ch2_iir_nri_20240124T1430209615_d_img_d18_03968_00000.png,3968,0,256,256,-45_346,train
IIRS_ch2_iir_nri_20240124T1430209615_d_img_d18_04096_00000,ch2_iir_nri_20240124T1430209615_d_img_d18.hdr,IIRS,-44.675693,346.003067,38.271485,,D:\lunar ai\outputs\patches\IIRS_ch2_iir_nri_20240124T1430209615_d_img_d18_04096_00000.png,4096,0,256,256,-45_346,train
IIRS_ch2_iir_nri_20240124T1430209615_d_img_d18_04224_00000,ch2_iir_nri_20240124T1430209615_d_img_d18.hdr,IIRS,-44.68082,346.003067,38.271485,,D:\lunar ai\outputs\patches\IIRS_ch2_iir_nri_20240124T1430209615_d_img_d18_04224_00000.png,4224,0,256,256,-45_346,train
IIRS_ch2_iir_nri_20240124T1430209615_d_img_d18_04352_00000,ch2_iir_nri_20240124T1430209615_d_img_d18.hdr,IIRS,-44.685947,346.003067,38.271485,,D:\lunar ai\outputs\patches\IIRS_ch2_iir_nri_20240124T1430209615_d_img_d18_04352_00000.png,4352,0,256,256,-45_346,train
IIRS_ch2_iir_nri_20240124T1430209615_d_img_d18_04480_00000,ch2_iir_nri_20240124T1430209615_d_img_d18.hdr,IIRS,-44.691074,346.003067,38.271485,,D:\lunar ai\outputs\patches\IIRS_ch2_iir_nri_20240124T1430209615_d_img_d18_04480_00000.png,4480,0,256,256,-45_346,train
IIRS_ch2_iir_nri_20240124T1430209615_d_img_d18_04608_00000,ch2_iir_nri_20240124T1430209615_d_img_d18.hdr,IIRS,-44.696201,346.003067,38.271485,,D:\lunar ai\outputs\patches\IIRS_ch2_iir_nri_20240124T1430209615_d_img_d18_04608_00000.png,4608,0,256,256,-45_346,train
IIRS_ch2_iir_nri_20240124T1430209615_d_img_d18_04736_00000,ch2_iir_nri_20240124T1430209615_d_img_d18.hdr,IIRS,-44.701328,346.003067,38.271485,,D:\lunar ai\outputs\patches\IIRS_ch2_iir_nri_20240124T1430209615_d_img_d18_04736_00000.png,4736,0,256,256,-45_346,train
IIRS_ch2_iir_nri_20240124T1430209615_d_img_d18_04864_00000,ch2_iir_nri_20240124T1430209615_d_img_d18.hdr,IIRS,-44.706455,346.003067,38.271485,,D:\lunar ai\outputs\patches\IIRS_ch2_iir_nri_20240124T1430209615_d_img_d18_04864_00000.png,4864,0,256,256,-45_346,train
IIRS_ch2_iir_nri_20240124T1430209615_d_img_d18_04992_00000,ch2_iir_nri_20240124T1430209615_d_img_d18.hdr,IIRS,-44.711582,346.003067,38.271485,,D:\lunar ai\outputs\patches\IIRS_ch2_iir_nri_20240124T1430209615_d_img_d18_04992_00000.png,4992,0,256,256,-45_346,train
IIRS_ch2_iir_nri_20240124T1430209615_d_img_d18_05120_00000,ch2_iir_nri_20240124T1430209615_d_img_d18.hdr,IIRS,-44.716709,346.003067,38.271485,,D:\lunar ai\outputs\patches\IIRS_ch2_iir_nri_20240124T1430209615_d_img_d18_05120_00000.png,5120,0,256,256,-45_346,train
IIRS_ch2_iir_nri_20240124T1430209615_d_img_d18_05248_00000,ch2_iir_nri_20240124T1430209615_d_img_d18.hdr,IIRS,-44.721836,346.003067,38.271485,,D:\lunar ai\outputs\patches\IIRS_ch2_iir_nri_20240124T1430209615_d_img_d18_05248_00000.png,5248,0,256,256,-45_346,train
IIRS_ch2_iir_nri_20240124T1430209615_d_img_d18_05376_00000,ch2_iir_nri_20240124T1430209615_d_img_d18.hdr,IIRS,-44.726963,346.003067,38.271485,,D:\lunar ai\outputs\patches\IIRS_ch2_iir_nri_20240124T1430209615_d_img_d18_05376_00000.png,5376,0,256,256,-45_346,train
IIRS_ch2_iir_nri_20240124T1430209615_d_img_d18_05504_00000,ch2_iir_nri_20240124T1430209615_d_img_d18.hdr,IIRS,-44.73209,346.003067,38.271485,,D:\lunar ai\outputs\patches\IIRS_ch2_iir_nri_20240124T1430209615_d_img_d18_05504_00000.png,5504,0,256,256,-45_346,train
IIRS_ch2_iir_nri_20240124T1430209615_d_img_d18_05632_00000,ch2_iir_nri_20240124T1430209615_d_img_d18.hdr,IIRS,-44.737217,346.003067,38.271485,,D:\lunar ai\outputs\patches\IIRS_ch2_iir_nri_20240124T1430209615_d_img_d18_05632_00000.png,5632,0,256,256,-45_346,train
IIRS_ch2_iir_nri_20240124T1430209615_d_img_d18_05760_00000,ch2_iir_nri_20240124T1430209615_d_img_d18.hdr,IIRS,-44.742344,346.003067,38.271485,,D:\lunar ai\outputs\patches\IIRS_ch2_iir_nri_20240124T1430209615_d_img_d18_05760_00000.png,5760,0,256,256,-45_346,train
IIRS_ch2_iir_nri_20240124T1430209615_d_img_d18_05888_00000,ch2_iir_nri_20240124T1430209615_d_img_d18.hdr,IIRS,-44.747471,346.003067,38.271485,,D:\lunar ai\outputs\patches\IIRS_ch2_iir_nri_20240124T1430209615_d_img_d18_05888_00000.png,5888,0,256,256,-45_346,train
IIRS_ch2_iir_nri_20240124T1430209615_d_img_d18_06016_00000,ch2_iir_nri_20240124T1430209615_d_img_d18.hdr,IIRS,-44.752598,346.003067,38.271485,,D:\lunar ai\outputs\patches\IIRS_ch2_iir_nri_20240124T1430209615_d_img_d18_06016_00000.png,6016,0,256,256,-45_346,train
IIRS_ch2_iir_nri_20240124T1430209615_d_img_d18_06144_00000,ch2_iir_nri_20240124T1430209615_d_img_d18.hdr,IIRS,-44.757725,346.003067,38.271485,,D:\lunar ai\outputs\patches\IIRS_ch2_iir_nri_20240124T1430209615_d_img_d18_06144_00000.png,6144,0,256,256,-45_346,train
IIRS_ch2_iir_nri_20240124T1430209615_d_img_d18_06272_00000,ch2_iir_nri_20240124T1430209615_d_img_d18.hdr,IIRS,-44.762852,346.003067,38.271485,,D:\lunar ai\outputs\patches\IIRS_ch2_iir_nri_20240124T1430209615_d_img_d18_06272_00000.png,6272,0,256,256,-45_346,train
IIRS_ch2_iir_nri_20240124T1430209615_d_img_d18_06400_00000,ch2_iir_nri_20240124T1430209615_d_img_d18.hdr,IIRS,-44.767979,346.003067,38.271485,,D:\lunar ai\outputs\patches\IIRS_ch2_iir_nri_20240124T1430209615_d_img_d18_06400_00000.png,6400,0,256,256,-45_346,train
IIRS_ch2_iir_nri_20240124T1430209615_d_img_d18_06528_00000,ch2_iir_nri_20240124T1430209615_d_img_d18.hdr,IIRS,-44.773106,346.003067,38.271485,,D:\lunar ai\outputs\patches\IIRS_ch2_iir_nri_20240124T1430209615_d_img_d18_06528_00000.png,6528,0,256,256,-45_346,train
IIRS_ch2_iir_nri_20240124T1430209615_d_img_d18_06656_00000,ch2_iir_nri_20240124T1430209615_d_img_d18.hdr,IIRS,-44.778233,346.003067,38.271485,,D:\lunar ai\outputs\patches\IIRS_ch2_iir_nri_20240124T1430209615_d_img_d18_06656_00000.png,6656,0,256,256,-45_346,train
IIRS_ch2_iir_nri_20240124T1430209615_d_img_d18_06784_00000,ch2_iir_nri_20240124T1430209615_d_img_d18.hdr,IIRS,-44.78336,346.003067,38.271485,,D:\lunar ai\outputs\patches\IIRS_ch2_iir_nri_20240124T1430209615_d_img_d18_06784_00000.png,6784,0,256,256,-45_346,train
IIRS_ch2_iir_nri_20240124T1430209615_d_img_d18_06912_00000,ch2_iir_nri_20240124T1430209615_d_img_d18.hdr,IIRS,-44.788487,346.003067,38.271485,,D:\lunar ai\outputs\patches\IIRS_ch2_iir_nri_20240124T1430209615_d_img_d18_06912_00000.png,6912,0,256,256,-45_346,train
IIRS_ch2_iir_nri_20240124T1430209615_d_img_d18_07040_00000,ch2_iir_nri_20240124T1430209615_d_img_d18.hdr,IIRS,-44.793614,346.003067,38.271485,,D:\lunar ai\outputs\patches\IIRS_ch2_iir_nri_20240124T1430209615_d_img_d18_07040_00000.png,7040,0,256,256,-45_346,train
IIRS_ch2_iir_nri_20240124T1430209615_d_img_d18_07168_00000,ch2_iir_nri_20240124T1430209615_d_img_d18.hdr,IIRS,-44.798741,346.003067,38.271485,,D:\lunar ai\outputs\patches\IIRS_ch2_iir_nri_20240124T1430209615_d_img_d18_07168_00000.png,7168,0,256,256,-45_346,train
IIRS_ch2_iir_nri_20240124T1430209615_d_img_d18_07296_00000,ch2_iir_nri_20240124T1430209615_d_img_d18.hdr,IIRS,-44.803868,346.003067,38.271485,,D:\lunar ai\outputs\patches\IIRS_ch2_iir_nri_20240124T1430209615_d_img_d18_07296_00000.png,7296,0,256,256,-45_346,train
IIRS_ch2_iir_nri_20240124T1430209615_d_img_d18_07424_00000,ch2_iir_nri_20240124T1430209615_d_img_d18.hdr,IIRS,-44.808995,346.003067,38.271485,,D:\lunar ai\outputs\patches\IIRS_ch2_iir_nri_20240124T1430209615_d_img_d18_07424_00000.png,7424,0,256,256,-45_346,train
IIRS_ch2_iir_nri_20240124T1430209615_d_img_d18_07552_00000,ch2_iir_nri_20240124T1430209615_d_img_d18.hdr,IIRS,-44.814122,346.003067,38.271485,,D:\lunar ai\outputs\patches\IIRS_ch2_iir_nri_20240124T1430209615_d_img_d18_07552_00000.png,7552,0,256,256,-45_346,train
IIRS_ch2_iir_nri_20240124T1430209615_d_img_d18_07680_00000,ch2_iir_nri_20240124T1430209615_d_img_d18.hdr,IIRS,-44.819249,346.003067,38.271485,,D:\lunar ai\outputs\patches\IIRS_ch2_iir_nri_20240124T1430209615_d_img_d18_07680_00000.png,7680,0,256,256,-45_346,train
IIRS_ch2_iir_nri_20240124T1430209615_d_img_d18_07808_00000,ch2_iir_nri_20240124T1430209615_d_img_d18.hdr,IIRS,-44.824376,346.003067,38.271485,,D:\lunar ai\outputs\patches\IIRS_ch2_iir_nri_20240124T1430209615_d_img_d18_07808_00000.png,7808,0,256,256,-45_346,train
IIRS_ch2_iir_nri_20240124T1430209615_d_img_d18_07936_00000,ch2_iir_nri_20240124T1430209615_d_img_d18.hdr,IIRS,-44.829503,346.003067,38.271485,,D:\lunar ai\outputs\patches\IIRS_ch2_iir_nri_20240124T1430209615_d_img_d18_07936_00000.png,7936,0,256,256,-45_346,train
IIRS_ch2_iir_nri_20240124T1430209615_d_img_d18_08064_00000,ch2_iir_nri_20240124T1430209615_d_img_d18.hdr,IIRS,-44.83463,346.003067,38.271485,,D:\lunar ai\outputs\patches\IIRS_ch2_iir_nri_20240124T1430209615_d_img_d18_08064_00000.png,8064,0,256,256,-45_346,train
IIRS_ch2_iir_nri_20240124T1430209615_d_img_d18_08192_00000,ch2_iir_nri_20240124T1430209615_d_img_d18.hdr,IIRS,-44.839756,346.003067,38.271485,,D:\lunar ai\outputs\patches\IIRS_ch2_iir_nri_20240124T1430209615_d_img_d18_08192_00000.png,8192,0,256,256,-45_346,train
IIRS_ch2_iir_nri_20240124T1430209615_d_img_d18_08320_00000,ch2_iir_nri_20240124T1430209615_d_img_d18.hdr,IIRS,-44.844883,346.003067,38.271485,,D:\lunar ai\outputs\patches\IIRS_ch2_iir_nri_20240124T1430209615_d_img_d18_08320_00000.png,8320,0,256,256,-45_346,train
IIRS_ch2_iir_nri_20240124T1430209615_d_img_d18_08448_00000,ch2_iir_nri_20240124T1430209615_d_img_d18.hdr,IIRS,-44.85001,346.003067,38.271485,,D:\lunar ai\outputs\patches\IIRS_ch2_iir_nri_20240124T1430209615_d_img_d18_08448_00000.png,8448,0,256,256,-45_346,train
IIRS_ch2_iir_nri_20240124T1430209615_d_img_d18_08576_00000,ch2_iir_nri_20240124T1430209615_d_img_d18.hdr,IIRS,-44.855137,346.003067,38.271485,,D:\lunar ai\outputs\patches\IIRS_ch2_iir_nri_20240124T1430209615_d_img_d18_08576_00000.png,8576,0,256,256,-45_346,train
IIRS_ch2_iir_nri_20240124T1430209615_d_img_d18_08704_00000,ch2_iir_nri_20240124T1430209615_d_img_d18.hdr,IIRS,-44.860264,346.003067,38.271485,,D:\lunar ai\outputs\patches\IIRS_ch2_iir_nri_20240124T1430209615_d_img_d18_08704_00000.png,8704,0,256,256,-45_346,train
IIRS_ch2_iir_nri_20240124T1430209615_d_img_d18_08832_00000,ch2_iir_nri_20240124T1430209615_d_img_d18.hdr,IIRS,-44.865391,346.003067,38.271485,,D:\lunar ai\outputs\patches\IIRS_ch2_iir_nri_20240124T1430209615_d_img_d18_08832_00000.png,8832,0,256,256,-45_346,train
IIRS_ch2_iir_nri_20240124T1430209615_d_img_d18_08960_00000,ch2_iir_nri_20240124T1430209615_d_img_d18.hdr,IIRS,-44.870518,346.003067,38.271485,,D:\lunar ai\outputs\patches\IIRS_ch2_iir_nri_20240124T1430209615_d_img_d18_08960_00000.png,8960,0,256,256,-45_346,train
IIRS_ch2_iir_nri_20240124T1430209615_d_img_d18_09088_00000,ch2_iir_nri_20240124T1430209615_d_img_d18.hdr,IIRS,-44.875645,346.003067,38.271485,,D:\lunar ai\outputs\patches\IIRS_ch2_iir_nri_20240124T1430209615_d_img_d18_09088_00000.png,9088,0,256,256,-45_346,train
IIRS_ch2_iir_nri_20240124T1430209615_d_img_d18_09216_00000,ch2_iir_nri_20240124T1430209615_d_img_d18.hdr,IIRS,-44.880772,346.003067,38.271485,,D:\lunar ai\outputs\patches\IIRS_ch2_iir_nri_20240124T1430209615_d_img_d18_09216_00000.png,9216,0,256,256,-45_346,train
IIRS_ch2_iir_nri_20240124T1430209615_d_img_d18_09344_00000,ch2_iir_nri_20240124T1430209615_d_img_d18.hdr,IIRS,-44.885899,346.003067,38.271485,,D:\lunar ai\outputs\patches\IIRS_ch2_iir_nri_20240124T1430209615_d_img_d18_09344_00000.png,9344,0,256,256,-45_346,train
IIRS_ch2_iir_nri_20240124T1430209615_d_img_d18_09472_00000,ch2_iir_nri_20240124T1430209615_d_img_d18.hdr,IIRS,-44.891026,346.003067,38.271485,,D:\lunar ai\outputs\patches\IIRS_ch2_iir_nri_20240124T1430209615_d_img_d18_09472_00000.png,9472,0,256,256,-45_346,train
IIRS_ch2_iir_nri_20240124T1430209615_d_img_d18_09600_00000,ch2_iir_nri_20240124T1430209615_d_img_d18.hdr,IIRS,-44.896153,346.003067,38.271485,,D:\lunar ai\outputs\patches\IIRS_ch2_iir_nri_20240124T1430209615_d_img_d18_09600_00000.png,9600,0,256,256,-45_346,train
IIRS_ch2_iir_nri_20240124T1430209615_d_img_d18_09728_00000,ch2_iir_nri_20240124T1430209615_d_img_d18.hdr,IIRS,-44.90128,346.003067,38.271485,,D:\lunar ai\outputs\patches\IIRS_ch2_iir_nri_20240124T1430209615_d_img_d18_09728_00000.png,9728,0,256,256,-45_346,train
IIRS_ch2_iir_nri_20240124T1430209615_d_img_d18_09856_00000,ch2_iir_nri_20240124T1430209615_d_img_d18.hdr,IIRS,-44.906407,346.003067,38.271485,,D:\lunar ai\outputs\patches\IIRS_ch2_iir_nri_20240124T1430209615_d_img_d18_09856_00000.png,9856,0,256,256,-45_346,train
IIRS_ch2_iir_nri_20240124T1430209615_d_img_d18_09984_00000,ch2_iir_nri_20240124T1430209615_d_img_d18.hdr,IIRS,-44.911534,346.003067,38.271485,,D:\lunar ai\outputs\patches\IIRS_ch2_iir_nri_20240124T1430209615_d_img_d18_09984_00000.png,9984,0,256,256,-45_346,train
IIRS_ch2_iir_nri_20240124T1430209615_d_img_d18_10112_00000,ch2_iir_nri_20240124T1430209615_d_img_d18.hdr,IIRS,-44.916661,346.003067,38.271485,,D:\lunar ai\outputs\patches\IIRS_ch2_iir_nri_20240124T1430209615_d_img_d18_10112_00000.png,10112,0,256,256,-45_346,train
IIRS_ch2_iir_nri_20240124T1430209615_d_img_d18_10240_00000,ch2_iir_nri_20240124T1430209615_d_img_d18.hdr,IIRS,-44.921788,346.003067,38.271485,,D:\lunar ai\outputs\patches\IIRS_ch2_iir_nri_20240124T1430209615_d_img_d18_10240_00000.png,10240,0,256,256,-45_346,train
IIRS_ch2_iir_nri_20240124T1430209615_d_img_d18_10368_00000,ch2_iir_nri_20240124T1430209615_d_img_d18.hdr,IIRS,-44.926915,346.003067,38.271485,,D:\lunar ai\outputs\patches\IIRS_ch2_iir_nri_20240124T1430209615_d_img_d18_10368_00000.png,10368,0,256,256,-45_346,train
IIRS_ch2_iir_nri_20240124T1430209615_d_img_d18_10496_00000,ch2_iir_nri_20240124T1430209615_d_img_d18.hdr,IIRS,-44.932042,346.003067,38.271485,,D:\lunar ai\outputs\patches\IIRS_ch2_iir_nri_20240124T1430209615_d_img_d18_10496_00000.png,10496,0,256,256,-45_346,train
IIRS_ch2_iir_nri_20240124T1430209615_d_img_d18_10624_00000,ch2_iir_nri_20240124T1430209615_d_img_d18.hdr,IIRS,-44.937169,346.003067,38.271485,,D:\lunar ai\outputs\patches\IIRS_ch2_iir_nri_20240124T1430209615_d_img_d18_10624_00000.png,10624,0,256,256,-45_346,train
IIRS_ch2_iir_nri_20240124T1430209615_d_img_d18_10752_00000,ch2_iir_nri_20240124T1430209615_d_img_d18.hdr,IIRS,-44.942296,346.003067,38.271485,,D:\lunar ai\outputs\patches\IIRS_ch2_iir_nri_20240124T1430209615_d_img_d18_10752_00000.png,10752,0,256,256,-45_346,train
IIRS_ch2_iir_nri_20240124T1430209615_d_img_d18_10880_00000,ch2_iir_nri_20240124T1430209615_d_img_d18.hdr,IIRS,-44.947423,346.003067,38.271485,,D:\lunar ai\outputs\patches\IIRS_ch2_iir_nri_20240124T1430209615_d_img_d18_10880_00000.png,10880,0,256,256,-45_346,train
IIRS_ch2_iir_nri_20240124T1430209615_d_img_d18_11008_00000,ch2_iir_nri_20240124T1430209615_d_img_d18.hdr,IIRS,-44.95255,346.003067,38.271485,,D:\lunar ai\outputs\patches\IIRS_ch2_iir_nri_20240124T1430209615_d_img_d18_11008_00000.png,11008,0,256,256,-45_346,train
IIRS_ch2_iir_nri_20240124T1430209615_d_img_d18_11136_00000,ch2_iir_nri_20240124T1430209615_d_img_d18.hdr,IIRS,-44.957677,346.003067,38.271485,,D:\lunar ai\outputs\patches\IIRS_ch2_iir_nri_20240124T1430209615_d_img_d18_11136_00000.png,11136,0,256,256,-45_346,train
IIRS_ch2_iir_nri_20240124T1430209615_d_img_d18_11264_00000,ch2_iir_nri_20240124T1430209615_d_img_d18.hdr,IIRS,-44.962804,346.003067,38.271485,,D:\lunar ai\outputs\patches\IIRS_ch2_iir_nri_20240124T1430209615_d_img_d18_11264_00000.png,11264,0,256,256,-45_346,train
IIRS_ch2_iir_nri_20240124T1430209615_d_img_d18_11392_00000,ch2_iir_nri_20240124T1430209615_d_img_d18.hdr,IIRS,-44.967931,346.003067,38.271485,,D:\lunar ai\outputs\patches\IIRS_ch2_iir_nri_20240124T1430209615_d_img_d18_11392_00000.png,11392,0,256,256,-45_346,train
IIRS_ch2_iir_nri_20240124T1430209615_d_img_d18_11520_00000,ch2_iir_nri_20240124T1430209615_d_img_d18.hdr,IIRS,-44.973058,346.003067,38.271485,,D:\lunar ai\outputs\patches\IIRS_ch2_iir_nri_20240124T1430209615_d_img_d18_11520_00000.png,11520,0,256,256,-45_346,train
IIRS_ch2_iir_nri_20240124T1430209615_d_img_d18_11648_00000,ch2_iir_nri_20240124T1430209615_d_img_d18.hdr,IIRS,-44.978185,346.003067,38.271485,,D:\lunar ai\outputs\patches\IIRS_ch2_iir_nri_20240124T1430209615_d_img_d18_11648_00000.png,11648,0,256,256,-45_346,train
IIRS_ch2_iir_nri_20240124T1430209615_d_img_d18_11776_00000,ch2_iir_nri_20240124T1430209615_d_img_d18.hdr,IIRS,-44.983312,346.003067,38.271485,,D:\lunar ai\outputs\patches\IIRS_ch2_iir_nri_20240124T1430209615_d_img_d18_11776_00000.png,11776,0,256,256,-45_346,train
IIRS_ch2_iir_nri_20240124T1430209615_d_img_d18_11904_00000,ch2_iir_nri_20240124T1430209615_d_img_d18.hdr,IIRS,-44.988439,346.003067,38.271485,,D:\lunar ai\outputs\patches\IIRS_ch2_iir_nri_20240124T1430209615_d_img_d18_11904_00000.png,11904,0,256,256,-45_346,train
IIRS_ch2_iir_nri_20240124T1430209615_d_img_d18_12032_00000,ch2_iir_nri_20240124T1430209615_d_img_d18.hdr,IIRS,-44.993566,346.003067,38.271485,,D:\lunar ai\outputs\patches\IIRS_ch2_iir_nri_20240124T1430209615_d_img_d18_12032_00000.png,12032,0,256,256,-45_346,train
IIRS_ch2_iir_nri_20240124T1430209615_d_img_d18_12160_00000,ch2_iir_nri_20240124T1430209615_d_img_d18.hdr,IIRS,-44.998693,346.003067,38.271485,,D:\lunar ai\outputs\patches\IIRS_ch2_iir_nri_20240124T1430209615_d_img_d18_12160_00000.png,12160,0,256,256,-45_346,train
IIRS_ch2_iir_nri_20240124T1430209615_d_img_d18_12227_00000,ch2_iir_nri_20240124T1430209615_d_img_d18.hdr,IIRS,-45.001376,346.003067,38.271485,,D:\lunar ai\outputs\patches\IIRS_ch2_iir_nri_20240124T1430209615_d_img_d18_12227_00000.png,12227,0,256,256,-45_346,train
LRONAC_quickmap-lroc_00000_00000,quickmap-lroc.png,LRO NAC,,,,,D:\lunar ai\outputs\patches\LRONAC_quickmap-lroc_00000_00000.png,0,0,256,256,,train
LRONAC_quickmap-lroc_00000_00128,quickmap-lroc.png,LRO NAC,,,,,D:\lunar ai\outputs\patches\LRONAC_quickmap-lroc_00000_00128.png,0,128,256,256,,train
LRONAC_quickmap-lroc_00000_00256,quickmap-lroc.png,LRO NAC,,,,,D:\lunar ai\outputs\patches\LRONAC_quickmap-lroc_00000_00256.png,0,256,256,256,,train
LRONAC_quickmap-lroc_00000_00384,quickmap-lroc.png,LRO NAC,,,,,D:\lunar ai\outputs\patches\LRONAC_quickmap-lroc_00000_00384.png,0,384,256,256,,train
LRONAC_quickmap-lroc_00000_00512,quickmap-lroc.png,LRO NAC,,,,,D:\lunar ai\outputs\patches\LRONAC_quickmap-lroc_00000_00512.png,0,512,256,256,,train
LRONAC_quickmap-lroc_00000_00640,quickmap-lroc.png,LRO NAC,,,,,D:\lunar ai\outputs\patches\LRONAC_quickmap-lroc_00000_00640.png,0,640,256,256,,train
LRONAC_quickmap-lroc_00000_00768,quickmap-lroc.png,LRO NAC,,,,,D:\lunar ai\outputs\patches\LRONAC_quickmap-lroc_00000_00768.png,0,768,256,256,,train
LRONAC_quickmap-lroc_00000_00896,quickmap-lroc.png,LRO NAC,,,,,D:\lunar ai\outputs\patches\LRONAC_quickmap-lroc_00000_00896.png,0,896,256,256,,train
LRONAC_quickmap-lroc_00000_00925,quickmap-lroc.png,LRO NAC,,,,,D:\lunar ai\outputs\patches\LRONAC_quickmap-lroc_00000_00925.png,0,925,256,256,,train
LRONAC_quickmap-lroc_00128_00000,quickmap-lroc.png,LRO NAC,,,,,D:\lunar ai\outputs\patches\LRONAC_quickmap-lroc_00128_00000.png,128,0,256,256,,train
LRONAC_quickmap-lroc_00128_00128,quickmap-lroc.png,LRO NAC,,,,,D:\lunar ai\outputs\patches\LRONAC_quickmap-lroc_00128_00128.png,128,128,256,256,,train
LRONAC_quickmap-lroc_00128_00256,quickmap-lroc.png,LRO NAC,,,,,D:\lunar ai\outputs\patches\LRONAC_quickmap-lroc_00128_00256.png,128,256,256,256,,train
LRONAC_quickmap-lroc_00128_00384,quickmap-lroc.png,LRO NAC,,,,,D:\lunar ai\outputs\patches\LRONAC_quickmap-lroc_00128_00384.png,128,384,256,256,,train
LRONAC_quickmap-lroc_00128_00512,quickmap-lroc.png,LRO NAC,,,,,D:\lunar ai\outputs\patches\LRONAC_quickmap-lroc_00128_00512.png,128,512,256,256,,train
LRONAC_quickmap-lroc_00128_00640,quickmap-lroc.png,LRO NAC,,,,,D:\lunar ai\outputs\patches\LRONAC_quickmap-lroc_00128_00640.png,128,640,256,256,,train
LRONAC_quickmap-lroc_00128_00768,quickmap-lroc.png,LRO NAC,,,,,D:\lunar ai\outputs\patches\LRONAC_quickmap-lroc_00128_00768.png,128,768,256,256,,train
LRONAC_quickmap-lroc_00128_00896,quickmap-lroc.png,LRO NAC,,,,,D:\lunar ai\outputs\patches\LRONAC_quickmap-lroc_00128_00896.png,128,896,256,256,,train
LRONAC_quickmap-lroc_00128_00925,quickmap-lroc.png,LRO NAC,,,,,D:\lunar ai\outputs\patches\LRONAC_quickmap-lroc_00128_00925.png,128,925,256,256,,train
LRONAC_quickmap-lroc_00256_00000,quickmap-lroc.png,LRO NAC,,,,,D:\lunar ai\outputs\patches\LRONAC_quickmap-lroc_00256_00000.png,256,0,256,256,,train
LRONAC_quickmap-lroc_00256_00128,quickmap-lroc.png,LRO NAC,,,,,D:\lunar ai\outputs\patches\LRONAC_quickmap-lroc_00256_00128.png,256,128,256,256,,train
LRONAC_quickmap-lroc_00256_00256,quickmap-lroc.png,LRO NAC,,,,,D:\lunar ai\outputs\patches\LRONAC_quickmap-lroc_00256_00256.png,256,256,256,256,,train
LRONAC_quickmap-lroc_00256_00384,quickmap-lroc.png,LRO NAC,,,,,D:\lunar ai\outputs\patches\LRONAC_quickmap-lroc_00256_00384.png,256,384,256,256,,train
LRONAC_quickmap-lroc_00256_00512,quickmap-lroc.png,LRO NAC,,,,,D:\lunar ai\outputs\patches\LRONAC_quickmap-lroc_00256_00512.png,256,512,256,256,,train
LRONAC_quickmap-lroc_00256_00640,quickmap-lroc.png,LRO NAC,,,,,D:\lunar ai\outputs\patches\LRONAC_quickmap-lroc_00256_00640.png,256,640,256,256,,train
LRONAC_quickmap-lroc_00256_00768,quickmap-lroc.png,LRO NAC,,,,,D:\lunar ai\outputs\patches\LRONAC_quickmap-lroc_00256_00768.png,256,768,256,256,,train
LRONAC_quickmap-lroc_00256_00896,quickmap-lroc.png,LRO NAC,,,,,D:\lunar ai\outputs\patches\LRONAC_quickmap-lroc_00256_00896.png,256,896,256,256,,train
LRONAC_quickmap-lroc_00256_00925,quickmap-lroc.png,LRO NAC,,,,,D:\lunar ai\outputs\patches\LRONAC_quickmap-lroc_00256_00925.png,256,925,256,256,,train
LRONAC_quickmap-lroc_00382_00000,quickmap-lroc.png,LRO NAC,,,,,D:\lunar ai\outputs\patches\LRONAC_quickmap-lroc_00382_00000.png,382,0,256,256,,train
LRONAC_quickmap-lroc_00382_00128,quickmap-lroc.png,LRO NAC,,,,,D:\lunar ai\outputs\patches\LRONAC_quickmap-lroc_00382_00128.png,382,128,256,256,,train
LRONAC_quickmap-lroc_00382_00256,quickmap-lroc.png,LRO NAC,,,,,D:\lunar ai\outputs\patches\LRONAC_quickmap-lroc_00382_00256.png,382,256,256,256,,train
LRONAC_quickmap-lroc_00382_00384,quickmap-lroc.png,LRO NAC,,,,,D:\lunar ai\outputs\patches\LRONAC_quickmap-lroc_00382_00384.png,382,384,256,256,,train
LRONAC_quickmap-lroc_00382_00512,quickmap-lroc.png,LRO NAC,,,,,D:\lunar ai\outputs\patches\LRONAC_quickmap-lroc_00382_00512.png,382,512,256,256,,train
LRONAC_quickmap-lroc_00382_00640,quickmap-lroc.png,LRO NAC,,,,,D:\lunar ai\outputs\patches\LRONAC_quickmap-lroc_00382_00640.png,382,640,256,256,,train
LRONAC_quickmap-lroc_00382_00768,quickmap-lroc.png,LRO NAC,,,,,D:\lunar ai\outputs\patches\LRONAC_quickmap-lroc_00382_00768.png,382,768,256,256,,train
LRONAC_quickmap-lroc_00382_00896,quickmap-lroc.png,LRO NAC,,,,,D:\lunar ai\outputs\patches\LRONAC_quickmap-lroc_00382_00896.png,382,896,256,256,,train
LRONAC_quickmap-lroc_00382_00925,quickmap-lroc.png,LRO NAC,,,,,D:\lunar ai\outputs\patches\LRONAC_quickmap-lroc_00382_00925.png,382,925,256,256,,train
