patch_id,source_image,sensor,dataset,x_coord,y_coord,patch_size,patch_path,mean_intensity,std_deviation,min_intensity,max_intensity,median_intensity,entropy,texture_score,edge_density
PATCH_000001,quickmap-lroc.png,LRO,lro,0,0,256,D:\lunar ai\patches\LRO\PATCH_000001.png,96.08871459960938,30.176767078687845,0.0,250.0,98.0,6.865476398037965,73.78202652286504,0.2460479736328125
PATCH_000002,quickmap-lroc.png,LRO,lro,192,0,256,D:\lunar ai\patches\LRO\PATCH_000002.png,97.29608154296875,36.27362570995205,0.0,253.0,99.0,7.152098313203057,85.36679625279729,0.288787841796875
PATCH_000003,quickmap-lroc.png,LRO,lro,384,0,256,D:\lunar ai\patches\LRO\PATCH_000003.png,99.75285339355469,36.356394823413105,0.0,254.0,100.0,7.111165487111733,107.25531026308553,0.3290557861328125
PATCH_000004,quickmap-lroc.png,LRO,lro,576,0,256,D:\lunar ai\patches\LRO\PATCH_000004.png,99.25436401367188,32.61640992521228,0.0,255.0,96.0,6.937280731209296,90.4504420714567,0.3225250244140625
PATCH_000005,quickmap-lroc.png,LRO,lro,768,0,256,D:\lunar ai\patches\LRO\PATCH_000005.png,98.6614990234375,35.69427686584483,0.0,255.0,98.0,7.140382640608178,104.50875418373099,0.328582763671875
PATCH_000006,quickmap-lroc.png,LRO,lro,0,192,256,D:\lunar ai\patches\LRO\PATCH_000006.png,93.80862426757812,34.817913137926745,0.0,254.0,94.0,7.011906693478038,80.48829608721488,0.260711669921875
PATCH_000007,quickmap-lroc.png,LRO,lro,192,192,256,D:\lunar ai\patches\LRO\PATCH_000007.png,95.42283630371094,36.95880922669697,0.0,253.0,99.0,7.049867968268962,89.68542101422072,0.2902984619140625
PATCH_000008,quickmap-lroc.png,LRO,lro,384,192,256,D:\lunar ai\patches\LRO\PATCH_000008.png,102.7105712890625,44.32944372119574,0.0,255.0,109.0,7.2760077350761225,124.35192472327917,0.3217620849609375
PATCH_000009,quickmap-lroc.png,LRO,lro,576,192,256,D:\lunar ai\patches\LRO\PATCH_000009.png,110.80076599121094,48.72959865855658,0.0,255.0,108.0,7.54369439137454,105.61710017465433,0.306732177734375
PATCH_000010,quickmap-lroc.png,LRO,lro,768,192,256,D:\lunar ai\patches\LRO\PATCH_000010.png,92.22468566894531,34.81816616628708,0.0,255.0,94.0,7.050764289275987,82.9099558398528,0.2989044189453125
PATCH_000001,ch2_ohr_ncp_20251010T0942085687_b_brw_d18.png,OHRC,calibrated,576,2880,256,D:\lunar ai\patches\OHRC\PATCH_000001.png,15.844650268554688,23.982717453534264,4.0,227.0,6.0,3.7520750766506246,19.28996439265523,0.06219482421875
PATCH_000002,ch2_ohr_ncp_20251010T0942085687_b_brw_d18.png,OHRC,calibrated,768,2880,256,D:\lunar ai\patches\OHRC\PATCH_000002.png,15.441940307617188,23.813398716223258,4.0,227.0,6.0,3.4156995695314505,16.289175146590082,0.0509796142578125
PATCH_000003,ch2_ohr_ncp_20251010T0942085687_b_brw_d18.png,OHRC,calibrated,576,3072,256,D:\lunar ai\patches\OHRC\PATCH_000003.png,30.548736572265625,29.282056235405957,4.0,227.0,15.0,5.590234494410576,43.56129175489575,0.15771484375
PATCH_000004,ch2_ohr_ncp_20251010T0942085687_b_brw_d18.png,OHRC,calibrated,768,3072,256,D:\lunar ai\patches\OHRC\PATCH_000004.png,19.163665771484375,25.836668219739266,4.0,227.0,7.0,3.992149688673158,20.681920578337202,0.065765380859375
PATCH_000005,ch2_ohr_ncp_20251010T0942085687_b_brw_d18.png,OHRC,calibrated,576,3264,256,D:\lunar ai\patches\OHRC\PATCH_000005.png,25.240829467773438,26.189796798899515,4.0,182.0,9.0,5.107952749123117,37.8946869971016,0.1443328857421875
PATCH_000006,ch2_ohr_ncp_20251010T0942085687_b_brw_d18.png,OHRC,calibrated,768,3264,256,D:\lunar ai\patches\OHRC\PATCH_000006.png,23.05841064453125,25.97091468326959,4.0,204.0,7.0,4.628954569695436,27.916261609962802,0.100982666015625
PATCH_000007,ch2_ohr_ncp_20251010T0942085687_b_brw_d18.png,OHRC,calibrated,768,3456,256,D:\lunar ai\patches\OHRC\PATCH_000007.png,11.03594970703125,13.552315006757793,4.0,167.0,7.0,2.8070550168844086,10.578862225872324,0.032745361328125
PATCH_000008,ch2_ohr_ncp_20251010T0942085687_b_brw_d18.png,OHRC,calibrated,768,4416,256,D:\lunar ai\patches\OHRC\PATCH_000008.png,15.107147216796875,16.915755550118195,5.0,210.0,8.0,3.7860397673569492,18.73674689056227,0.0672760009765625
PATCH_000009,ch2_ohr_ncp_20251010T0942085687_b_brw_d18.png,OHRC,calibrated,768,4608,256,D:\lunar ai\patches\OHRC\PATCH_000009.png,37.36930847167969,37.61218705144364,5.0,255.0,14.0,5.678673977082601,39.67700661842289,0.1497039794921875
PATCH_000010,ch2_ohr_ncp_20251010T0942085687_b_brw_d18.png,OHRC,calibrated,768,4800,256,D:\lunar ai\patches\OHRC\PATCH_000010.png,64.6309814453125,49.412600900949656,5.0,255.0,65.0,6.729497835533927,61.874760159987396,0.2222747802734375
PATCH_000011,ch2_ohr_ncp_20251010T0942085687_b_brw_d18.png,OHRC,calibrated,576,4992,256,D:\lunar ai\patches\OHRC\PATCH_000011.png,33.39558410644531,32.637899365717765,5.0,242.0,14.0,5.587916169645583,40.3182781253097,0.161651611328125
PATCH_000012,ch2_ohr_ncp_20251010T0942085687_b_brw_d18.png,OHRC,calibrated,768,4992,256,D:\lunar ai\patches\OHRC\PATCH_000012.png,93.37799072265625,32.96474178042814,7.0,255.0,97.0,6.98763804292755,85.45226112967036,0.3159027099609375
PATCH_000013,ch2_ohr_ncp_20251010T0942085687_b_brw_d18.png,OHRC,calibrated,384,5184,256,D:\lunar ai\patches\OHRC\PATCH_000013.png,18.014907836914062,22.21206154378637,4.0,234.0,7.0,4.214248862729097,21.794558785532804,0.08526611328125
PATCH_000014,ch2_ohr_ncp_20251010T0942085687_b_brw_d18.png,OHRC,calibrated,576,5184,256,D:\lunar ai\patches\OHRC\PATCH_000014.png,70.24050903320312,32.24889403739943,7.0,255.0,72.0,6.972387062441106,77.86452834296003,0.3139801025390625
PATCH_000015,ch2_ohr_ncp_20251010T0942085687_b_brw_d18.png,OHRC,calibrated,768,5184,256,D:\lunar ai\patches\OHRC\PATCH_000015.png,103.29855346679688,25.094244509980417,16.0,255.0,104.0,6.67771006848826,89.19845804153948,0.3385009765625
PATCH_000016,ch2_ohr_ncp_20251010T0942085687_b_brw_d18.png,OHRC,calibrated,192,5376,256,D:\lunar ai\patches\OHRC\PATCH_000016.png,14.236923217773438,17.32325396006352,4.0,160.0,7.0,3.6125535812628256,17.667729663189885,0.06561279296875
PATCH_000017,ch2_ohr_ncp_20251010T0942085687_b_brw_d18.png,OHRC,calibrated,384,5376,256,D:\lunar ai\patches\OHRC\PATCH_000017.png,54.52467346191406,40.30890361089066,5.0,234.0,55.0,6.485681225234692,56.802470268002956,0.2254486083984375
PATCH_000018,ch2_ohr_ncp_20251010T0942085687_b_brw_d18.png,OHRC,calibrated,576,5376,256,D:\lunar ai\patches\OHRC\PATCH_000018.png,99.58560180664062,28.335328393588394,14.0,255.0,100.0,6.86150819949059,90.2636945894103,0.340423583984375
PATCH_000019,ch2_ohr_ncp_20251010T0942085687_b_brw_d18.png,OHRC,calibrated,768,5376,256,D:\lunar ai\patches\OHRC\PATCH_000019.png,104.73057556152344,24.48008378553383,22.0,255.0,105.0,6.6222926122904875,93.16446678122425,0.343017578125
PATCH_000020,ch2_ohr_ncp_20251010T0942085687_b_brw_d18.png,OHRC,calibrated,0,5568,256,D:\lunar ai\patches\OHRC\PATCH_000020.png,12.656982421875,20.86459181197082,3.0,189.0,6.0,3.297334694066211,11.795876801267273,0.0356903076171875
PATCH_000021,ch2_ohr_ncp_20251010T0942085687_b_brw_d18.png,OHRC,calibrated,192,5568,256,D:\lunar ai\patches\OHRC\PATCH_000021.png,41.00907897949219,35.36651177312924,5.0,255.0,29.0,6.1711871844758575,50.70519835298246,0.1910247802734375
PATCH_000022,ch2_ohr_ncp_20251010T0942085687_b_brw_d18.png,OHRC,calibrated,384,5568,256,D:\lunar ai\patches\OHRC\PATCH_000022.png,95.05245971679688,29.96745153159384,11.0,255.0,98.0,6.9053251378129215,82.67924510244856,0.3184814453125
PATCH_000023,ch2_ohr_ncp_20251010T0942085687_b_brw_d18.png,OHRC,calibrated,576,5568,256,D:\lunar ai\patches\OHRC\PATCH_000023.png,111.84051513671875,22.676272491519285,25.0,255.0,112.0,6.5223000211230175,88.2093482684288,0.3348236083984375
PATCH_000024,ch2_ohr_ncp_20251010T0942085687_b_brw_d18.png,OHRC,calibrated,768,5568,256,D:\lunar ai\patches\OHRC\PATCH_000024.png,105.202392578125,23.815144858821743,22.0,255.0,105.0,6.602086893361312,87.72702962837667,0.3362884521484375
PATCH_000025,ch2_ohr_ncp_20251010T0942085687_b_brw_d18.png,OHRC,calibrated,0,5760,256,D:\lunar ai\patches\OHRC\PATCH_000025.png,14.053024291992188,18.1536044913124,3.0,204.0,6.0,4.042109114815759,17.552901995777063,0.0647125244140625
PATCH_000026,ch2_ohr_ncp_20251010T0942085687_b_brw_d18.png,OHRC,calibrated,192,5760,256,D:\lunar ai\patches\OHRC\PATCH_000026.png,68.25254821777344,39.74667384298108,7.0,255.0,68.0,7.050330783147706,72.06576773306901,0.2767486572265625
PATCH_000027,ch2_ohr_ncp_20251010T0942085687_b_brw_d18.png,OHRC,calibrated,384,5760,256,D:\lunar ai\patches\OHRC\PATCH_000027.png,107.80570983886719,25.446217716671836,17.0,236.0,109.0,6.696348456556304,84.001075268441,0.3281707763671875
PATCH_000028,ch2_ohr_ncp_20251010T0942085687_b_brw_d18.png,OHRC,calibrated,576,5760,256,D:\lunar ai\patches\OHRC\PATCH_000028.png,110.52828979492188,23.509812128936588,22.0,252.0,111.0,6.585241856144722,86.98643794257929,0.33624267578125
PATCH_000029,ch2_ohr_ncp_20251010T0942085687_b_brw_d18.png,OHRC,calibrated,768,5760,256,D:\lunar ai\patches\OHRC\PATCH_000029.png,87.30032348632812,25.545382647405926,14.0,255.0,88.0,6.707118092146585,79.79668094615803,0.318572998046875
PATCH_000030,ch2_ohr_ncp_20251010T0942085687_b_brw_d18.png,OHRC,calibrated,0,5952,256,D:\lunar ai\patches\OHRC\PATCH_000030.png,30.424331665039062,30.52052561034295,3.0,204.0,12.0,5.585590605682879,40.062126744642654,0.1615753173828125
PATCH_000031,ch2_ohr_ncp_20251010T0942085687_b_brw_d18.png,OHRC,calibrated,192,5952,256,D:\lunar ai\patches\OHRC\PATCH_000031.png,89.19297790527344,30.281758535973534,10.0,255.0,91.0,6.932957646414337,81.40292978800608,0.3167572021484375
PATCH_000032,ch2_ohr_ncp_20251010T0942085687_b_brw_d18.png,OHRC,calibrated,384,5952,256,D:\lunar ai\patches\OHRC\PATCH_000032.png,104.98683166503906,23.75730563127161,24.0,255.0,106.0,6.599588100805722,83.52435616418217,0.329315185546875
PATCH_000033,ch2_ohr_ncp_20251010T0942085687_b_brw_d18.png,OHRC,calibrated,576,5952,256,D:\lunar ai\patches\OHRC\PATCH_000033.png,94.45086669921875,26.147022887691392,18.0,255.0,95.0,6.742026715126024,81.87327118047017,0.321044921875
PATCH_000034,ch2_ohr_ncp_20251010T0942085687_b_brw_d18.png,OHRC,calibrated,768,5952,256,D:\lunar ai\patches\OHRC\PATCH_000034.png,64.288330078125,24.289499645158237,12.0,255.0,62.0,6.593956151132678,72.10717231356138,0.2745208740234375
PATCH_000035,ch2_ohr_ncp_20251010T0942085687_b_brw_d18.png,OHRC,calibrated,0,6144,256,D:\lunar ai\patches\OHRC\PATCH_000035.png,58.83734130859375,35.96050725372255,5.0,236.0,61.0,6.822385503465169,67.98615345106694,0.2709503173828125
PATCH_000036,ch2_ohr_ncp_20251010T0942085687_b_brw_d18.png,OHRC,calibrated,192,6144,256,D:\lunar ai\patches\OHRC\PATCH_000036.png,90.20399475097656,23.95765058426119,19.0,255.0,91.0,6.607845684078965,81.04795645348585,0.317596435546875
PATCH_000037,ch2_ohr_ncp_20251010T0942085687_b_brw_d18.png,OHRC,calibrated,384,6144,256,D:\lunar ai\patches\OHRC\PATCH_000037.png,83.2823486328125,27.405031614015225,13.0,221.0,85.0,6.7682700616948885,75.77867388264433,0.299285888671875
PATCH_000038,ch2_ohr_ncp_20251010T0942085687_b_brw_d18.png,OHRC,calibrated,576,6144,256,D:\lunar ai\patches\OHRC\PATCH_000038.png,74.77748107910156,23.945053146082373,15.0,255.0,75.0,6.569547364481412,79.84489379564666,0.2962646484375
PATCH_000039,ch2_ohr_ncp_20251010T0942085687_b_brw_d18.png,OHRC,calibrated,768,6144,256,D:\lunar ai\patches\OHRC\PATCH_000039.png,51.57598876953125,24.041277540008835,9.0,255.0,50.0,6.512446778067945,65.03939821973447,0.24853515625
PATCH_000040,ch2_ohr_ncp_20251010T0942085687_b_brw_d18.png,OHRC,calibrated,0,6336,256,D:\lunar ai\patches\OHRC\PATCH_000040.png,81.59494018554688,35.19262252183949,6.0,255.0,87.0,6.824949506465855,76.75362915486956,0.2824249267578125
PATCH_000041,ch2_ohr_ncp_20251010T0942085687_b_brw_d18.png,OHRC,calibrated,192,6336,256,D:\lunar ai\patches\OHRC\PATCH_000041.png,81.04502868652344,24.261315329430712,15.0,255.0,81.0,6.611756966805419,82.07291093605289,0.3108062744140625
PATCH_000042,ch2_ohr_ncp_20251010T0942085687_b_brw_d18.png,OHRC,calibrated,384,6336,256,D:\lunar ai\patches\OHRC\PATCH_000042.png,72.34889221191406,21.815465715085416,14.0,243.0,73.0,6.466353489099015,76.5732116244022,0.3058929443359375
PATCH_000043,ch2_ohr_ncp_20251010T0942085687_b_brw_d18.png,OHRC,calibrated,576,6336,256,D:\lunar ai\patches\OHRC\PATCH_000043.png,74.43135070800781,20.406751415626204,17.0,255.0,75.0,6.364848054549973,75.54158913412925,0.3046417236328125
PATCH_000044,ch2_ohr_ncp_20251010T0942085687_b_brw_d18.png,OHRC,calibrated,768,6336,256,D:\lunar ai\patches\OHRC\PATCH_000044.png,49.938232421875,26.14614522464238,7.0,191.0,50.0,6.561269142188577,62.595081085373565,0.253173828125
PATCH_000045,ch2_ohr_ncp_20251010T0942085687_b_brw_d18.png,OHRC,calibrated,0,6528,256,D:\lunar ai\patches\OHRC\PATCH_000045.png,88.00628662109375,24.837187557599268,17.0,255.0,89.0,6.657266905217153,82.28899564875158,0.3118133544921875
PATCH_000046,ch2_ohr_ncp_20251010T0942085687_b_brw_d18.png,OHRC,calibrated,192,6528,256,D:\lunar ai\patches\OHRC\PATCH_000046.png,82.95381164550781,24.90871982951129,16.0,255.0,83.0,6.6484611677447,78.86412071639462,0.3070831298828125
PATCH_000047,ch2_ohr_ncp_20251010T0942085687_b_brw_d18.png,OHRC,calibrated,384,6528,256,D:\lunar ai\patches\OHRC\PATCH_000047.png,81.65975952148438,21.07197419038047,19.0,233.0,82.0,6.418705324946986,77.02741967297935,0.3112030029296875
PATCH_000048,ch2_ohr_ncp_20251010T0942085687_b_brw_d18.png,OHRC,calibrated,576,6528,256,D:\lunar ai\patches\OHRC\PATCH_000048.png,74.14845275878906,22.10753591591621,9.0,231.0,75.0,6.456705007356768,70.44003386994939,0.28948974609375
PATCH_000049,ch2_ohr_ncp_20251010T0942085687_b_brw_d18.png,OHRC,calibrated,768,6528,256,D:\lunar ai\patches\OHRC\PATCH_000049.png,34.43495178222656,31.061716652265286,6.0,191.0,13.0,5.413074454673317,33.707678191133056,0.129791259765625
PATCH_000050,ch2_ohr_ncp_20251010T0942085687_b_brw_d18.png,OHRC,calibrated,0,6720,256,D:\lunar ai\patches\OHRC\PATCH_000050.png,86.66879272460938,23.40663358606968,18.0,255.0,87.0,6.5739967308097285,82.91311953687172,0.3228607177734375
PATCH_000051,ch2_ohr_ncp_20251010T0942085687_b_brw_d18.png,OHRC,calibrated,192,6720,256,D:\lunar ai\patches\OHRC\PATCH_000051.png,88.21932983398438,22.386711372688946,18.0,255.0,88.0,6.507817967677271,79.9460201561516,0.3139801025390625
PATCH_000052,ch2_ohr_ncp_20251010T0942085687_b_brw_d18.png,OHRC,calibrated,384,6720,256,D:\lunar ai\patches\OHRC\PATCH_000052.png,84.67274475097656,21.90093271600751,18.0,255.0,85.0,6.451823781133901,80.97459339134497,0.3046875
PATCH_000053,ch2_ohr_ncp_20251010T0942085687_b_brw_d18.png,OHRC,calibrated,576,6720,256,D:\lunar ai\patches\OHRC\PATCH_000053.png,70.77668762207031,22.533280516272534,9.0,231.0,72.0,6.438772838159171,71.82715775609587,0.2742462158203125
PATCH_000054,ch2_ohr_ncp_20251010T0942085687_b_brw_d18.png,OHRC,calibrated,768,6720,256,D:\lunar ai\patches\OHRC\PATCH_000054.png,22.668548583984375,25.095359577656346,6.0,212.0,9.0,4.270968041713017,20.526382388603043,0.0653228759765625
PATCH_000055,ch2_ohr_ncp_20251010T0942085687_b_brw_d18.png,OHRC,calibrated,0,6912,256,D:\lunar ai\patches\OHRC\PATCH_000055.png,87.40396118164062,21.998151365700227,20.0,227.0,87.0,6.489316504155627,83.87418298013205,0.3282928466796875
PATCH_000056,ch2_ohr_ncp_20251010T0942085687_b_brw_d18.png,OHRC,calibrated,192,6912,256,D:\lunar ai\patches\OHRC\PATCH_000056.png,84.72918701171875,22.705257345087023,17.0,229.0,85.0,6.534584313908789,80.99001921602083,0.317962646484375
PATCH_000057,ch2_ohr_ncp_20251010T0942085687_b_brw_d18.png,OHRC,calibrated,384,6912,256,D:\lunar ai\patches\OHRC\PATCH_000057.png,79.8050537109375,21.45572925737704,18.0,255.0,80.0,6.421129608713656,79.73615920163978,0.3009796142578125
PATCH_000058,ch2_ohr_ncp_20251010T0942085687_b_brw_d18.png,OHRC,calibrated,576,6912,256,D:\lunar ai\patches\OHRC\PATCH_000058.png,70.67778015136719,21.028693327116283,15.0,255.0,70.0,6.415511713934068,73.06756477116508,0.2976226806640625
PATCH_000059,ch2_ohr_ncp_20251010T0942085687_b_brw_d18.png,OHRC,calibrated,768,6912,256,D:\lunar ai\patches\OHRC\PATCH_000059.png,35.13348388671875,26.520033345081828,6.0,197.0,33.0,5.416907895654772,38.30504073955004,0.1514892578125
PATCH_000060,ch2_ohr_ncp_20251010T0942085687_b_brw_d18.png,OHRC,calibrated,0,7104,256,D:\lunar ai\patches\OHRC\PATCH_000060.png,87.37944030761719,24.26339429096382,18.0,249.0,87.0,6.627755791268578,89.44845407221133,0.3312225341796875
PATCH_000061,ch2_ohr_ncp_20251010T0942085687_b_brw_d18.png,OHRC,calibrated,192,7104,256,D:\lunar ai\patches\OHRC\PATCH_000061.png,74.71812438964844,27.07664853920948,13.0,251.0,73.0,6.7749302930905095,81.65708993303741,0.32232666015625
PATCH_000062,ch2_ohr_ncp_20251010T0942085687_b_brw_d18.png,OHRC,calibrated,384,7104,256,D:\lunar ai\patches\OHRC\PATCH_000062.png,76.34559631347656,20.594383344055252,18.0,251.0,77.0,6.378989107397883,78.62185757002982,0.3057708740234375
PATCH_000063,ch2_ohr_ncp_20251010T0942085687_b_brw_d18.png,OHRC,calibrated,576,7104,256,D:\lunar ai\patches\OHRC\PATCH_000063.png,64.24078369140625,21.87910272399034,14.0,195.0,64.0,6.463084607493602,74.44912110443488,0.3045806884765625
PATCH_000064,ch2_ohr_ncp_20251010T0942085687_b_brw_d18.png,OHRC,calibrated,768,7104,256,D:\lunar ai\patches\OHRC\PATCH_000064.png,44.1064453125,23.479269237909172,6.0,179.0,45.0,6.310660256964046,57.17493555095546,0.2381439208984375
PATCH_000065,ch2_ohr_ncp_20251010T0942085687_b_brw_d18.png,OHRC,calibrated,0,7296,256,D:\lunar ai\patches\OHRC\PATCH_000065.png,76.62574768066406,24.552102165067915,16.0,255.0,77.0,6.563628203047781,85.83595690043614,0.31414794921875
PATCH_000066,ch2_ohr_ncp_20251010T0942085687_b_brw_d18.png,OHRC,calibrated,192,7296,256,D:\lunar ai\patches\OHRC\PATCH_000066.png,72.28472900390625,22.00793901831309,17.0,231.0,72.0,6.464289682274034,82.53043982059725,0.3201751708984375
PATCH_000067,ch2_ohr_ncp_20251010T0942085687_b_brw_d18.png,OHRC,calibrated,384,7296,256,D:\lunar ai\patches\OHRC\PATCH_000067.png,73.9141845703125,23.6181557643293,15.0,231.0,75.0,6.573505252010575,76.10401167920938,0.299835205078125
PATCH_000068,ch2_ohr_ncp_20251010T0942085687_b_brw_d18.png,OHRC,calibrated,576,7296,256,D:\lunar ai\patches\OHRC\PATCH_000068.png,61.01130676269531,21.52845500077964,15.0,255.0,60.0,6.412294949340953,74.14071120997897,0.2930145263671875
PATCH_000069,ch2_ohr_ncp_20251010T0942085687_b_brw_d18.png,OHRC,calibrated,768,7296,256,D:\lunar ai\patches\OHRC\PATCH_000069.png,51.358795166015625,21.388376894363166,10.0,187.0,50.0,6.388273398150335,66.74259608828595,0.2723846435546875
PATCH_000070,ch2_ohr_ncp_20251010T0942085687_b_brw_d18.png,OHRC,calibrated,0,7488,256,D:\lunar ai\patches\OHRC\PATCH_000070.png,68.64666748046875,25.80222165269158,14.0,235.0,68.0,6.664212359530721,81.41482841756633,0.3143310546875
PATCH_000071,ch2_ohr_ncp_20251010T0942085687_b_brw_d18.png,OHRC,calibrated,192,7488,256,D:\lunar ai\patches\OHRC\PATCH_000071.png,66.269287109375,24.502074366695645,13.0,220.0,66.0,6.6093215708376025,77.25140064885203,0.3072052001953125
PATCH_000072,ch2_ohr_ncp_20251010T0942085687_b_brw_d18.png,OHRC,calibrated,384,7488,256,D:\lunar ai\patches\OHRC\PATCH_000072.png,79.80426025390625,24.111259397854507,15.0,224.0,81.0,6.6129938195180245,76.52692238012223,0.3055572509765625
PATCH_000073,ch2_ohr_ncp_20251010T0942085687_b_brw_d18.png,OHRC,calibrated,576,7488,256,D:\lunar ai\patches\OHRC\PATCH_000073.png,68.38313293457031,22.927561561351542,15.0,224.0,68.0,6.530989670921136,76.2089841503354,0.300140380859375
PATCH_000074,ch2_ohr_ncp_20251010T0942085687_b_brw_d18.png,OHRC,calibrated,768,7488,256,D:\lunar ai\patches\OHRC\PATCH_000074.png,65.16859436035156,22.581840430439616,14.0,227.0,65.0,6.507886354160295,76.77632494305374,0.3016204833984375
PATCH_000075,ch2_ohr_ncp_20251010T0942085687_b_brw_d18.png,OHRC,calibrated,0,7680,256,D:\lunar ai\patches\OHRC\PATCH_000075.png,63.92243957519531,23.473871115083988,13.0,213.0,64.0,6.549240064829911,80.42966375754966,0.3149871826171875
PATCH_000076,ch2_ohr_ncp_20251010T0942085687_b_brw_d18.png,OHRC,calibrated,192,7680,256,D:\lunar ai\patches\OHRC\PATCH_000076.png,68.59413146972656,25.304901957813076,14.0,200.0,67.0,6.666891633742402,73.85778095845919,0.3035736083984375
PATCH_000077,ch2_ohr_ncp_20251010T0942085687_b_brw_d18.png,OHRC,calibrated,384,7680,256,D:\lunar ai\patches\OHRC\PATCH_000077.png,89.20338439941406,21.643223871383327,19.0,213.0,90.0,6.464996486395562,74.54165412901708,0.2999267578125
PATCH_000078,ch2_ohr_ncp_20251010T0942085687_b_brw_d18.png,OHRC,calibrated,576,7680,256,D:\lunar ai\patches\OHRC\PATCH_000078.png,82.03500366210938,23.334788515559865,17.0,221.0,83.0,6.573569881096446,77.48438365103979,0.3040924072265625
PATCH_000079,ch2_ohr_ncp_20251010T0942085687_b_brw_d18.png,OHRC,calibrated,768,7680,256,D:\lunar ai\patches\OHRC\PATCH_000079.png,84.54237365722656,22.755675001115137,18.0,221.0,85.0,6.529512103793545,81.03330107711682,0.313995361328125
PATCH_000080,ch2_ohr_ncp_20251010T0942085687_b_brw_d18.png,OHRC,calibrated,0,7872,256,D:\lunar ai\patches\OHRC\PATCH_000080.png,65.76490783691406,24.76486066170777,12.0,255.0,66.0,6.616392368971839,81.6666877379484,0.3073577880859375
PATCH_000081,ch2_ohr_ncp_20251010T0942085687_b_brw_d18.png,OHRC,calibrated,192,7872,256,D:\lunar ai\patches\OHRC\PATCH_000081.png,82.27178955078125,26.929181757846216,15.0,243.0,84.0,6.765506524309478,79.76782946554148,0.2970733642578125
PATCH_000082,ch2_ohr_ncp_20251010T0942085687_b_brw_d18.png,OHRC,calibrated,384,7872,256,D:\lunar ai\patches\OHRC\PATCH_000082.png,96.81838989257812,25.00981572333103,20.0,247.0,98.0,6.61305936333641,78.56398362416809,0.2926025390625
PATCH_000083,ch2_ohr_ncp_20251010T0942085687_b_brw_d18.png,OHRC,calibrated,576,7872,256,D:\lunar ai\patches\OHRC\PATCH_000083.png,100.1710205078125,23.85028720967432,20.0,255.0,101.0,6.564144254134232,82.39893045603498,0.305267333984375
PATCH_000084,ch2_ohr_ncp_20251010T0942085687_b_brw_d18.png,OHRC,calibrated,768,7872,256,D:\lunar ai\patches\OHRC\PATCH_000084.png,98.76341247558594,22.17711668023066,23.0,255.0,99.0,6.487410074354539,76.86502740609598,0.3076171875
PATCH_000085,ch2_ohr_ncp_20251010T0942085687_b_brw_d18.png,OHRC,calibrated,0,8064,256,D:\lunar ai\patches\OHRC\PATCH_000085.png,64.61581420898438,35.552515643244405,5.0,255.0,66.0,6.991583365699161,84.86778076407205,0.2958831787109375
PATCH_000086,ch2_ohr_ncp_20251010T0942085687_b_brw_d18.png,OHRC,calibrated,192,8064,256,D:\lunar ai\patches\OHRC\PATCH_000086.png,93.17878723144531,28.05378574929029,18.0,245.0,95.0,6.761770378510473,88.42714399698059,0.3103179931640625
PATCH_000087,ch2_ohr_ncp_20251010T0942085687_b_brw_d18.png,OHRC,calibrated,384,8064,256,D:\lunar ai\patches\OHRC\PATCH_000087.png,98.47270202636719,23.095493991496706,20.0,243.0,100.0,6.509632847037051,82.53772202853966,0.3075408935546875
PATCH_000088,ch2_ohr_ncp_20251010T0942085687_b_brw_d18.png,OHRC,calibrated,576,8064,256,D:\lunar ai\patches\OHRC\PATCH_000088.png,107.07229614257812,22.769309586783343,23.0,255.0,108.0,6.510553222433597,80.31569704990997,0.3060150146484375
PATCH_000089,ch2_ohr_ncp_20251010T0942085687_b_brw_d18.png,OHRC,calibrated,768,8064,256,D:\lunar ai\patches\OHRC\PATCH_000089.png,111.51528930664062,22.006095277714948,26.0,255.0,112.0,6.4712504884225,74.18848607100045,0.29901123046875
PATCH_000090,ch2_ohr_ncp_20251010T0942085687_b_brw_d18.png,OHRC,calibrated,0,8256,256,D:\lunar ai\patches\OHRC\PATCH_000090.png,54.63981628417969,39.52522551352439,4.0,255.0,58.0,6.490147474988743,67.921044107473,0.24041748046875
PATCH_000091,ch2_ohr_ncp_20251010T0942085687_b_brw_d18.png,OHRC,calibrated,192,8256,256,D:\lunar ai\patches\OHRC\PATCH_000091.png,91.59429931640625,33.916278135731986,15.0,255.0,93.0,6.995668451283422,94.22534167757554,0.31256103515625
PATCH_000092,ch2_ohr_ncp_20251010T0942085687_b_brw_d18.png,OHRC,calibrated,384,8256,256,D:\lunar ai\patches\OHRC\PATCH_000092.png,92.8016357421875,27.34577148349398,15.0,254.0,95.0,6.74765146217438,89.42103514931847,0.3148040771484375
PATCH_000093,ch2_ohr_ncp_20251010T0942085687_b_brw_d18.png,OHRC,calibrated,576,8256,256,D:\lunar ai\patches\OHRC\PATCH_000093.png,114.18385314941406,26.180207906587484,23.0,255.0,114.0,6.704175735983856,79.02707942228204,0.30426025390625
PATCH_000094,ch2_ohr_ncp_20251010T0942085687_b_brw_d18.png,OHRC,calibrated,768,8256,256,D:\lunar ai\patches\OHRC\PATCH_000094.png,120.1385498046875,23.703855629940428,27.0,255.0,121.0,6.55720045328171,78.92003660727939,0.30548095703125
PATCH_000095,ch2_ohr_ncp_20251010T0942085687_b_brw_d18.png,OHRC,calibrated,0,8448,256,D:\lunar ai\patches\OHRC\PATCH_000095.png,31.166732788085938,35.96627607908154,4.0,255.0,8.0,5.131131552675088,38.64056490776535,0.1272735595703125
PATCH_000096,ch2_ohr_ncp_20251010T0942085687_b_brw_d18.png,OHRC,calibrated,192,8448,256,D:\lunar ai\patches\OHRC\PATCH_000096.png,81.57589721679688,30.314413420008663,7.0,254.0,84.0,6.845503744294483,84.3266898368303,0.3021697998046875
PATCH_000097,ch2_ohr_ncp_20251010T0942085687_b_brw_d18.png,OHRC,calibrated,384,8448,256,D:\lunar ai\patches\OHRC\PATCH_000097.png,91.24464416503906,27.374883676249226,15.0,254.0,93.0,6.768383051983058,86.85042457841897,0.308624267578125
PATCH_000098,ch2_ohr_ncp_20251010T0942085687_b_brw_d18.png,OHRC,calibrated,576,8448,256,D:\lunar ai\patches\OHRC\PATCH_000098.png,119.00213623046875,26.673461852820363,23.0,255.0,120.0,6.745726765521164,79.40786001533976,0.302703857421875
PATCH_000099,ch2_ohr_ncp_20251010T0942085687_b_brw_d18.png,OHRC,calibrated,768,8448,256,D:\lunar ai\patches\OHRC\PATCH_000099.png,119.26933288574219,22.449430817942524,26.0,255.0,120.0,6.498619728438474,75.87530784193204,0.30841064453125
PATCH_000100,ch2_ohr_ncp_20251010T0942085687_b_brw_d18.png,OHRC,calibrated,0,8640,256,D:\lunar ai\patches\OHRC\PATCH_000100.png,10.3072509765625,14.9973809533681,4.0,166.0,6.0,3.0316319744465723,8.778281855858035,0.022674560546875
PATCH_000101,ch2_ohr_ncp_20251010T0942085687_b_brw_d18.png,OHRC,calibrated,192,8640,256,D:\lunar ai\patches\OHRC\PATCH_000101.png,60.803253173828125,36.89022195304584,6.0,219.0,68.0,6.578329540017564,65.96105376721196,0.2382049560546875
PATCH_000102,ch2_ohr_ncp_20251010T0942085687_b_brw_d18.png,OHRC,calibrated,384,8640,256,D:\lunar ai\patches\OHRC\PATCH_000102.png,94.30496215820312,25.87814209552995,17.0,255.0,95.0,6.7081496433804695,84.78886056011406,0.3031158447265625
PATCH_000103,ch2_ohr_ncp_20251010T0942085687_b_brw_d18.png,OHRC,calibrated,576,8640,256,D:\lunar ai\patches\OHRC\PATCH_000103.png,114.29931640625,24.02611602489433,25.0,255.0,115.0,6.60871593038613,77.49435346636,0.2913818359375
PATCH_000104,ch2_ohr_ncp_20251010T0942085687_b_brw_d18.png,OHRC,calibrated,768,8640,256,D:\lunar ai\patches\OHRC\PATCH_000104.png,124.36984252929688,21.57524665586319,32.0,253.0,125.0,6.449275924759894,74.38025115273925,0.295745849609375
PATCH_000105,ch2_ohr_ncp_20251010T0942085687_b_brw_d18.png,OHRC,calibrated,192,8832,256,D:\lunar ai\patches\OHRC\PATCH_000105.png,39.25970458984375,36.77338891621815,5.0,222.0,16.0,5.568656707807785,45.51320040731568,0.1613616943359375
PATCH_000106,ch2_ohr_ncp_20251010T0942085687_b_brw_d18.png,OHRC,calibrated,384,8832,256,D:\lunar ai\patches\OHRC\PATCH_000106.png,89.69035339355469,28.408512263973964,13.0,255.0,91.0,6.835571641976681,82.33404390283098,0.3001861572265625
PATCH_000107,ch2_ohr_ncp_20251010T0942085687_b_brw_d18.png,OHRC,calibrated,576,8832,256,D:\lunar ai\patches\OHRC\PATCH_000107.png,114.72441101074219,25.334434093365303,23.0,255.0,116.0,6.688845593049924,77.61353089649876,0.291046142578125
PATCH_000108,ch2_ohr_ncp_20251010T0942085687_b_brw_d18.png,OHRC,calibrated,768,8832,256,D:\lunar ai\patches\OHRC\PATCH_000108.png,131.3726806640625,23.554259832178438,30.0,255.0,133.0,6.565089723708679,77.97763918615044,0.3020477294921875
PATCH_000109,ch2_ohr_ncp_20251010T0942085687_b_brw_d18.png,OHRC,calibrated,192,9024,256,D:\lunar ai\patches\OHRC\PATCH_000109.png,20.166748046875,27.022059090874965,5.0,211.0,8.0,3.918171728843924,22.22165228720607,0.0758514404296875
PATCH_000110,ch2_ohr_ncp_20251010T0942085687_b_brw_d18.png,OHRC,calibrated,384,9024,256,D:\lunar ai\patches\OHRC\PATCH_000110.png,79.77862548828125,37.77710368280632,7.0,232.0,84.0,7.08328143065613,77.15764056416751,0.28192138671875
PATCH_000111,ch2_ohr_ncp_20251010T0942085687_b_brw_d18.png,OHRC,calibrated,576,9024,256,D:\lunar ai\patches\OHRC\PATCH_000111.png,117.27798461914062,27.74685229791203,21.0,255.0,119.0,6.792596166373827,81.17156079757098,0.29803466796875
PATCH_000112,ch2_ohr_ncp_20251010T0942085687_b_brw_d18.png,OHRC,calibrated,768,9024,256,D:\lunar ai\patches\OHRC\PATCH_000112.png,133.8055419921875,22.941732431577694,30.0,255.0,135.0,6.52973554058733,75.79085563281133,0.299468994140625
PATCH_000113,ch2_ohr_ncp_20251010T0942085687_b_brw_d18.png,OHRC,calibrated,384,9216,256,D:\lunar ai\patches\OHRC\PATCH_000113.png,62.26329040527344,43.550144088288995,5.0,223.0,66.0,6.679330478076661,67.46759124270991,0.235870361328125
PATCH_000114,ch2_ohr_ncp_20251010T0942085687_b_brw_d18.png,OHRC,calibrated,576,9216,256,D:\lunar ai\patches\OHRC\PATCH_000114.png,114.14712524414062,30.055149864237166,17.0,255.0,116.0,6.893085099095887,81.78302308352012,0.3051910400390625
PATCH_000115,ch2_ohr_ncp_20251010T0942085687_b_brw_d18.png,OHRC,calibrated,768,9216,256,D:\lunar ai\patches\OHRC\PATCH_000115.png,136.74752807617188,23.944922700088746,28.0,255.0,137.0,6.600767523835421,79.3358748134055,0.31103515625
PATCH_000116,ch2_ohr_ncp_20251010T0942085687_b_brw_d18.png,OHRC,calibrated,384,9408,256,D:\lunar ai\patches\OHRC\PATCH_000116.png,37.339752197265625,39.54915005848735,5.0,255.0,15.0,5.7066257236874955,45.27429901016716,0.146392822265625
PATCH_000117,ch2_ohr_ncp_20251010T0942085687_b_brw_d18.png,OHRC,calibrated,576,9408,256,D:\lunar ai\patches\OHRC\PATCH_000117.png,109.35298156738281,38.54548543723622,13.0,255.0,114.0,7.11385540590913,83.76966788037203,0.2960205078125
PATCH_000118,ch2_ohr_ncp_20251010T0942085687_b_brw_d18.png,OHRC,calibrated,768,9408,256,D:\lunar ai\patches\OHRC\PATCH_000118.png,138.9974365234375,25.24245334645821,31.0,255.0,140.0,6.681650495342159,80.48132634632627,0.311920166015625
PATCH_000119,ch2_ohr_ncp_20251010T0942085687_b_brw_d18.png,OHRC,calibrated,384,9600,256,D:\lunar ai\patches\OHRC\PATCH_000119.png,22.272613525390625,27.734008439136637,5.0,255.0,9.0,4.774730463468297,30.38845939183429,0.0972900390625
PATCH_000120,ch2_ohr_ncp_20251010T0942085687_b_brw_d18.png,OHRC,calibrated,576,9600,256,D:\lunar ai\patches\OHRC\PATCH_000120.png,95.31356811523438,45.1436147870656,10.0,255.0,103.0,7.275822315707673,83.15097297043053,0.2895355224609375
PATCH_000121,ch2_ohr_ncp_20251010T0942085687_b_brw_d18.png,OHRC,calibrated,768,9600,256,D:\lunar ai\patches\OHRC\PATCH_000121.png,137.54127502441406,27.014218676982466,25.0,255.0,139.0,6.773978190955697,79.57665416807599,0.307952880859375
PATCH_000122,ch2_ohr_ncp_20251010T0942085687_b_brw_d18.png,OHRC,calibrated,384,9792,256,D:\lunar ai\patches\OHRC\PATCH_000122.png,15.962127685546875,18.70529909211018,5.0,210.0,8.0,4.175832301229315,23.473734427670067,0.080047607421875
PATCH_000123,ch2_ohr_ncp_20251010T0942085687_b_brw_d18.png,OHRC,calibrated,576,9792,256,D:\lunar ai\patches\OHRC\PATCH_000123.png,77.82916259765625,44.72196027503408,8.0,255.0,82.0,7.192789151454646,82.12631417360018,0.2816009521484375
PATCH_000124,ch2_ohr_ncp_20251010T0942085687_b_brw_d18.png,OHRC,calibrated,768,9792,256,D:\lunar ai\patches\OHRC\PATCH_000124.png,135.17393493652344,32.37714919465297,21.0,255.0,138.0,7.018392599913443,81.16249812436091,0.306427001953125
PATCH_000125,ch2_ohr_ncp_20241115T1525004388_b_brw_d18.png,OHRC,calibrated,768,4032,256,D:\lunar ai\patches\OHRC\PATCH_000125.png,11.438003540039062,17.834760328364446,1.0,198.0,4.0,3.9229360215233084,23.339430584413908,0.087158203125
PATCH_000126,ch2_ohr_ncp_20241115T1525004388_b_brw_d18.png,OHRC,calibrated,768,4224,256,D:\lunar ai\patches\OHRC\PATCH_000126.png,24.395980834960938,26.424022339996473,2.0,255.0,11.0,5.631650645149159,50.574998301222536,0.1922149658203125
PATCH_000127,ch2_ohr_ncp_20241115T1525004388_b_brw_d18.png,OHRC,calibrated,768,4416,256,D:\lunar ai\patches\OHRC\PATCH_000127.png,30.97601318359375,29.764971975674978,2.0,255.0,20.0,6.105651999239065,60.101483288037876,0.222381591796875
PATCH_000128,ch2_ohr_ncp_20241115T1525004388_b_brw_d18.png,OHRC,calibrated,768,4608,256,D:\lunar ai\patches\OHRC\PATCH_000128.png,37.86592102050781,37.703158357710485,2.0,255.0,22.0,6.333089780894182,59.91738474887322,0.21563720703125
PATCH_000129,ch2_ohr_ncp_20241115T1525004388_b_brw_d18.png,OHRC,calibrated,576,4800,256,D:\lunar ai\patches\OHRC\PATCH_000129.png,14.800765991210938,21.01584412697506,1.0,255.0,5.0,4.427627776732915,27.640202358476735,0.1061248779296875
PATCH_000130,ch2_ohr_ncp_20241115T1525004388_b_brw_d18.png,OHRC,calibrated,768,4800,256,D:\lunar ai\patches\OHRC\PATCH_000130.png,74.32533264160156,45.17204939980001,3.0,255.0,74.0,7.336480285607989,87.51645735071872,0.3136444091796875
PATCH_000131,ch2_ohr_ncp_20241115T1525004388_b_brw_d18.png,OHRC,calibrated,384,4992,256,D:\lunar ai\patches\OHRC\PATCH_000131.png,26.169967651367188,33.93251020143855,1.0,255.0,6.0,5.252575241327406,44.07361244065515,0.146636962890625
PATCH_000132,ch2_ohr_ncp_20241115T1525004388_b_brw_d18.png,OHRC,calibrated,576,4992,256,D:\lunar ai\patches\OHRC\PATCH_000132.png,41.978424072265625,38.65098265582122,3.0,255.0,29.0,6.247605473116649,61.21318597722369,0.2189483642578125
PATCH_000133,ch2_ohr_ncp_20241115T1525004388_b_brw_d18.png,OHRC,calibrated,768,4992,256,D:\lunar ai\patches\OHRC\PATCH_000133.png,106.50013732910156,42.14998259425482,7.0,255.0,111.0,7.380408055169722,98.44862735525011,0.344940185546875
PATCH_000134,ch2_ohr_ncp_20241115T1525004388_b_brw_d18.png,OHRC,calibrated,384,5184,256,D:\lunar ai\patches\OHRC\PATCH_000134.png,16.668350219726562,27.33940551201494,1.0,255.0,5.0,4.277485191494834,24.38761758685008,0.07379150390625
PATCH_000135,ch2_ohr_ncp_20241115T1525004388_b_brw_d18.png,OHRC,calibrated,576,5184,256,D:\lunar ai\patches\OHRC\PATCH_000135.png,56.296295166015625,57.00491934719375,3.0,255.0,32.0,6.373871590320348,59.923449999750304,0.2047882080078125
PATCH_000136,ch2_ohr_ncp_20241115T1525004388_b_brw_d18.png,OHRC,calibrated,768,5184,256,D:\lunar ai\patches\OHRC\PATCH_000136.png,132.66537475585938,43.079430901142324,18.0,255.0,135.0,7.407807005783856,106.23528569818932,0.347381591796875
PATCH_000137,ch2_ohr_ncp_20241115T1525004388_b_brw_d18.png,OHRC,calibrated,192,5376,256,D:\lunar ai\patches\OHRC\PATCH_000137.png,12.10430908203125,21.993442231883638,1.0,255.0,4.0,3.4379669840844356,20.743703233524236,0.066741943359375
PATCH_000138,ch2_ohr_ncp_20241115T1525004388_b_brw_d18.png,OHRC,calibrated,384,5376,256,D:\lunar ai\patches\OHRC\PATCH_000138.png,40.41636657714844,42.43636874103617,2.0,255.0,16.0,5.992286933490846,53.40583820461138,0.18505859375
PATCH_000139,ch2_ohr_ncp_20241115T1525004388_b_brw_d18.png,OHRC,calibrated,576,5376,256,D:\lunar ai\patches\OHRC\PATCH_000139.png,114.98663330078125,55.41198050767112,4.0,255.0,127.0,7.469242630226565,91.37383776543764,0.3190155029296875
PATCH_000140,ch2_ohr_ncp_20241115T1525004388_b_brw_d18.png,OHRC,calibrated,768,5376,256,D:\lunar ai\patches\OHRC\PATCH_000140.png,162.54666137695312,32.39468016796355,25.0,255.0,164.0,7.000299884228962,103.55528257376935,0.361328125
PATCH_000141,ch2_ohr_ncp_20241115T1525004388_b_brw_d18.png,OHRC,calibrated,192,5568,256,D:\lunar ai\patches\OHRC\PATCH_000141.png,28.926284790039062,28.943548276674502,2.0,255.0,14.0,5.75499446346011,53.35048542928405,0.1996612548828125
PATCH_000142,ch2_ohr_ncp_20241115T1525004388_b_brw_d18.png,OHRC,calibrated,384,5568,256,D:\lunar ai\patches\OHRC\PATCH_000142.png,83.98747253417969,41.55845637838117,5.0,255.0,85.0,7.3284144322311535,93.42657554946577,0.3416290283203125
PATCH_000143,ch2_ohr_ncp_20241115T1525004388_b_brw_d18.png,OHRC,calibrated,576,5568,256,D:\lunar ai\patches\OHRC\PATCH_000143.png,143.99026489257812,33.318501239650466,20.0,255.0,147.0,7.066568382834228,99.63191435729516,0.3611297607421875
PATCH_000144,ch2_ohr_ncp_20241115T1525004388_b_brw_d18.png,OHRC,calibrated,768,5568,256,D:\lunar ai\patches\OHRC\PATCH_000144.png,169.01708984375,28.686401308749335,33.0,255.0,169.0,6.857954604087949,104.84281472641138,0.3667755126953125
PATCH_000145,ch2_ohr_ncp_20241115T1525004388_b_brw_d18.png,OHRC,calibrated,192,5760,256,D:\lunar ai\patches\OHRC\PATCH_000145.png,32.218536376953125,37.872840164495,2.0,255.0,9.0,5.652670684540167,43.629288831725184,0.1579132080078125
PATCH_000146,ch2_ohr_ncp_20241115T1525004388_b_brw_d18.png,OHRC,calibrated,384,5760,256,D:\lunar ai\patches\OHRC\PATCH_000146.png,106.2005615234375,49.81449104177516,5.0,255.0,118.0,7.359886117856076,92.10087179137804,0.3373870849609375
PATCH_000147,ch2_ohr_ncp_20241115T1525004388_b_brw_d18.png,OHRC,calibrated,576,5760,256,D:\lunar ai\patches\OHRC\PATCH_000147.png,156.7279052734375,30.15529720575141,30.0,255.0,157.0,6.938547417493133,109.06776503093026,0.3730010986328125
PATCH_000148,ch2_ohr_ncp_20241115T1525004388_b_brw_d18.png,OHRC,calibrated,768,5760,256,D:\lunar ai\patches\OHRC\PATCH_000148.png,166.4749298095703,28.723260750748228,33.0,255.0,166.0,6.838804041708026,108.79890401744673,0.3732452392578125
PATCH_000149,ch2_ohr_ncp_20241115T1525004388_b_brw_d18.png,OHRC,calibrated,0,5952,256,D:\lunar ai\patches\OHRC\PATCH_000149.png,46.32487487792969,42.04982637403098,1.0,255.0,37.0,6.6956025805288375,66.42245997508061,0.2543792724609375
PATCH_000150,ch2_ohr_ncp_20241115T1525004388_b_brw_d18.png,OHRC,calibrated,192,5952,256,D:\lunar ai\patches\OHRC\PATCH_000150.png,92.13150024414062,42.8486365816293,6.0,255.0,93.0,7.377471156173215,93.22411459431152,0.3343963623046875
PATCH_000151,ch2_ohr_ncp_20241115T1525004388_b_brw_d18.png,OHRC,calibrated,384,5952,256,D:\lunar ai\patches\OHRC\PATCH_000151.png,140.0996551513672,30.77132765406735,22.0,255.0,141.0,6.954191693876121,97.13463328512381,0.3579864501953125
PATCH_000152,ch2_ohr_ncp_20241115T1525004388_b_brw_d18.png,OHRC,calibrated,576,5952,256,D:\lunar ai\patches\OHRC\PATCH_000152.png,157.66709899902344,28.18128268711916,33.0,255.0,158.0,6.829730196903813,104.26172773671169,0.3697509765625
PATCH_000153,ch2_ohr_ncp_20241115T1525004388_b_brw_d18.png,OHRC,calibrated,768,5952,256,D:\lunar ai\patches\OHRC\PATCH_000153.png,165.025634765625,28.675264012710244,33.0,255.0,165.0,6.836663853162651,109.64191143672248,0.3730010986328125
PATCH_000154,ch2_ohr_ncp_20241115T1525004388_b_brw_d18.png,OHRC,calibrated,0,6144,256,D:\lunar ai\patches\OHRC\PATCH_000154.png,62.14823913574219,35.77918825442996,4.0,255.0,60.0,7.040250409404913,83.05296405540066,0.319091796875
PATCH_000155,ch2_ohr_ncp_20241115T1525004388_b_brw_d18.png,OHRC,calibrated,192,6144,256,D:\lunar ai\patches\OHRC\PATCH_000155.png,114.08290100097656,44.9372644493263,10.0,255.0,117.0,7.469060720252749,96.06618181519518,0.3477935791015625
PATCH_000156,ch2_ohr_ncp_20241115T1525004388_b_brw_d18.png,OHRC,calibrated,384,6144,256,D:\lunar ai\patches\OHRC\PATCH_000156.png,154.6056365966797,26.982574682837637,32.0,255.0,155.0,6.766762028196313,95.27411686627201,0.3610382080078125
PATCH_000157,ch2_ohr_ncp_20241115T1525004388_b_brw_d18.png,OHRC,calibrated,576,6144,256,D:\lunar ai\patches\OHRC\PATCH_000157.png,162.226806640625,27.095524184227934,31.0,255.0,163.0,6.773768480290194,103.56493133209648,0.3700103759765625
PATCH_000158,ch2_ohr_ncp_20241115T1525004388_b_brw_d18.png,OHRC,calibrated,768,6144,256,D:\lunar ai\patches\OHRC\PATCH_000158.png,158.55657958984375,28.331457452224384,31.0,255.0,158.0,6.845518538266179,104.92999266849571,0.375946044921875
PATCH_000159,ch2_ohr_ncp_20241115T1525004388_b_brw_d18.png,OHRC,calibrated,0,6336,256,D:\lunar ai\patches\OHRC\PATCH_000159.png,67.25944519042969,46.92635267393071,2.0,255.0,64.0,7.147535560421068,77.84547390007076,0.2913818359375
PATCH_000160,ch2_ohr_ncp_20241115T1525004388_b_brw_d18.png,OHRC,calibrated,192,6336,256,D:\lunar ai\patches\OHRC\PATCH_000160.png,134.86024475097656,33.91412930969374,13.0,255.0,138.0,7.043730969020926,93.73298843994077,0.347625732421875
PATCH_000161,ch2_ohr_ncp_20241115T1525004388_b_brw_d18.png,OHRC,calibrated,384,6336,256,D:\lunar ai\patches\OHRC\PATCH_000161.png,149.3538055419922,27.24324198530529,31.0,255.0,150.0,6.793348503870723,97.19371707932831,0.36480712890625
PATCH_000162,ch2_ohr_ncp_20241115T1525004388_b_brw_d18.png,OHRC,calibrated,576,6336,256,D:\lunar ai\patches\OHRC\PATCH_000162.png,149.2096405029297,28.09932170582245,26.0,255.0,149.0,6.8276796017676205,102.79899970624922,0.3702545166015625
PATCH_000163,ch2_ohr_ncp_20241115T1525004388_b_brw_d18.png,OHRC,calibrated,768,6336,256,D:\lunar ai\patches\OHRC\PATCH_000163.png,129.7709503173828,32.371631988597635,20.0,255.0,129.0,7.048892924036773,101.38181163818115,0.36370849609375
PATCH_000164,ch2_ohr_ncp_20241115T1525004388_b_brw_d18.png,OHRC,calibrated,0,6528,256,D:\lunar ai\patches\OHRC\PATCH_000164.png,101.33879089355469,39.52668514161231,6.0,255.0,103.0,7.288692090199245,92.59896221988656,0.3400726318359375
PATCH_000165,ch2_ohr_ncp_20241115T1525004388_b_brw_d18.png,OHRC,calibrated,192,6528,256,D:\lunar ai\patches\OHRC\PATCH_000165.png,141.03848266601562,28.238637869816234,23.0,255.0,142.0,6.822448006092141,94.91372227042845,0.35137939453125
PATCH_000166,ch2_ohr_ncp_20241115T1525004388_b_brw_d18.png,OHRC,calibrated,384,6528,256,D:\lunar ai\patches\OHRC\PATCH_000166.png,141.8147430419922,26.559960757327914,27.0,255.0,142.0,6.736985873784129,94.18420104496413,0.3541107177734375
PATCH_000167,ch2_ohr_ncp_20241115T1525004388_b_brw_d18.png,OHRC,calibrated,576,6528,256,D:\lunar ai\patches\OHRC\PATCH_000167.png,124.77508544921875,30.596868746129786,16.0,255.0,126.0,6.954089337881895,94.5350333581644,0.3529052734375
PATCH_000168,ch2_ohr_ncp_20241115T1525004388_b_brw_d18.png,OHRC,calibrated,768,6528,256,D:\lunar ai\patches\OHRC\PATCH_000168.png,94.79345703125,30.38034405812335,14.0,255.0,94.0,6.933764082229354,93.47173254642087,0.342498779296875
PATCH_000169,ch2_ohr_ncp_20241115T1525004388_b_brw_d18.png,OHRC,calibrated,0,6720,256,D:\lunar ai\patches\OHRC\PATCH_000169.png,95.099609375,47.99381784522965,5.0,255.0,107.0,7.122352003767359,81.92607223104758,0.304656982421875
PATCH_000170,ch2_ohr_ncp_20241115T1525004388_b_brw_d18.png,OHRC,calibrated,192,6720,256,D:\lunar ai\patches\OHRC\PATCH_000170.png,117.78022766113281,31.705020220380444,18.0,255.0,119.0,7.009735719912774,94.65762825872055,0.34515380859375
PATCH_000171,ch2_ohr_ncp_20241115T1525004388_b_brw_d18.png,OHRC,calibrated,384,6720,256,D:\lunar ai\patches\OHRC\PATCH_000171.png,107.37451171875,35.57502233473719,16.0,255.0,107.0,7.181010563092418,90.36997371762101,0.3425445556640625
PATCH_000172,ch2_ohr_ncp_20241115T1525004388_b_brw_d18.png,OHRC,calibrated,576,6720,256,D:\lunar ai\patches\OHRC\PATCH_000172.png,90.072265625,35.402380547519634,11.0,255.0,88.0,7.1299820443808475,88.02739013521159,0.3326568603515625
PATCH_000173,ch2_ohr_ncp_20241115T1525004388_b_brw_d18.png,OHRC,calibrated,768,6720,256,D:\lunar ai\patches\OHRC\PATCH_000173.png,86.21592712402344,26.547400181745257,15.0,255.0,86.0,6.700644309633741,92.6839534348787,0.3367156982421875
PATCH_000174,ch2_ohr_ncp_20241115T1525004388_b_brw_d18.png,OHRC,calibrated,0,6912,256,D:\lunar ai\patches\OHRC\PATCH_000174.png,106.10188293457031,31.098924057099545,13.0,255.0,108.0,6.9493981948158225,97.82716810630743,0.3464202880859375
PATCH_000175,ch2_ohr_ncp_20241115T1525004388_b_brw_d18.png,OHRC,calibrated,192,6912,256,D:\lunar ai\patches\OHRC\PATCH_000175.png,104.65321350097656,27.31747442432956,18.0,255.0,105.0,6.779040741663251,94.28567088586932,0.3476409912109375
PATCH_000176,ch2_ohr_ncp_20241115T1525004388_b_brw_d18.png,OHRC,calibrated,384,6912,256,D:\lunar ai\patches\OHRC\PATCH_000176.png,95.97335815429688,29.346370555361773,16.0,255.0,97.0,6.882101020165316,94.0552236543258,0.3449554443359375
PATCH_000177,ch2_ohr_ncp_20241115T1525004388_b_brw_d18.png,OHRC,calibrated,576,6912,256,D:\lunar ai\patches\OHRC\PATCH_000177.png,101.47483825683594,28.263999645639544,16.0,255.0,102.0,6.842849604185291,91.48343249193242,0.3482513427734375
PATCH_000178,ch2_ohr_ncp_20241115T1525004388_b_brw_d18.png,OHRC,calibrated,768,6912,256,D:\lunar ai\patches\OHRC\PATCH_000178.png,105.83052062988281,27.364670733546372,18.0,255.0,105.0,6.778410211457921,91.24688498038279,0.34674072265625
PATCH_000179,ch2_ohr_ncp_20241115T1525004388_b_brw_d18.png,OHRC,calibrated,0,7104,256,D:\lunar ai\patches\OHRC\PATCH_000179.png,80.18295288085938,29.336853034502433,11.0,255.0,80.0,6.879067400573918,93.77125108956565,0.3446044921875
PATCH_000180,ch2_ohr_ncp_20241115T1525004388_b_brw_d18.png,OHRC,calibrated,192,7104,256,D:\lunar ai\patches\OHRC\PATCH_000180.png,90.47846984863281,28.825436448605284,14.0,255.0,90.0,6.87675678774167,91.09627303328233,0.348968505859375
PATCH_000181,ch2_ohr_ncp_20241115T1525004388_b_brw_d18.png,OHRC,calibrated,384,7104,256,D:\lunar ai\patches\OHRC\PATCH_000181.png,94.47357177734375,31.585441419339322,13.0,255.0,94.0,7.008175794560148,92.4495824142128,0.350494384765625
PATCH_000182,ch2_ohr_ncp_20241115T1525004388_b_brw_d18.png,OHRC,calibrated,576,7104,256,D:\lunar ai\patches\OHRC\PATCH_000182.png,109.19815063476562,32.15463536091071,13.0,255.0,112.0,7.018372837359417,93.98589288077079,0.3458404541015625
PATCH_000183,ch2_ohr_ncp_20241115T1525004388_b_brw_d18.png,OHRC,calibrated,768,7104,256,D:\lunar ai\patches\OHRC\PATCH_000183.png,104.39741516113281,37.547844300368844,4.0,255.0,109.0,7.109755942271941,82.96907610057701,0.3195037841796875
PATCH_000184,ch2_ohr_ncp_20241115T1525004388_b_brw_d18.png,OHRC,calibrated,0,7296,256,D:\lunar ai\patches\OHRC\PATCH_000184.png,51.7635498046875,32.31386375108812,1.0,255.0,54.0,6.7669224251993505,71.82316537845406,0.2843475341796875
PATCH_000185,ch2_ohr_ncp_20241115T1525004388_b_brw_d18.png,OHRC,calibrated,192,7296,256,D:\lunar ai\patches\OHRC\PATCH_000185.png,57.49479675292969,28.798877393696397,3.0,255.0,58.0,6.81008890125986,78.10406031923883,0.3106689453125
PATCH_000186,ch2_ohr_ncp_20241115T1525004388_b_brw_d18.png,OHRC,calibrated,384,7296,256,D:\lunar ai\patches\OHRC\PATCH_000186.png,56.67164611816406,29.480081629857946,3.0,255.0,59.0,6.76907934653945,76.11739568991806,0.29632568359375
PATCH_000187,ch2_ohr_ncp_20241115T1525004388_b_brw_d18.png,OHRC,calibrated,576,7296,256,D:\lunar ai\patches\OHRC\PATCH_000187.png,44.20774841308594,36.356703834602186,2.0,255.0,41.0,6.387301466477544,57.59642390039558,0.2050933837890625
PATCH_000188,ch2_ohr_ncp_20241115T1525004388_b_brw_d18.png,OHRC,calibrated,768,7296,256,D:\lunar ai\patches\OHRC\PATCH_000188.png,22.667861938476562,33.29124000749744,2.0,255.0,5.0,4.537573184382861,22.66902677945149,0.0798187255859375
PATCH_000189,ch2_ohr_ncp_20241115T1525004388_b_brw_d18.png,OHRC,calibrated,576,8256,256,D:\lunar ai\patches\OHRC\PATCH_000189.png,23.678619384765625,24.919938049693105,2.0,182.0,11.0,5.46438626461253,47.17964341432327,0.1946868896484375
PATCH_000190,ch2_ohr_ncp_20241115T1525004388_b_brw_d18.png,OHRC,calibrated,768,8256,256,D:\lunar ai\patches\OHRC\PATCH_000190.png,24.470428466796875,27.009073693922215,2.0,255.0,9.0,5.413020920216929,47.027191353706456,0.1788787841796875
PATCH_000191,ch2_ohr_ncp_20241115T1525004388_b_brw_d18.png,OHRC,calibrated,192,8448,256,D:\lunar ai\patches\OHRC\PATCH_000191.png,17.705032348632812,27.0658176791014,0.0,255.0,4.0,4.525338102590791,36.61751634518269,0.1235809326171875
PATCH_000192,ch2_ohr_ncp_20241115T1525004388_b_brw_d18.png,OHRC,calibrated,384,8448,256,D:\lunar ai\patches\OHRC\PATCH_000192.png,37.66355895996094,29.742123065661346,2.0,255.0,33.0,6.461793618039819,78.33904832568477,0.28546142578125
PATCH_000193,ch2_ohr_ncp_20241115T1525004388_b_brw_d18.png,OHRC,calibrated,576,8448,256,D:\lunar ai\patches\OHRC\PATCH_000193.png,41.24940490722656,26.672428916514317,6.0,222.0,39.0,6.378295045508782,78.13098486583439,0.308441162109375
PATCH_000194,ch2_ohr_ncp_20241115T1525004388_b_brw_d18.png,OHRC,calibrated,768,8448,256,D:\lunar ai\patches\OHRC\PATCH_000194.png,42.18743896484375,24.886843981373136,6.0,255.0,41.0,6.408153426472602,81.99718350980656,0.319305419921875
PATCH_000195,ch2_ohr_ncp_20241115T1525004388_b_brw_d18.png,OHRC,calibrated,0,8640,256,D:\lunar ai\patches\OHRC\PATCH_000195.png,10.977813720703125,20.013693791139488,0.0,255.0,3.0,3.8075292318783824,28.129777609427297,0.0849456787109375
PATCH_000196,ch2_ohr_ncp_20241115T1525004388_b_brw_d18.png,OHRC,calibrated,192,8640,256,D:\lunar ai\patches\OHRC\PATCH_000196.png,29.598953247070312,31.323339304870085,0.0,255.0,14.0,5.853720951360743,62.491035232216596,0.211669921875
PATCH_000197,ch2_ohr_ncp_20241115T1525004388_b_brw_d18.png,OHRC,calibrated,384,8640,256,D:\lunar ai\patches\OHRC\PATCH_000197.png,56.710113525390625,36.00675916516137,5.0,255.0,54.0,6.873764311417498,95.89971417077277,0.3281097412109375
PATCH_000198,ch2_ohr_ncp_20241115T1525004388_b_brw_d18.png,OHRC,calibrated,576,8640,256,D:\lunar ai\patches\OHRC\PATCH_000198.png,57.84239196777344,34.18165643137775,8.0,255.0,56.0,6.866231877463482,95.59018572852585,0.3291778564453125
PATCH_000199,ch2_ohr_ncp_20241115T1525004388_b_brw_d18.png,OHRC,calibrated,768,8640,256,D:\lunar ai\patches\OHRC\PATCH_000199.png,51.503814697265625,27.430667951874145,8.0,255.0,51.0,6.630928898934947,90.9606700051933,0.341400146484375
PATCH_000200,ch2_ohr_ncp_20241115T1525004388_b_brw_d18.png,OHRC,calibrated,192,8832,256,D:\lunar ai\patches\OHRC\PATCH_000200.png,15.519973754882812,22.603547894441338,0.0,255.0,5.0,4.541755276021875,34.834172284221495,0.1142425537109375
PATCH_000201,ch2_ohr_ncp_20241115T1525004388_b_brw_d18.png,OHRC,calibrated,384,8832,256,D:\lunar ai\patches\OHRC\PATCH_000201.png,48.020111083984375,32.72756200859946,2.0,241.0,48.0,6.745251621602945,84.40686482445868,0.2947235107421875
PATCH_000202,ch2_ohr_ncp_20241115T1525004388_b_brw_d18.png,OHRC,calibrated,576,8832,256,D:\lunar ai\patches\OHRC\PATCH_000202.png,54.040130615234375,30.367294139453392,7.0,255.0,53.0,6.72029748101047,89.91045307954568,0.3272552490234375
PATCH_000203,ch2_ohr_ncp_20241115T1525004388_b_brw_d18.png,OHRC,calibrated,768,8832,256,D:\lunar ai\patches\OHRC\PATCH_000203.png,63.710174560546875,31.08424327020754,8.0,255.0,64.0,6.864015567454072,95.64960214052199,0.338226318359375
PATCH_000204,ch2_ohr_ncp_20241115T1525004388_b_brw_d18.png,OHRC,calibrated,384,9024,256,D:\lunar ai\patches\OHRC\PATCH_000204.png,31.44732666015625,32.463594715726195,1.0,255.0,14.0,5.949059355387987,58.31159241140392,0.2044830322265625
PATCH_000205,ch2_ohr_ncp_20241115T1525004388_b_brw_d18.png,OHRC,calibrated,576,9024,256,D:\lunar ai\patches\OHRC\PATCH_000205.png,53.57878112792969,28.453709873153638,5.0,255.0,53.0,6.703537906920497,89.02180467222075,0.3322296142578125
PATCH_000206,ch2_ohr_ncp_20241115T1525004388_b_brw_d18.png,OHRC,calibrated,768,9024,256,D:\lunar ai\patches\OHRC\PATCH_000206.png,65.39082336425781,29.914803352397264,9.0,255.0,65.0,6.852650804966359,94.19256627856424,0.339324951171875
PATCH_000207,ch2_ohr_ncp_20241115T1525004388_b_brw_d18.png,OHRC,calibrated,384,9216,256,D:\lunar ai\patches\OHRC\PATCH_000207.png,11.827133178710938,20.32564125383207,1.0,255.0,4.0,3.956849429591748,23.637870532579065,0.078094482421875
PATCH_000208,ch2_ohr_ncp_20241115T1525004388_b_brw_d18.png,OHRC,calibrated,576,9216,256,D:\lunar ai\patches\OHRC\PATCH_000208.png,41.22404479980469,34.27950410531052,3.0,255.0,36.0,6.465597834796704,71.1105351613966,0.2462615966796875
PATCH_000209,ch2_ohr_ncp_20241115T1525004388_b_brw_d18.png,OHRC,calibrated,768,9216,256,D:\lunar ai\patches\OHRC\PATCH_000209.png,61.558685302734375,29.46343597914799,8.0,255.0,62.0,6.800889480489187,91.07975683321999,0.333953857421875
PATCH_000210,ch2_ohr_ncp_20241115T1525004388_b_brw_d18.png,OHRC,calibrated,576,9408,256,D:\lunar ai\patches\OHRC\PATCH_000210.png,20.10595703125,28.81946596601875,1.0,255.0,5.0,4.850720037525019,38.978394082963256,0.12652587890625
PATCH_000211,ch2_ohr_ncp_20241115T1525004388_b_brw_d18.png,OHRC,calibrated,768,9408,256,D:\lunar ai\patches\OHRC\PATCH_000211.png,52.04022216796875,34.50354029402976,3.0,228.0,50.0,6.833851760360521,82.24606683433403,0.29754638671875
PATCH_000212,ch2_ohr_ncp_20241115T1525004388_b_brw_d18.png,OHRC,calibrated,768,9600,256,D:\lunar ai\patches\OHRC\PATCH_000212.png,43.933807373046875,37.563604680758594,2.0,255.0,38.0,6.519240353366321,72.64558651138248,0.24517822265625
PATCH_000213,ch2_ohr_ncp_20241115T1525004388_b_brw_d18.png,OHRC,calibrated,768,9792,256,D:\lunar ai\patches\OHRC\PATCH_000213.png,22.330337524414062,33.43849834295026,2.0,243.0,6.0,4.858305536596305,37.95719363871393,0.1092681884765625
PATCH_000214,ch2_ohr_ncp_20241115T1326321339_b_brw_d18.png,OHRC,calibrated,768,4224,256,D:\lunar ai\patches\OHRC\PATCH_000214.png,11.234054565429688,14.870580622334908,1.0,175.0,4.0,3.938201093431025,21.601530077127926,0.086883544921875
PATCH_000215,ch2_ohr_ncp_20241115T1326321339_b_brw_d18.png,OHRC,calibrated,768,4416,256,D:\lunar ai\patches\OHRC\PATCH_000215.png,22.016510009765625,22.8802484667463,1.0,240.0,10.0,5.44090561938254,42.940702765924314,0.17242431640625
PATCH_000216,ch2_ohr_ncp_20241115T1326321339_b_brw_d18.png,OHRC,calibrated,768,4608,256,D:\lunar ai\patches\OHRC\PATCH_000216.png,28.864334106445312,25.504619342912168,2.0,255.0,21.0,6.018701450356495,54.56104358695535,0.2193756103515625
PATCH_000217,ch2_ohr_ncp_20241115T1326321339_b_brw_d18.png,OHRC,calibrated,768,4800,256,D:\lunar ai\patches\OHRC\PATCH_000217.png,33.37809753417969,32.4936977722724,2.0,255.0,20.0,6.116595198357913,51.02006270411331,0.2021942138671875
PATCH_000218,ch2_ohr_ncp_20241115T1326321339_b_brw_d18.png,OHRC,calibrated,576,4992,256,D:\lunar ai\patches\OHRC\PATCH_000218.png,10.64117431640625,15.266439540957142,2.0,199.0,5.0,3.6338691920532127,16.8856229424732,0.0658111572265625
PATCH_000219,ch2_ohr_ncp_20241115T1326321339_b_brw_d18.png,OHRC,calibrated,768,4992,256,D:\lunar ai\patches\OHRC\PATCH_000219.png,63.05165100097656,41.40673278045526,3.0,255.0,62.0,7.111686837899653,74.23247235400233,0.28704833984375
PATCH_000220,ch2_ohr_ncp_20241115T1326321339_b_brw_d18.png,OHRC,calibrated,384,5184,256,D:\lunar ai\patches\OHRC\PATCH_000220.png,14.914993286132812,24.171590749706418,2.0,231.0,5.0,3.9056487874101418,22.604920641375866,0.0788116455078125
PATCH_000221,ch2_ohr_ncp_20241115T1326321339_b_brw_d18.png,OHRC,calibrated,576,5184,256,D:\lunar ai\patches\OHRC\PATCH_000221.png,33.64701843261719,32.45465856593244,3.0,250.0,18.0,5.937518127580564,49.19641671951105,0.188201904296875
PATCH_000222,ch2_ohr_ncp_20241115T1326321339_b_brw_d18.png,OHRC,calibrated,768,5184,256,D:\lunar ai\patches\OHRC\PATCH_000222.png,91.83360290527344,40.358200771367194,7.0,255.0,95.0,7.30442464330773,87.48787877871224,0.32769775390625
PATCH_000223,ch2_ohr_ncp_20241115T1326321339_b_brw_d18.png,OHRC,calibrated,384,5376,256,D:\lunar ai\patches\OHRC\PATCH_000223.png,20.217132568359375,27.582398915116165,2.0,231.0,6.0,4.621043529600556,30.464456511327107,0.1053009033203125
PATCH_000224,ch2_ohr_ncp_20241115T1326321339_b_brw_d18.png,OHRC,calibrated,576,5376,256,D:\lunar ai\patches\OHRC\PATCH_000224.png,45.79426574707031,47.43817919581486,4.0,255.0,21.0,6.033139177596923,50.581453524845685,0.184173583984375
PATCH_000225,ch2_ohr_ncp_20241115T1326321339_b_brw_d18.png,OHRC,calibrated,768,5376,256,D:\lunar ai\patches\OHRC\PATCH_000225.png,118.24160766601562,40.26640002471746,12.0,255.0,120.0,7.325456811175426,94.90890549370081,0.33544921875
PATCH_000226,ch2_ohr_ncp_20241115T1326321339_b_brw_d18.png,OHRC,calibrated,384,5568,256,D:\lunar ai\patches\OHRC\PATCH_000226.png,22.035171508789062,30.15214814073953,2.0,255.0,6.0,4.756250640819312,29.36711153392781,0.1107330322265625
PATCH_000227,ch2_ohr_ncp_20241115T1326321339_b_brw_d18.png,OHRC,calibrated,576,5568,256,D:\lunar ai\patches\OHRC\PATCH_000227.png,92.22726440429688,54.8651863827899,4.0,255.0,104.0,7.222191420555665,76.71755923142165,0.288909912109375
PATCH_000228,ch2_ohr_ncp_20241115T1326321339_b_brw_d18.png,OHRC,calibrated,768,5568,256,D:\lunar ai\patches\OHRC\PATCH_000228.png,147.1431884765625,30.38239071431363,23.0,255.0,149.0,6.915928605897355,96.35314592952709,0.3547210693359375
PATCH_000229,ch2_ohr_ncp_20241115T1326321339_b_brw_d18.png,OHRC,calibrated,192,5760,256,D:\lunar ai\patches\OHRC\PATCH_000229.png,24.54913330078125,25.488592787479302,2.0,255.0,10.0,5.2970151857814525,45.319777243719685,0.1812591552734375
PATCH_000230,ch2_ohr_ncp_20241115T1326321339_b_brw_d18.png,OHRC,calibrated,384,5760,256,D:\lunar ai\patches\OHRC\PATCH_000230.png,69.15127563476562,35.38902026520039,4.0,255.0,69.0,7.0994835627088175,83.27836504247534,0.3309478759765625
PATCH_000231,ch2_ohr_ncp_20241115T1326321339_b_brw_d18.png,OHRC,calibrated,576,5760,256,D:\lunar ai\patches\OHRC\PATCH_000231.png,126.23960876464844,32.53086922835306,17.0,255.0,129.0,7.044121558001033,91.48045114692431,0.352386474609375
PATCH_000232,ch2_ohr_ncp_20241115T1326321339_b_brw_d18.png,OHRC,calibrated,768,5760,256,D:\lunar ai\patches\OHRC\PATCH_000232.png,151.91310119628906,26.542461453288027,32.0,255.0,152.0,6.7543599648673185,96.54784128613728,0.3647918701171875
PATCH_000233,ch2_ohr_ncp_20241115T1326321339_b_brw_d18.png,OHRC,calibrated,192,5952,256,D:\lunar ai\patches\OHRC\PATCH_000233.png,18.860488891601562,22.382158534409108,2.0,212.0,7.0,4.807643038180297,30.110282462005433,0.1210174560546875
PATCH_000234,ch2_ohr_ncp_20241115T1326321339_b_brw_d18.png,OHRC,calibrated,384,5952,256,D:\lunar ai\patches\OHRC\PATCH_000234.png,81.80830383300781,46.67967748448083,4.0,255.0,89.0,7.23542411205473,77.50522733755471,0.31298828125
PATCH_000235,ch2_ohr_ncp_20241115T1326321339_b_brw_d18.png,OHRC,calibrated,576,5952,256,D:\lunar ai\patches\OHRC\PATCH_000235.png,136.67999267578125,28.550449841162905,22.0,255.0,137.0,6.860834424679206,98.3566204538587,0.3656005859375
PATCH_000236,ch2_ohr_ncp_20241115T1326321339_b_brw_d18.png,OHRC,calibrated,768,5952,256,D:\lunar ai\patches\OHRC\PATCH_000236.png,148.31039428710938,25.98800439956262,32.0,255.0,148.0,6.694877121483449,100.50975328526263,0.3653411865234375
PATCH_000237,ch2_ohr_ncp_20241115T1326321339_b_brw_d18.png,OHRC,calibrated,0,6144,256,D:\lunar ai\patches\OHRC\PATCH_000237.png,26.202377319335938,34.19713681145371,3.0,218.0,7.0,5.020700246691069,33.94960730811297,0.136749267578125
PATCH_000238,ch2_ohr_ncp_20241115T1326321339_b_brw_d18.png,OHRC,calibrated,192,6144,256,D:\lunar ai\patches\OHRC\PATCH_000238.png,64.97550964355469,42.015766216906364,4.0,255.0,66.0,7.041557845587089,70.60826733556159,0.28033447265625
PATCH_000239,ch2_ohr_ncp_20241115T1326321339_b_brw_d18.png,OHRC,calibrated,384,6144,256,D:\lunar ai\patches\OHRC\PATCH_000239.png,117.23876953125,34.108528993453746,8.0,255.0,121.0,7.028612484370572,86.99981484763902,0.34619140625
PATCH_000240,ch2_ohr_ncp_20241115T1326321339_b_brw_d18.png,OHRC,calibrated,576,6144,256,D:\lunar ai\patches\OHRC\PATCH_000240.png,140.92694091796875,25.60271998293989,32.0,255.0,141.0,6.701585130039481,93.38031453590656,0.361663818359375
PATCH_000241,ch2_ohr_ncp_20241115T1326321339_b_brw_d18.png,OHRC,calibrated,768,6144,256,D:\lunar ai\patches\OHRC\PATCH_000241.png,146.51539611816406,25.398603453598373,32.0,255.0,146.0,6.689097093762524,97.30927038843812,0.36639404296875
PATCH_000242,ch2_ohr_ncp_20241115T1326321339_b_brw_d18.png,OHRC,calibrated,0,6336,256,D:\lunar ai\patches\OHRC\PATCH_000242.png,52.57746887207031,31.81651024637136,4.0,244.0,51.0,6.827568137643937,71.7001593153577,0.29986572265625
PATCH_000243,ch2_ohr_ncp_20241115T1326321339_b_brw_d18.png,OHRC,calibrated,192,6336,256,D:\lunar ai\patches\OHRC\PATCH_000243.png,90.51091003417969,41.799651302238544,10.0,255.0,91.0,7.3305778141573015,82.97775022336572,0.321990966796875
PATCH_000244,ch2_ohr_ncp_20241115T1326321339_b_brw_d18.png,OHRC,calibrated,384,6336,256,D:\lunar ai\patches\OHRC\PATCH_000244.png,135.78591918945312,25.541770217662442,21.0,255.0,137.0,6.6892046051385705,86.81799529994096,0.3538055419921875
PATCH_000245,ch2_ohr_ncp_20241115T1326321339_b_brw_d18.png,OHRC,calibrated,576,6336,256,D:\lunar ai\patches\OHRC\PATCH_000245.png,140.80079650878906,24.733678626002295,29.0,255.0,141.0,6.64524455726701,92.73293834026336,0.361968994140625
PATCH_000246,ch2_ohr_ncp_20241115T1326321339_b_brw_d18.png,OHRC,calibrated,768,6336,256,D:\lunar ai\patches\OHRC\PATCH_000246.png,128.9461669921875,29.97016085957291,20.0,255.0,130.0,6.93885640755374,92.64940755039741,0.3602142333984375
PATCH_000247,ch2_ohr_ncp_20241115T1326321339_b_brw_d18.png,OHRC,calibrated,0,6528,256,D:\lunar ai\patches\OHRC\PATCH_000247.png,49.75482177734375,37.33090220861863,4.0,255.0,44.0,6.6944352368993805,62.57384263059048,0.2566375732421875
PATCH_000248,ch2_ohr_ncp_20241115T1326321339_b_brw_d18.png,OHRC,calibrated,192,6528,256,D:\lunar ai\patches\OHRC\PATCH_000248.png,111.21617126464844,35.565493171475055,13.0,255.0,116.0,7.118637151899396,84.47781058043485,0.3365631103515625
PATCH_000249,ch2_ohr_ncp_20241115T1326321339_b_brw_d18.png,OHRC,calibrated,384,6528,256,D:\lunar ai\patches\OHRC\PATCH_000249.png,132.24600219726562,24.48403720569064,29.0,255.0,133.0,6.6381912758775545,87.38395319200957,0.352294921875
PATCH_000250,ch2_ohr_ncp_20241115T1326321339_b_brw_d18.png,OHRC,calibrated,576,6528,256,D:\lunar ai\patches\OHRC\PATCH_000250.png,125.63003540039062,25.878777959091757,24.0,255.0,126.0,6.723741322527988,88.2984862224926,0.356292724609375
PATCH_000251,ch2_ohr_ncp_20241115T1326321339_b_brw_d18.png,OHRC,calibrated,768,6528,256,D:\lunar ai\patches\OHRC\PATCH_000251.png,96.22097778320312,29.084461680611717,15.0,255.0,95.0,6.887556842524025,83.64046809852951,0.338836669921875
PATCH_000252,ch2_ohr_ncp_20241115T1326321339_b_brw_d18.png,OHRC,calibrated,0,6720,256,D:\lunar ai\patches\OHRC\PATCH_000252.png,75.56570434570312,39.07061421136118,4.0,255.0,79.0,7.059744478133649,77.59801343527447,0.3045196533203125
PATCH_000253,ch2_ohr_ncp_20241115T1326321339_b_brw_d18.png,OHRC,calibrated,192,6720,256,D:\lunar ai\patches\OHRC\PATCH_000253.png,120.95539855957031,26.668202663368962,22.0,255.0,122.0,6.758968948482649,86.04286156355971,0.341949462890625
PATCH_000254,ch2_ohr_ncp_20241115T1326321339_b_brw_d18.png,OHRC,calibrated,384,6720,256,D:\lunar ai\patches\OHRC\PATCH_000254.png,121.81182861328125,26.68006310086859,22.0,255.0,123.0,6.75171828439589,84.33850619602748,0.3423614501953125
PATCH_000255,ch2_ohr_ncp_20241115T1326321339_b_brw_d18.png,OHRC,calibrated,576,6720,256,D:\lunar ai\patches\OHRC\PATCH_000255.png,96.54481506347656,35.03481378795898,11.0,253.0,99.0,7.116991060955549,79.68884236869701,0.3263092041015625
PATCH_000256,ch2_ohr_ncp_20241115T1326321339_b_brw_d18.png,OHRC,calibrated,768,6720,256,D:\lunar ai\patches\OHRC\PATCH_000256.png,77.22122192382812,24.186683258397757,14.0,255.0,77.0,6.570909024713148,80.9125119217656,0.3162078857421875
PATCH_000257,ch2_ohr_ncp_20241115T1326321339_b_brw_d18.png,OHRC,calibrated,0,6912,256,D:\lunar ai\patches\OHRC\PATCH_000257.png,78.995849609375,42.65678744064864,6.0,255.0,88.0,7.021281855400529,72.23908043001512,0.2896270751953125
PATCH_000258,ch2_ohr_ncp_20241115T1326321339_b_brw_d18.png,OHRC,calibrated,192,6912,256,D:\lunar ai\patches\OHRC\PATCH_000258.png,103.23100280761719,27.671004805853514,17.0,255.0,103.0,6.815786757309028,84.18793680309568,0.3346710205078125
PATCH_000259,ch2_ohr_ncp_20241115T1326321339_b_brw_d18.png,OHRC,calibrated,384,6912,256,D:\lunar ai\patches\OHRC\PATCH_000259.png,89.11695861816406,28.89190958479642,15.0,255.0,88.0,6.863920875630589,82.97614958952802,0.3290863037109375
PATCH_000260,ch2_ohr_ncp_20241115T1326321339_b_brw_d18.png,OHRC,calibrated,576,6912,256,D:\lunar ai\patches\OHRC\PATCH_000260.png,76.19416809082031,26.207921250586075,11.0,255.0,77.0,6.708827792542279,77.61686712408289,0.3218841552734375
PATCH_000261,ch2_ohr_ncp_20241115T1326321339_b_brw_d18.png,OHRC,calibrated,768,6912,256,D:\lunar ai\patches\OHRC\PATCH_000261.png,87.663818359375,23.303361342803246,15.0,255.0,88.0,6.558418325962186,79.99496205950786,0.3298492431640625
PATCH_000262,ch2_ohr_ncp_20241115T1326321339_b_brw_d18.png,OHRC,calibrated,0,7104,256,D:\lunar ai\patches\OHRC\PATCH_000262.png,89.01719665527344,32.4636754306028,6.0,255.0,92.0,6.975111651722642,86.54347509376572,0.33038330078125
PATCH_000263,ch2_ohr_ncp_20241115T1326321339_b_brw_d18.png,OHRC,calibrated,192,7104,256,D:\lunar ai\patches\OHRC\PATCH_000263.png,92.65631103515625,24.7315064511386,16.0,255.0,93.0,6.638817115263037,83.54048274138034,0.3288421630859375
PATCH_000264,ch2_ohr_ncp_20241115T1326321339_b_brw_d18.png,OHRC,calibrated,384,7104,256,D:\lunar ai\patches\OHRC\PATCH_000264.png,90.94056701660156,25.994251938807157,16.0,244.0,91.0,6.704904095838708,84.49144597228492,0.3374176025390625
PATCH_000265,ch2_ohr_ncp_20241115T1326321339_b_brw_d18.png,OHRC,calibrated,576,7104,256,D:\lunar ai\patches\OHRC\PATCH_000265.png,99.89476013183594,24.5004898833922,19.0,255.0,100.0,6.630986363432417,84.37166564847992,0.343292236328125
PATCH_000266,ch2_ohr_ncp_20241115T1326321339_b_brw_d18.png,OHRC,calibrated,768,7104,256,D:\lunar ai\patches\OHRC\PATCH_000266.png,97.16651916503906,30.162044500865104,5.0,249.0,99.0,6.820092836872218,76.07499003911003,0.3217315673828125
PATCH_000267,ch2_ohr_ncp_20241115T1326321339_b_brw_d18.png,OHRC,calibrated,0,7296,256,D:\lunar ai\patches\OHRC\PATCH_000267.png,69.31742858886719,28.814533956715795,11.0,255.0,68.0,6.804157340722608,81.62439383797943,0.32635498046875
PATCH_000268,ch2_ohr_ncp_20241115T1326321339_b_brw_d18.png,OHRC,calibrated,192,7296,256,D:\lunar ai\patches\OHRC\PATCH_000268.png,72.57855224609375,25.797635540229432,11.0,255.0,72.0,6.710708592537177,80.02726560143218,0.3326568603515625
PATCH_000269,ch2_ohr_ncp_20241115T1326321339_b_brw_d18.png,OHRC,calibrated,384,7296,256,D:\lunar ai\patches\OHRC\PATCH_000269.png,70.27633666992188,27.411383304673187,11.0,243.0,68.0,6.768760749132353,79.07008989461424,0.334075927734375
PATCH_000270,ch2_ohr_ncp_20241115T1326321339_b_brw_d18.png,OHRC,calibrated,576,7296,256,D:\lunar ai\patches\OHRC\PATCH_000270.png,62.508941650390625,38.01281296599745,3.0,255.0,62.0,6.9993494893840404,66.52867963575252,0.2658843994140625
PATCH_000271,ch2_ohr_ncp_20241115T1326321339_b_brw_d18.png,OHRC,calibrated,768,7296,256,D:\lunar ai\patches\OHRC\PATCH_000271.png,29.992691040039062,36.5535849630963,2.0,212.0,6.0,5.154633843449599,28.507652997204506,0.10858154296875
PATCH_000272,ch2_ohr_ncp_20241115T1326321339_b_brw_d18.png,OHRC,calibrated,0,7488,256,D:\lunar ai\patches\OHRC\PATCH_000272.png,39.23332214355469,28.88764690422308,2.0,215.0,40.0,6.203117659814318,52.29727068376671,0.214111328125
PATCH_000273,ch2_ohr_ncp_20241115T1326321339_b_brw_d18.png,OHRC,calibrated,192,7488,256,D:\lunar ai\patches\OHRC\PATCH_000273.png,36.52252197265625,27.94134283618565,2.0,218.0,36.0,6.129340613998076,48.812918890318386,0.2045135498046875
PATCH_000274,ch2_ohr_ncp_20241115T1326321339_b_brw_d18.png,OHRC,calibrated,384,7488,256,D:\lunar ai\patches\OHRC\PATCH_000274.png,27.687484741210938,27.002187675570564,2.0,218.0,15.0,5.3978090326451404,35.698558162274615,0.1458282470703125
PATCH_000275,ch2_ohr_ncp_20241115T1326321339_b_brw_d18.png,OHRC,calibrated,576,7488,256,D:\lunar ai\patches\OHRC\PATCH_000275.png,11.727783203125,17.73822733676213,2.0,215.0,4.0,3.503820948149305,12.734292140159745,0.0416107177734375
PATCH_000276,ch2_ohr_ncp_20241115T1326321339_b_brw_d18.png,OHRC,calibrated,576,8448,256,D:\lunar ai\patches\OHRC\PATCH_000276.png,18.572540283203125,18.85483758245688,2.0,175.0,9.0,5.038701909136448,37.60055344599506,0.164154052734375
PATCH_000277,ch2_ohr_ncp_20241115T1326321339_b_brw_d18.png,OHRC,calibrated,768,8448,256,D:\lunar ai\patches\OHRC\PATCH_000277.png,27.63555908203125,22.950649122018262,3.0,241.0,21.0,5.874868757478558,53.36862320700072,0.228515625
PATCH_000278,ch2_ohr_ncp_20241115T1326321339_b_brw_d18.png,OHRC,calibrated,384,8640,256,D:\lunar ai\patches\OHRC\PATCH_000278.png,21.179153442382812,23.229948707630015,2.0,255.0,10.0,5.311818475265639,45.98271498172933,0.1776123046875
PATCH_000279,ch2_ohr_ncp_20241115T1326321339_b_brw_d18.png,OHRC,calibrated,576,8640,256,D:\lunar ai\patches\OHRC\PATCH_000279.png,33.403045654296875,23.43470684921737,4.0,195.0,30.0,6.147993738020866,64.11656451536811,0.2729949951171875
PATCH_000280,ch2_ohr_ncp_20241115T1326321339_b_brw_d18.png,OHRC,calibrated,768,8640,256,D:\lunar ai\patches\OHRC\PATCH_000280.png,35.13563537597656,21.031121340451058,6.0,178.0,33.0,6.089546563155583,67.98723807379892,0.30255126953125
PATCH_000281,ch2_ohr_ncp_20241115T1326321339_b_brw_d18.png,OHRC,calibrated,0,8832,256,D:\lunar ai\patches\OHRC\PATCH_000281.png,12.667236328125,19.225651822926956,2.0,231.0,5.0,3.7200159849947587,25.624962825347726,0.0845794677734375
PATCH_000282,ch2_ohr_ncp_20241115T1326321339_b_brw_d18.png,OHRC,calibrated,192,8832,256,D:\lunar ai\patches\OHRC\PATCH_000282.png,16.810699462890625,21.99918001121917,2.0,231.0,6.0,4.611548465229851,36.28075832268077,0.1325225830078125
PATCH_000283,ch2_ohr_ncp_20241115T1326321339_b_brw_d18.png,OHRC,calibrated,384,8832,256,D:\lunar ai\patches\OHRC\PATCH_000283.png,42.99055480957031,30.242859343678827,4.0,255.0,40.0,6.552494068000046,79.08259402926645,0.3044586181640625
PATCH_000284,ch2_ohr_ncp_20241115T1326321339_b_brw_d18.png,OHRC,calibrated,576,8832,256,D:\lunar ai\patches\OHRC\PATCH_000284.png,51.04368591308594,32.668271637630625,8.0,255.0,49.0,6.685468620522934,83.20696249003771,0.3103790283203125
PATCH_000285,ch2_ohr_ncp_20241115T1326321339_b_brw_d18.png,OHRC,calibrated,768,8832,256,D:\lunar ai\patches\OHRC\PATCH_000285.png,44.27360534667969,26.309401082212002,8.0,241.0,42.0,6.447145737752125,78.37736354898902,0.3134002685546875
PATCH_000286,ch2_ohr_ncp_20241115T1326321339_b_brw_d18.png,OHRC,calibrated,192,9024,256,D:\lunar ai\patches\OHRC\PATCH_000286.png,14.87249755859375,19.750506272251553,2.0,255.0,6.0,4.367554175206844,33.94169565791793,0.1186370849609375
PATCH_000287,ch2_ohr_ncp_20241115T1326321339_b_brw_d18.png,OHRC,calibrated,384,9024,256,D:\lunar ai\patches\OHRC\PATCH_000287.png,35.89338684082031,28.23692899638672,3.0,255.0,32.0,6.3300545732721885,69.98745078860112,0.267578125
PATCH_000288,ch2_ohr_ncp_20241115T1326321339_b_brw_d18.png,OHRC,calibrated,576,9024,256,D:\lunar ai\patches\OHRC\PATCH_000288.png,47.06251525878906,26.20664169196674,7.0,224.0,46.0,6.484131734453995,76.91054364788036,0.3107452392578125
PATCH_000289,ch2_ohr_ncp_20241115T1326321339_b_brw_d18.png,OHRC,calibrated,768,9024,256,D:\lunar ai\patches\OHRC\PATCH_000289.png,47.49217224121094,26.154774609404885,7.0,241.0,47.0,6.499166470287671,77.37030795704852,0.3074951171875
PATCH_000290,ch2_ohr_ncp_20241115T1326321339_b_brw_d18.png,OHRC,calibrated,384,9216,256,D:\lunar ai\patches\OHRC\PATCH_000290.png,19.197463989257812,25.562349461646,2.0,243.0,7.0,4.984413862537668,37.25469620760868,0.13134765625
PATCH_000291,ch2_ohr_ncp_20241115T1326321339_b_brw_d18.png,OHRC,calibrated,576,9216,256,D:\lunar ai\patches\OHRC\PATCH_000291.png,41.92259216308594,25.880511539257107,5.0,242.0,41.0,6.4156833565196285,73.18664732518562,0.294342041015625
PATCH_000292,ch2_ohr_ncp_20241115T1326321339_b_brw_d18.png,OHRC,calibrated,768,9216,256,D:\lunar ai\patches\OHRC\PATCH_000292.png,49.91790771484375,25.110776405106726,8.0,255.0,49.0,6.539210573916764,78.25060236365036,0.319427490234375
PATCH_000293,ch2_ohr_ncp_20241115T1326321339_b_brw_d18.png,OHRC,calibrated,576,9408,256,D:\lunar ai\patches\OHRC\PATCH_000293.png,27.47283935546875,28.513356516696113,2.0,242.0,11.0,5.664789811076378,50.13075047077012,0.1866455078125
PATCH_000294,ch2_ohr_ncp_20241115T1326321339_b_brw_d18.png,OHRC,calibrated,768,9408,256,D:\lunar ai\patches\OHRC\PATCH_000294.png,48.17835998535156,27.971510466877422,4.0,216.0,47.0,6.629222981962662,76.71009603871605,0.300262451171875
PATCH_000295,ch2_ohr_ncp_20241115T1326321339_b_brw_d18.png,OHRC,calibrated,768,9600,256,D:\lunar ai\patches\OHRC\PATCH_000295.png,32.18800354003906,29.82976567410248,2.0,255.0,21.0,6.127636982259403,57.64102944689087,0.2175445556640625
PATCH_000296,ch2_ohr_ncp_20241115T1326321339_b_brw_d18.png,OHRC,calibrated,768,9792,256,D:\lunar ai\patches\OHRC\PATCH_000296.png,17.757537841796875,25.310328344193838,2.0,255.0,5.0,4.418312818099705,30.754717092959634,0.107757568359375
PATCH_000001,ch2_tmc_ncn_20211123T0119537815_b_brw_d18.png,TMC,calibrated,0,0,256,D:\lunar ai\patches\TMC\PATCH_000001.png,66.7548828125,24.891209348247795,1.0,232.0,68.0,5.603475266720958,60.357478303188316,0.2440032958984375
PATCH_000002,ch2_tmc_ncn_20211123T0119537815_b_brw_d18.png,TMC,calibrated,0,192,256,D:\lunar ai\patches\TMC\PATCH_000002.png,45.16947937011719,30.637063301086553,0.0,226.0,47.0,5.624401114518383,54.38477023093968,0.2263031005859375
PATCH_000003,ch2_tmc_ncn_20211123T0119537815_b_brw_d18.png,TMC,calibrated,0,384,256,D:\lunar ai\patches\TMC\PATCH_000003.png,58.87939453125,25.90048267235094,0.0,255.0,66.0,5.137489474205072,34.54778496859416,0.0778350830078125
PATCH_000004,ch2_tmc_ncn_20211123T0119537815_b_brw_d18.png,TMC,calibrated,0,576,256,D:\lunar ai\patches\TMC\PATCH_000004.png,69.31292724609375,11.319650984621928,5.0,255.0,68.0,4.446048526696213,27.623192677504083,0.029632568359375
PATCH_000005,ch2_tmc_ncn_20211123T0119537815_b_brw_d18.png,TMC,calibrated,0,768,256,D:\lunar ai\patches\TMC\PATCH_000005.png,65.61181640625,8.031594458291902,17.0,188.0,64.0,3.9392632059727917,22.818420989068883,0.01959228515625
PATCH_000006,ch2_tmc_ncn_20211123T0119537815_b_brw_d18.png,TMC,calibrated,0,960,256,D:\lunar ai\patches\TMC\PATCH_000006.png,66.77542114257812,8.398381766145434,11.0,188.0,66.0,3.8943450577765244,27.512510179825487,0.0431671142578125
PATCH_000007,ch2_tmc_ncn_20211123T0119537815_b_brw_d18.png,TMC,calibrated,0,1152,256,D:\lunar ai\patches\TMC\PATCH_000007.png,71.73165893554688,13.523489940932524,9.0,167.0,68.0,4.614834673903756,30.990911718413592,0.058349609375
PATCH_000008,ch2_tmc_ncn_20211123T0119537815_b_brw_d18.png,TMC,calibrated,0,1344,256,D:\lunar ai\patches\TMC\PATCH_000008.png,58.22380065917969,25.988614601862302,0.0,140.0,66.0,5.142632147714787,29.602811231920562,0.05596923828125
PATCH_000009,ch2_tmc_ncn_20211123T0119537815_b_brw_d18.png,TMC,calibrated,0,1536,256,D:\lunar ai\patches\TMC\PATCH_000009.png,52.4302978515625,33.14204160705766,0.0,241.0,66.0,4.738059776429612,26.111625955327547,0.044647216796875
PATCH_000010,ch2_tmc_ncn_20211123T0119537815_b_brw_d18.png,TMC,calibrated,0,1728,256,D:\lunar ai\patches\TMC\PATCH_000010.png,69.07247924804688,12.279351224114613,1.0,226.0,68.0,4.434795585420899,27.7938136720134,0.0278472900390625
PATCH_000011,ch2_tmc_ncn_20211123T0119537815_b_brw_d18.png,TMC,calibrated,0,1920,256,D:\lunar ai\patches\TMC\PATCH_000011.png,63.058441162109375,12.473493729192793,5.0,178.0,64.0,4.615337250429259,31.457394926850608,0.05377197265625
PATCH_000012,ch2_tmc_ncn_20211123T0119537815_b_brw_d18.png,TMC,calibrated,0,2112,256,D:\lunar ai\patches\TMC\PATCH_000012.png,64.04861450195312,14.506328971649426,7.0,161.0,64.0,4.8987315404023,36.85200882248479,0.0842132568359375
PATCH_000013,ch2_tmc_ncn_20211123T0119537815_b_brw_d18.png,TMC,calibrated,0,2304,256,D:\lunar ai\patches\TMC\PATCH_000013.png,70.26248168945312,18.063674535866223,3.0,175.0,72.0,5.18726478902283,42.03130876110838,0.1104736328125
PATCH_000014,ch2_tmc_ncn_20211123T0119537815_b_brw_d18.png,TMC,calibrated,0,2496,256,D:\lunar ai\patches\TMC\PATCH_000014.png,72.96034240722656,14.480934989794537,3.0,175.0,74.0,4.7909655921831265,48.697858066227894,0.1671142578125
PATCH_000015,ch2_tmc_ncn_20211123T0119537815_b_brw_d18.png,TMC,calibrated,0,2688,256,D:\lunar ai\patches\TMC\PATCH_000015.png,74.64839172363281,12.784789781979372,3.0,171.0,74.0,4.671683603685174,53.185008151473646,0.192626953125
PATCH_000016,ch2_tmc_ncn_20211123T0119537815_b_brw_d18.png,TMC,calibrated,0,2880,256,D:\lunar ai\patches\TMC\PATCH_000016.png,72.44822692871094,13.129631073537988,5.0,186.0,72.0,4.646537077861601,48.69253854459207,0.1450042724609375
PATCH_000017,ch2_tmc_ncn_20211123T0119537815_b_brw_d18.png,TMC,calibrated,0,3072,256,D:\lunar ai\patches\TMC\PATCH_000017.png,71.39382934570312,9.983295423304023,9.0,152.0,70.0,4.344794320300025,36.62522528473251,0.0849761962890625
PATCH_000018,ch2_tmc_ncn_20211123T0119537815_b_brw_d18.png,TMC,calibrated,0,3264,256,D:\lunar ai\patches\TMC\PATCH_000018.png,58.507537841796875,16.65333300903598,1.0,144.0,62.0,5.115466363483675,36.44269135403507,0.087646484375
PATCH_000019,ch2_tmc_ncn_20211123T0119537815_b_brw_d18.png,TMC,calibrated,0,3456,256,D:\lunar ai\patches\TMC\PATCH_000019.png,64.56901550292969,18.954554705582453,1.0,192.0,64.0,5.314939416491669,37.34656672222705,0.087127685546875
PATCH_000020,ch2_tmc_ncn_20211123T0119537815_b_brw_d18.png,TMC,calibrated,0,3648,256,D:\lunar ai\patches\TMC\PATCH_000020.png,63.44419860839844,18.510637651714074,1.0,192.0,64.0,5.253421847482783,43.33084556759704,0.1297454833984375
PATCH_000021,ch2_tmc_ncn_20211123T0119537815_b_brw_d18.png,TMC,calibrated,0,3840,256,D:\lunar ai\patches\TMC\PATCH_000021.png,74.10038757324219,16.74170105733424,7.0,199.0,74.0,5.096465161704032,37.75424894554938,0.094146728515625
PATCH_000022,ch2_tmc_ncn_20211123T0119537815_b_brw_d18.png,TMC,calibrated,0,4032,256,D:\lunar ai\patches\TMC\PATCH_000022.png,74.9307861328125,13.640939356599775,11.0,199.0,74.0,4.844488610432739,27.643585330511172,0.024566650390625
PATCH_000023,ch2_tmc_ncn_20211123T0119537815_b_brw_d18.png,TMC,calibrated,0,4224,256,D:\lunar ai\patches\TMC\PATCH_000023.png,79.19119262695312,10.134195070890806,11.0,197.0,79.0,4.414924196704621,28.777055244100318,0.0279998779296875
PATCH_000024,ch2_tmc_ncn_20211123T0119537815_b_brw_d18.png,TMC,calibrated,0,4416,256,D:\lunar ai\patches\TMC\PATCH_000024.png,79.24908447265625,11.061650264932656,19.0,167.0,79.0,4.524111147376663,29.638159440793935,0.03125
PATCH_000025,ch2_tmc_ncn_20211123T0119537815_b_brw_d18.png,TMC,calibrated,0,4608,256,D:\lunar ai\patches\TMC\PATCH_000025.png,82.16030883789062,11.7275694646909,19.0,180.0,81.0,4.591377650720283,36.725013757451315,0.0803070068359375
PATCH_000026,ch2_tmc_ncn_20211123T0119537815_b_brw_d18.png,TMC,calibrated,0,4800,256,D:\lunar ai\patches\TMC\PATCH_000026.png,86.60517883300781,11.591443268290337,13.0,220.0,85.0,4.568739303806209,36.89668327008625,0.0882415771484375
PATCH_000027,ch2_tmc_ncn_20211123T0119537815_b_brw_d18.png,TMC,calibrated,0,4992,256,D:\lunar ai\patches\TMC\PATCH_000027.png,88.78579711914062,12.570716119097007,19.0,211.0,87.0,4.608225552545578,37.84915734498035,0.0847930908203125
PATCH_000028,ch2_tmc_ncn_20211123T0119537815_b_brw_d18.png,TMC,calibrated,0,5184,256,D:\lunar ai\patches\TMC\PATCH_000028.png,88.81512451171875,16.472393661474896,7.0,213.0,87.0,4.96052024857831,43.21173279565433,0.122528076171875
PATCH_000029,ch2_tmc_ncn_20211123T0119537815_b_brw_d18.png,TMC,calibrated,0,5376,256,D:\lunar ai\patches\TMC\PATCH_000029.png,89.97027587890625,13.19305511041878,19.0,196.0,89.0,4.748780806238244,41.13485669257133,0.1146087646484375
PATCH_000030,ch2_tmc_ncn_20211123T0119537815_b_brw_d18.png,TMC,calibrated,0,5568,256,D:\lunar ai\patches\TMC\PATCH_000030.png,93.96835327148438,20.547623695917427,24.0,255.0,91.0,5.102248469401318,48.66793635675619,0.1680450439453125
PATCH_000031,ch2_tmc_ncn_20211123T0119537815_b_brw_d18.png,TMC,calibrated,0,5760,256,D:\lunar ai\patches\TMC\PATCH_000031.png,87.00959777832031,27.007424630148634,7.0,255.0,87.0,5.605845368293897,44.17678644373208,0.127044677734375
PATCH_000032,ch2_tmc_ncn_20211123T0119537815_b_brw_d18.png,TMC,calibrated,0,5952,256,D:\lunar ai\patches\TMC\PATCH_000032.png,89.80087280273438,32.527406232600796,5.0,220.0,98.0,5.745851015942744,40.760051353375374,0.11627197265625
PATCH_000033,ch2_tmc_ncn_20211123T0119537815_b_brw_d18.png,TMC,calibrated,0,6144,256,D:\lunar ai\patches\TMC\PATCH_000033.png,102.36318969726562,19.96050611034951,30.0,255.0,100.0,5.401743997262202,43.543398765092206,0.147003173828125
PATCH_000034,ch2_tmc_ncn_20211123T0119537815_b_brw_d18.png,TMC,calibrated,0,6336,256,D:\lunar ai\patches\TMC\PATCH_000034.png,96.69017028808594,16.783386620783695,15.0,209.0,97.0,5.142226163350282,42.21566967160712,0.126251220703125
PATCH_000035,ch2_tmc_ncn_20211123T0119537815_b_brw_d18.png,TMC,calibrated,0,6528,256,D:\lunar ai\patches\TMC\PATCH_000035.png,95.31854248046875,12.99721210057586,7.0,230.0,95.0,4.677462836614256,41.1219573830274,0.1140899658203125
PATCH_000036,ch2_tmc_ncn_20211123T0119537815_b_brw_d18.png,TMC,calibrated,0,6720,256,D:\lunar ai\patches\TMC\PATCH_000036.png,95.11904907226562,13.585915699523701,7.0,228.0,95.0,4.770891999395088,39.06769224866021,0.09747314453125
PATCH_000037,ch2_tmc_ncn_20211123T0119537815_b_brw_d18.png,TMC,calibrated,0,6912,256,D:\lunar ai\patches\TMC\PATCH_000037.png,93.28196716308594,13.486972049024489,26.0,203.0,93.0,4.780708253716353,40.81048718275547,0.1096343994140625
PATCH_000038,ch2_tmc_ncn_20211123T0119537815_b_brw_d18.png,TMC,calibrated,0,7104,256,D:\lunar ai\patches\TMC\PATCH_000038.png,93.81878662109375,11.670700915362223,24.0,201.0,93.0,4.576931849266993,39.79187300459809,0.106475830078125
PATCH_000039,ch2_tmc_ncn_20211123T0119537815_b_brw_d18.png,TMC,calibrated,0,7296,256,D:\lunar ai\patches\TMC\PATCH_000039.png,97.64950561523438,14.703395417104055,11.0,239.0,97.0,4.8168550199341515,42.58730326815724,0.1286163330078125
PATCH_000040,ch2_tmc_ncn_20211123T0119537815_b_brw_d18.png,TMC,calibrated,0,7488,256,D:\lunar ai\patches\TMC\PATCH_000040.png,96.13848876953125,16.69648464273743,13.0,255.0,95.0,5.047567222167837,44.89765578842804,0.1357269287109375
PATCH_000041,ch2_tmc_ncn_20211123T0119537815_b_brw_d18.png,TMC,calibrated,0,7680,256,D:\lunar ai\patches\TMC\PATCH_000041.png,101.39506530761719,24.255732966206416,20.0,255.0,97.0,5.415442166586883,47.807746263917714,0.1578216552734375
PATCH_000042,ch2_tmc_ncn_20211123T0119537815_b_brw_d18.png,TMC,calibrated,0,7872,256,D:\lunar ai\patches\TMC\PATCH_000042.png,99.40211486816406,16.488654688675233,19.0,216.0,97.0,5.047778813020379,42.980407886283004,0.1402130126953125
PATCH_000043,ch2_tmc_ncn_20211123T0119537815_b_brw_d18.png,TMC,calibrated,0,8064,256,D:\lunar ai\patches\TMC\PATCH_000043.png,100.62399291992188,16.28479524512762,19.0,255.0,98.0,5.0387099732049725,47.05594243240903,0.1769561767578125
PATCH_000044,ch2_tmc_ncn_20211123T0119537815_b_brw_d18.png,TMC,calibrated,0,8256,256,D:\lunar ai\patches\TMC\PATCH_000044.png,102.277587890625,21.958037887596756,13.0,255.0,100.0,5.5226913082785,47.52340980425391,0.1822967529296875
PATCH_000045,ch2_tmc_ncn_20211123T0119537815_b_brw_d18.png,TMC,calibrated,0,8448,256,D:\lunar ai\patches\TMC\PATCH_000045.png,96.80239868164062,17.010140956775558,20.0,255.0,97.0,5.172823699053815,46.03617336319406,0.1665191650390625
PATCH_000046,ch2_tmc_ncn_20211123T0119537815_b_brw_d18.png,TMC,calibrated,0,8640,256,D:\lunar ai\patches\TMC\PATCH_000046.png,97.91567993164062,15.495834306313684,20.0,251.0,97.0,5.016271359947433,47.88439427599026,0.1875152587890625
PATCH_000047,ch2_tmc_ncn_20211123T0119537815_b_brw_d18.png,TMC,calibrated,0,8832,256,D:\lunar ai\patches\TMC\PATCH_000047.png,100.67733764648438,19.695823428809135,28.0,251.0,98.0,5.284782033654463,48.595218670348004,0.1931915283203125
PATCH_000048,ch2_tmc_ncn_20211123T0119537815_b_brw_d18.png,TMC,calibrated,0,9024,256,D:\lunar ai\patches\TMC\PATCH_000048.png,93.8741455078125,22.099058972566414,24.0,255.0,91.0,5.4815581736433465,44.29805877237118,0.1542510986328125
PATCH_000049,ch2_tmc_ncn_20211123T0119537815_b_brw_d18.png,TMC,calibrated,0,9216,256,D:\lunar ai\patches\TMC\PATCH_000049.png,88.29681396484375,21.085967305128072,15.0,255.0,91.0,5.446224122803623,42.70882774869786,0.1376190185546875
PATCH_000050,ch2_tmc_ncn_20211123T0119537815_b_brw_d18.png,TMC,calibrated,0,9408,256,D:\lunar ai\patches\TMC\PATCH_000050.png,102.3809814453125,19.153198857584375,28.0,255.0,100.0,5.295636445119924,46.0134635514607,0.1701812744140625
PATCH_000051,ch2_tmc_ncn_20211123T0119537815_b_brw_d18.png,TMC,calibrated,0,9600,256,D:\lunar ai\patches\TMC\PATCH_000051.png,100.77757263183594,19.43417071860781,26.0,255.0,100.0,5.3369851532890085,41.91252069018344,0.1282501220703125
PATCH_000052,ch2_tmc_ncn_20211123T0119537815_b_brw_d18.png,TMC,calibrated,0,9792,256,D:\lunar ai\patches\TMC\PATCH_000052.png,98.26385498046875,13.866789947909288,47.0,255.0,97.0,4.80034332734771,40.341612486294586,0.1173858642578125
PATCH_000053,ch2_tmc_ncn_20211123T0119537815_b_brw_d18.png,TMC,calibrated,0,9984,256,D:\lunar ai\patches\TMC\PATCH_000053.png,93.15838623046875,12.661315025580791,39.0,245.0,93.0,4.713718599416641,32.02798821960974,0.042510986328125
PATCH_000054,ch2_tmc_ncn_20211123T0119537815_b_brw_d18.png,TMC,calibrated,0,10176,256,D:\lunar ai\patches\TMC\PATCH_000054.png,95.37294006347656,12.577835043671543,43.0,216.0,95.0,4.730722823596011,32.96986232160398,0.0626983642578125
PATCH_000055,ch2_tmc_ncn_20211123T0119537815_b_brw_d18.png,TMC,calibrated,0,10368,256,D:\lunar ai\patches\TMC\PATCH_000055.png,105.77529907226562,19.459844101181645,15.0,255.0,104.0,5.332410087356794,50.87217540016857,0.17236328125
PATCH_000056,ch2_tmc_ncn_20211123T0119537815_b_brw_d18.png,TMC,calibrated,0,10560,256,D:\lunar ai\patches\TMC\PATCH_000056.png,114.53321838378906,27.52908830999682,11.0,255.0,114.0,5.836644331040137,71.47907779823609,0.26226806640625
PATCH_000057,ch2_tmc_ncn_20211123T0119537815_b_brw_d18.png,TMC,calibrated,0,10752,256,D:\lunar ai\patches\TMC\PATCH_000057.png,109.09515380859375,27.08807887321972,11.0,255.0,110.0,5.802471036980373,69.86237046529024,0.2687835693359375
PATCH_000058,ch2_tmc_ncn_20211123T0119537815_b_brw_d18.png,TMC,calibrated,0,10944,256,D:\lunar ai\patches\TMC\PATCH_000058.png,106.42396545410156,20.45046039981096,13.0,255.0,106.0,5.37126964688815,54.916112319047286,0.2097930908203125
PATCH_000059,ch2_tmc_ncn_20211123T0119537815_b_brw_d18.png,TMC,calibrated,0,11136,256,D:\lunar ai\patches\TMC\PATCH_000059.png,114.4342041015625,20.94043833163104,11.0,255.0,116.0,5.294224894714887,51.71051385577519,0.1854248046875
PATCH_000060,ch2_tmc_ncn_20211123T0119537815_b_brw_d18.png,TMC,calibrated,0,11328,256,D:\lunar ai\patches\TMC\PATCH_000060.png,125.65995788574219,17.951465515616896,19.0,255.0,123.0,5.159531017258859,45.755274225555965,0.15771484375
PATCH_000061,ch2_tmc_ncn_20211123T0119537815_b_brw_d18.png,TMC,calibrated,0,11520,256,D:\lunar ai\patches\TMC\PATCH_000061.png,119.22026062011719,17.25306720298141,28.0,249.0,117.0,5.138602355485503,33.603602446766665,0.071441650390625
PATCH_000062,ch2_tmc_ncn_20211123T0119537815_b_brw_d18.png,TMC,calibrated,0,11712,256,D:\lunar ai\patches\TMC\PATCH_000062.png,105.74693298339844,12.597616814091413,28.0,215.0,106.0,4.684795933418872,27.70442335425477,0.0253143310546875
PATCH_000063,ch2_tmc_ncn_20211123T0119537815_b_brw_d18.png,TMC,calibrated,0,11904,256,D:\lunar ai\patches\TMC\PATCH_000063.png,95.27375793457031,10.890411687585356,47.0,235.0,95.0,4.494639846505949,28.676117109740467,0.02557373046875
PATCH_000064,ch2_tmc_ncn_20211123T0119537815_b_brw_d18.png,TMC,calibrated,0,12096,256,D:\lunar ai\patches\TMC\PATCH_000064.png,100.75552368164062,15.76350477819769,49.0,255.0,97.0,4.9547711459350054,31.77990722302934,0.043731689453125
PATCH_000065,ch2_tmc_ncn_20211123T0119537815_b_brw_d18.png,TMC,calibrated,0,12288,256,D:\lunar ai\patches\TMC\PATCH_000065.png,107.76841735839844,19.166400163748662,55.0,255.0,106.0,5.330442817299568,37.905229492668745,0.085601806640625
PATCH_000066,ch2_tmc_ncn_20211123T0119537815_b_brw_d18.png,TMC,calibrated,0,12480,256,D:\lunar ai\patches\TMC\PATCH_000066.png,102.50495910644531,14.082916162974096,55.0,222.0,102.0,4.9013221179130655,37.04083711219124,0.090301513671875
PATCH_000067,ch2_tmc_ncn_20211123T0119537815_b_brw_d18.png,TMC,calibrated,0,12672,256,D:\lunar ai\patches\TMC\PATCH_000067.png,109.45985412597656,14.902759135862501,64.0,253.0,108.0,4.9184592727200975,37.24470945600614,0.080230712890625
PATCH_000068,ch2_tmc_ncn_20211123T0119537815_b_brw_d18.png,TMC,calibrated,0,12864,256,D:\lunar ai\patches\TMC\PATCH_000068.png,115.92637634277344,18.883896815202466,45.0,237.0,116.0,5.328855073811702,44.40211667164572,0.1370086669921875
PATCH_000069,ch2_tmc_ncn_20211123T0119537815_b_brw_d18.png,TMC,calibrated,0,13056,256,D:\lunar ai\patches\TMC\PATCH_000069.png,127.33966064453125,16.7025673516031,55.0,253.0,127.0,5.158229769746734,42.5418093061355,0.1262359619140625
PATCH_000070,ch2_tmc_ncn_20211123T0119537815_b_brw_d18.png,TMC,calibrated,0,13248,256,D:\lunar ai\patches\TMC\PATCH_000070.png,127.79521179199219,19.221825742138805,76.0,255.0,127.0,5.318816310497217,39.85050269819521,0.0936737060546875
PATCH_000071,ch2_tmc_ncn_20211123T0119537815_b_brw_d18.png,TMC,calibrated,0,13440,256,D:\lunar ai\patches\TMC\PATCH_000071.png,121.41947937011719,20.288093469890338,64.0,255.0,117.0,5.328444523353468,44.33369751087398,0.1302032470703125
PATCH_000072,ch2_tmc_ncn_20211123T0119537815_b_brw_d18.png,TMC,calibrated,0,13632,256,D:\lunar ai\patches\TMC\PATCH_000072.png,121.79135131835938,18.188570889196367,62.0,255.0,119.0,5.20955651137864,46.86831030291984,0.1597442626953125
PATCH_000073,ch2_tmc_ncn_20211123T0119537815_b_brw_d18.png,TMC,calibrated,0,13824,256,D:\lunar ai\patches\TMC\PATCH_000073.png,132.85891723632812,18.538445830964978,70.0,255.0,129.0,5.168888719128981,45.997548295398836,0.149078369140625
PATCH_000074,ch2_tmc_ncn_20211123T0119537815_b_brw_d18.png,TMC,calibrated,0,14016,256,D:\lunar ai\patches\TMC\PATCH_000074.png,136.25570678710938,17.557167570026635,68.0,255.0,133.0,5.0945709545064295,45.53319111520358,0.1499176025390625
PATCH_000075,ch2_tmc_ncn_20211123T0119537815_b_brw_d18.png,TMC,calibrated,0,14208,256,D:\lunar ai\patches\TMC\PATCH_000075.png,125.35643005371094,12.50855002411066,60.0,230.0,125.0,4.716781742661929,40.27983790612089,0.1053619384765625
PATCH_000076,ch2_tmc_ncn_20211123T0119537815_b_brw_d18.png,TMC,calibrated,0,14400,256,D:\lunar ai\patches\TMC\PATCH_000076.png,118.02642822265625,12.06717965153443,60.0,216.0,117.0,4.654157032568609,37.13169143970934,0.0827178955078125
PATCH_000077,ch2_tmc_ncn_20211123T0119537815_b_brw_d18.png,TMC,calibrated,0,14592,256,D:\lunar ai\patches\TMC\PATCH_000077.png,114.79499816894531,13.219309145467623,57.0,234.0,114.0,4.71096528088276,34.08064058943546,0.06011962890625
PATCH_000078,ch2_tmc_ncn_20211123T0119537815_b_brw_d18.png,TMC,calibrated,0,14784,256,D:\lunar ai\patches\TMC\PATCH_000078.png,118.4464111328125,15.340556345999904,57.0,255.0,116.0,4.80966414654648,34.93999897742593,0.0573577880859375
PATCH_000079,ch2_tmc_ncn_20211123T0119537815_b_brw_d18.png,TMC,calibrated,0,14976,256,D:\lunar ai\patches\TMC\PATCH_000079.png,114.53895568847656,12.004789379661704,68.0,230.0,114.0,4.6573862588645465,30.479967430467582,0.0375823974609375
PATCH_000080,ch2_tmc_ncn_20211123T0119537815_b_brw_d18.png,TMC,calibrated,0,15168,256,D:\lunar ai\patches\TMC\PATCH_000080.png,106.56721496582031,10.176503181921136,66.0,194.0,106.0,4.417784670923931,25.425691351248815,0.020172119140625
PATCH_000081,ch2_tmc_ncn_20211123T0119537815_b_brw_d18.png,TMC,calibrated,0,15360,256,D:\lunar ai\patches\TMC\PATCH_000081.png,106.48963928222656,12.21297353184357,66.0,255.0,104.0,4.599416969457836,24.662878894508424,0.017242431640625
PATCH_000082,ch2_tmc_ncn_20211123T0119537815_b_brw_d18.png,TMC,calibrated,0,15552,256,D:\lunar ai\patches\TMC\PATCH_000082.png,104.47763061523438,13.424700484804827,66.0,220.0,102.0,4.7405116110176095,24.044866110372727,0.01715087890625
PATCH_000083,ch2_tmc_ncn_20211123T0119537815_b_brw_d18.png,TMC,calibrated,0,15744,256,D:\lunar ai\patches\TMC\PATCH_000083.png,106.21368408203125,12.207891574755122,68.0,224.0,104.0,4.58203507829996,24.990519501110796,0.018524169921875
PATCH_000084,ch2_tmc_ncn_20211123T0119537815_b_brw_d18.png,TMC,calibrated,0,15936,256,D:\lunar ai\patches\TMC\PATCH_000084.png,110.57159423828125,14.059258567303987,64.0,211.0,108.0,4.644984389602778,24.840815626595685,0.022216796875
PATCH_000085,ch2_tmc_ncn_20211123T0119537815_b_brw_d18.png,TMC,calibrated,0,16128,256,D:\lunar ai\patches\TMC\PATCH_000085.png,106.50616455078125,10.779627587902123,64.0,203.0,106.0,4.509535948507043,22.401331929773963,0.01190185546875
PATCH_000086,ch2_tmc_ncn_20211123T0119537815_b_brw_d18.png,TMC,calibrated,0,16320,256,D:\lunar ai\patches\TMC\PATCH_000086.png,104.72087097167969,9.457258662238983,68.0,197.0,104.0,4.25912429230186,22.448134791948966,0.009613037109375
PATCH_000087,ch2_tmc_ncn_20211123T0119537815_b_brw_d18.png,TMC,calibrated,0,16512,256,D:\lunar ai\patches\TMC\PATCH_000087.png,105.696533203125,8.60340602081837,72.0,199.0,104.0,4.151833715841189,24.628423561031852,0.01556396484375
PATCH_000088,ch2_tmc_ncn_20211123T0119537815_b_brw_d18.png,TMC,calibrated,0,16704,256,D:\lunar ai\patches\TMC\PATCH_000088.png,103.30242919921875,7.979765912660982,66.0,201.0,102.0,4.040466237377125,24.33504874296903,0.0142364501953125
PATCH_000089,ch2_tmc_ncn_20211123T0119537815_b_brw_d18.png,TMC,calibrated,0,16896,256,D:\lunar ai\patches\TMC\PATCH_000089.png,97.24130249023438,7.395811599258212,68.0,176.0,97.0,3.988845119570865,20.09822176996864,0.0049896240234375
PATCH_000090,ch2_tmc_ncn_20211123T0119537815_b_brw_d18.png,TMC,calibrated,0,17088,256,D:\lunar ai\patches\TMC\PATCH_000090.png,95.53265380859375,8.79824357350854,70.0,201.0,95.0,4.074235986322844,19.24770352701648,0.0063934326171875
PATCH_000091,ch2_tmc_ncn_20211123T0119537815_b_brw_d18.png,TMC,calibrated,0,17280,256,D:\lunar ai\patches\TMC\PATCH_000091.png,100.87448120117188,12.87783781156847,66.0,255.0,98.0,4.682960248232076,22.13327823491027,0.0156097412109375
PATCH_000092,ch2_tmc_ncn_20211123T0119537815_b_brw_d18.png,TMC,calibrated,0,17472,256,D:\lunar ai\patches\TMC\PATCH_000092.png,103.36885070800781,13.266332828948787,66.0,245.0,100.0,4.663671992659924,20.880241462975004,0.01416015625
PATCH_000093,ch2_tmc_ncn_20211123T0119537815_b_brw_d18.png,TMC,calibrated,0,17664,256,D:\lunar ai\patches\TMC\PATCH_000093.png,96.29934692382812,8.1035675594567,62.0,196.0,95.0,4.018038521016039,19.52503535795306,0.0065765380859375
PATCH_000094,ch2_tmc_ncn_20211123T0119537815_b_brw_d18.png,TMC,calibrated,0,17856,256,D:\lunar ai\patches\TMC\PATCH_000094.png,99.04531860351562,12.178568319071843,62.0,247.0,97.0,4.487608141219229,22.111970104244893,0.0138397216796875
PATCH_000095,ch2_tmc_ncn_20211123T0119537815_b_brw_d18.png,TMC,calibrated,0,18048,256,D:\lunar ai\patches\TMC\PATCH_000095.png,107.01457214355469,16.344766248618186,68.0,255.0,104.0,5.034631759314357,24.590513032976006,0.0245361328125
PATCH_000096,ch2_tmc_ncn_20211123T0119537815_b_brw_d18.png,TMC,calibrated,0,18240,256,D:\lunar ai\patches\TMC\PATCH_000096.png,90.51303100585938,18.29701630142694,49.0,255.0,89.0,5.203065145149381,20.967988343352076,0.0054779052734375
PATCH_000097,ch2_tmc_ncn_20211123T0119537815_b_brw_d18.png,TMC,calibrated,0,18432,256,D:\lunar ai\patches\TMC\PATCH_000097.png,67.73204040527344,8.488763326124788,45.0,137.0,66.0,4.0278892317414465,16.7253485403862,0.0010833740234375
PATCH_000098,ch2_tmc_ncn_20211123T0119537815_b_brw_d18.png,TMC,calibrated,0,18624,256,D:\lunar ai\patches\TMC\PATCH_000098.png,64.41886901855469,5.525021081353137,45.0,116.0,64.0,3.461370757929239,13.730921888214844,0.0008392333984375
PATCH_000099,ch2_tmc_ncn_20211122T1925079214_b_brw_d18.png,TMC,calibrated,0,0,256,D:\lunar ai\patches\TMC\PATCH_000099.png,59.7420654296875,18.77166061429769,0.0,218.0,58.0,5.501733898921431,35.705550409023395,0.079742431640625
PATCH_000100,ch2_tmc_ncn_20211122T1925079214_b_brw_d18.png,TMC,calibrated,0,192,256,D:\lunar ai\patches\TMC\PATCH_000100.png,75.50439453125,19.243921180897896,3.0,233.0,75.0,5.4910551551408755,36.309616306936476,0.076202392578125
PATCH_000101,ch2_tmc_ncn_20211122T1925079214_b_brw_d18.png,TMC,calibrated,0,384,256,D:\lunar ai\patches\TMC\PATCH_000101.png,69.59709167480469,23.125046256576287,0.0,233.0,68.0,5.668961444432646,39.94628789354517,0.1002655029296875
PATCH_000102,ch2_tmc_ncn_20211122T1925079214_b_brw_d18.png,TMC,calibrated,0,576,256,D:\lunar ai\patches\TMC\PATCH_000102.png,62.598358154296875,14.802505396233252,0.0,178.0,61.0,5.135455716259392,36.02824700267726,0.070892333984375
PATCH_000103,ch2_tmc_ncn_20211122T1925079214_b_brw_d18.png,TMC,calibrated,0,768,256,D:\lunar ai\patches\TMC\PATCH_000103.png,57.03874206542969,12.704247236891968,0.0,175.0,56.0,4.93178225179061,28.99819216327404,0.0403594970703125
PATCH_000104,ch2_tmc_ncn_20211122T1925079214_b_brw_d18.png,TMC,calibrated,0,960,256,D:\lunar ai\patches\TMC\PATCH_000104.png,53.25035095214844,8.913264346463537,1.0,188.0,53.0,4.361382059290824,26.31474879362056,0.02532958984375
PATCH_000105,ch2_tmc_ncn_20211122T1925079214_b_brw_d18.png,TMC,calibrated,0,1152,256,D:\lunar ai\patches\TMC\PATCH_000105.png,54.4566650390625,8.742720647343633,6.0,188.0,53.0,4.3199403035313635,30.031897528126223,0.0455322265625
PATCH_000106,ch2_tmc_ncn_20211122T1925079214_b_brw_d18.png,TMC,calibrated,0,1344,256,D:\lunar ai\patches\TMC\PATCH_000106.png,56.06889343261719,9.694313023050553,0.0,171.0,55.0,4.448049579148856,32.62148817665508,0.0642852783203125
PATCH_000107,ch2_tmc_ncn_20211122T1925079214_b_brw_d18.png,TMC,calibrated,0,1536,256,D:\lunar ai\patches\TMC\PATCH_000107.png,57.43084716796875,10.25344760831815,1.0,171.0,56.0,4.5549212707541304,32.66597264734141,0.0556182861328125
PATCH_000108,ch2_tmc_ncn_20211122T1925079214_b_brw_d18.png,TMC,calibrated,0,1728,256,D:\lunar ai\patches\TMC\PATCH_000108.png,57.44746398925781,9.594162818214992,0.0,171.0,56.0,4.418332825571651,33.10966909395523,0.058074951171875
PATCH_000109,ch2_tmc_ncn_20211122T1925079214_b_brw_d18.png,TMC,calibrated,0,1920,256,D:\lunar ai\patches\TMC\PATCH_000109.png,56.70372009277344,9.038508900439918,3.0,146.0,56.0,4.344193182978495,30.929790632051322,0.0469512939453125
PATCH_000110,ch2_tmc_ncn_20211122T1925079214_b_brw_d18.png,TMC,calibrated,0,2112,256,D:\lunar ai\patches\TMC\PATCH_000110.png,56.31201171875,8.162914826979327,5.0,156.0,56.0,4.238450311352484,29.536424609637034,0.0388031005859375
PATCH_000111,ch2_tmc_ncn_20211122T1925079214_b_brw_d18.png,TMC,calibrated,0,2304,256,D:\lunar ai\patches\TMC\PATCH_000111.png,54.80120849609375,10.1252517814222,6.0,151.0,55.0,4.595671494311693,32.31886183211566,0.0585479736328125
PATCH_000112,ch2_tmc_ncn_20211122T1925079214_b_brw_d18.png,TMC,calibrated,0,2496,256,D:\lunar ai\patches\TMC\PATCH_000112.png,52.08518981933594,11.371699186018715,0.0,153.0,51.0,4.777304578271226,32.733416996767254,0.0529327392578125
PATCH_000113,ch2_tmc_ncn_20211122T1925079214_b_brw_d18.png,TMC,calibrated,0,2688,256,D:\lunar ai\patches\TMC\PATCH_000113.png,60.94915771484375,15.201665904209708,0.0,153.0,60.0,5.209472273866869,31.127753441094278,0.039703369140625
PATCH_000114,ch2_tmc_ncn_20211122T1925079214_b_brw_d18.png,TMC,calibrated,0,2880,256,D:\lunar ai\patches\TMC\PATCH_000114.png,60.74168395996094,9.803079711115378,5.0,158.0,60.0,4.541631639872305,28.359737674543695,0.0295257568359375
PATCH_000115,ch2_tmc_ncn_20211122T1925079214_b_brw_d18.png,TMC,calibrated,0,3072,256,D:\lunar ai\patches\TMC\PATCH_000115.png,55.46351623535156,13.273208024405246,0.0,156.0,55.0,4.96116207830853,27.98483757982579,0.0311126708984375
PATCH_000116,ch2_tmc_ncn_20211122T1925079214_b_brw_d18.png,TMC,calibrated,0,3264,256,D:\lunar ai\patches\TMC\PATCH_000116.png,58.52793884277344,9.765516283753357,0.0,141.0,58.0,4.515187820757501,28.273063362199768,0.0299530029296875
PATCH_000117,ch2_tmc_ncn_20211122T1925079214_b_brw_d18.png,TMC,calibrated,0,3456,256,D:\lunar ai\patches\TMC\PATCH_000117.png,49.580413818359375,13.392884588184364,1.0,148.0,51.0,4.99413244717995,27.481650817682713,0.0230560302734375
PATCH_000118,ch2_tmc_ncn_20211122T1925079214_b_brw_d18.png,TMC,calibrated,0,3648,256,D:\lunar ai\patches\TMC\PATCH_000118.png,50.25299072265625,13.815122005832839,0.0,148.0,51.0,5.057210361895505,26.294192175667504,0.014251708984375
PATCH_000119,ch2_tmc_ncn_20211122T1925079214_b_brw_d18.png,TMC,calibrated,0,3840,256,D:\lunar ai\patches\TMC\PATCH_000119.png,64.89199829101562,24.09960915779737,1.0,190.0,58.0,5.179901859511576,29.130468834540373,0.04852294921875
PATCH_000120,ch2_tmc_ncn_20211122T1925079214_b_brw_d18.png,TMC,calibrated,0,4032,256,D:\lunar ai\patches\TMC\PATCH_000120.png,60.37214660644531,20.394597731863264,5.0,181.0,55.0,5.081621162647111,27.58117967335049,0.0308074951171875
PATCH_000121,ch2_tmc_ncn_20211122T1925079214_b_brw_d18.png,TMC,calibrated,0,4224,256,D:\lunar ai\patches\TMC\PATCH_000121.png,58.415924072265625,10.414720901828574,8.0,156.0,58.0,4.603911507329918,26.20426863400571,0.0216217041015625
PATCH_000122,ch2_tmc_ncn_20211122T1925079214_b_brw_d18.png,TMC,calibrated,0,4416,256,D:\lunar ai\patches\TMC\PATCH_000122.png,63.73817443847656,12.148384957174997,15.0,156.0,61.0,4.846600193972493,27.65786769266113,0.0263671875
PATCH_000123,ch2_tmc_ncn_20211122T1925079214_b_brw_d18.png,TMC,calibrated,0,4608,256,D:\lunar ai\patches\TMC\PATCH_000123.png,62.60368347167969,10.502639780771954,5.0,133.0,61.0,4.622874581455438,25.96205759360371,0.0198974609375
PATCH_000124,ch2_tmc_ncn_20211122T1925079214_b_brw_d18.png,TMC,calibrated,0,4800,256,D:\lunar ai\patches\TMC\PATCH_000124.png,64.22671508789062,8.584929304169872,1.0,178.0,63.0,4.327527588323292,27.851337064644863,0.0195465087890625
PATCH_000125,ch2_tmc_ncn_20211122T1925079214_b_brw_d18.png,TMC,calibrated,0,4992,256,D:\lunar ai\patches\TMC\PATCH_000125.png,66.87228393554688,10.04542828976691,10.0,165.0,65.0,4.527523603500784,31.57612707745202,0.040771484375
PATCH_000126,ch2_tmc_ncn_20211122T1925079214_b_brw_d18.png,TMC,calibrated,0,5184,256,D:\lunar ai\patches\TMC\PATCH_000126.png,73.80403137207031,28.536261843023958,1.0,255.0,66.0,5.544142745356776,41.9107098352786,0.1120147705078125
PATCH_000127,ch2_tmc_ncn_20211122T1925079214_b_brw_d18.png,TMC,calibrated,0,5376,256,D:\lunar ai\patches\TMC\PATCH_000127.png,92.71759033203125,55.72494301765102,0.0,255.0,86.0,6.711331838560525,56.93936135197886,0.23785400390625
PATCH_000128,ch2_tmc_ncn_20211122T1925079214_b_brw_d18.png,TMC,calibrated,0,5568,256,D:\lunar ai\patches\TMC\PATCH_000128.png,58.9619140625,28.521423034664704,0.0,196.0,63.0,5.493489441179799,33.7684779131658,0.0843048095703125
PATCH_000129,ch2_tmc_ncn_20211122T1925079214_b_brw_d18.png,TMC,calibrated,0,5760,256,D:\lunar ai\patches\TMC\PATCH_000129.png,63.45826721191406,9.271600904135727,5.0,158.0,63.0,4.357458511315344,26.47277889127388,0.02581787109375
PATCH_000130,ch2_tmc_ncn_20211122T1925079214_b_brw_d18.png,TMC,calibrated,0,5952,256,D:\lunar ai\patches\TMC\PATCH_000130.png,62.08207702636719,13.423903861406986,5.0,155.0,63.0,4.998334808939924,26.807828076842824,0.0237579345703125
PATCH_000131,ch2_tmc_ncn_20211122T1925079214_b_brw_d18.png,TMC,calibrated,0,6144,256,D:\lunar ai\patches\TMC\PATCH_000131.png,55.455718994140625,16.741533785742593,5.0,155.0,53.0,5.3282711700762295,28.15799086816996,0.027557373046875
PATCH_000132,ch2_tmc_ncn_20211122T1925079214_b_brw_d18.png,TMC,calibrated,0,6336,256,D:\lunar ai\patches\TMC\PATCH_000132.png,75.93020629882812,24.31627690841945,6.0,203.0,75.0,5.857873983723049,37.654711233455316,0.0979766845703125
PATCH_000133,ch2_tmc_ncn_20211122T1925079214_b_brw_d18.png,TMC,calibrated,0,6528,256,D:\lunar ai\patches\TMC\PATCH_000133.png,81.11441040039062,18.470917870771828,21.0,225.0,81.0,5.483160607547514,39.668216533187795,0.104248046875
PATCH_000134,ch2_tmc_ncn_20211122T1925079214_b_brw_d18.png,TMC,calibrated,0,6720,256,D:\lunar ai\patches\TMC\PATCH_000134.png,82.87576293945312,18.533093710097077,25.0,208.0,81.0,5.468918672563484,38.44628230529774,0.100494384765625
PATCH_000135,ch2_tmc_ncn_20211122T1925079214_b_brw_d18.png,TMC,calibrated,0,6912,256,D:\lunar ai\patches\TMC\PATCH_000135.png,70.550537109375,15.990088550111903,16.0,175.0,70.0,5.277180264899873,31.56564688278983,0.04949951171875
PATCH_000136,ch2_tmc_ncn_20211122T1925079214_b_brw_d18.png,TMC,calibrated,0,7104,256,D:\lunar ai\patches\TMC\PATCH_000136.png,73.0174560546875,10.776568581583685,21.0,206.0,71.0,4.6560667747998945,29.363478944036988,0.02587890625
PATCH_000137,ch2_tmc_ncn_20211122T1925079214_b_brw_d18.png,TMC,calibrated,0,7296,256,D:\lunar ai\patches\TMC\PATCH_000137.png,71.29827880859375,11.290212180489297,8.0,206.0,71.0,4.728489140110348,28.818945858828826,0.024017333984375
PATCH_000138,ch2_tmc_ncn_20211122T1925079214_b_brw_d18.png,TMC,calibrated,0,7488,256,D:\lunar ai\patches\TMC\PATCH_000138.png,64.73548889160156,11.510921234950953,13.0,156.0,65.0,4.79214177741326,29.962587137012186,0.0352630615234375
PATCH_000139,ch2_tmc_ncn_20211122T1925079214_b_brw_d18.png,TMC,calibrated,0,7680,256,D:\lunar ai\patches\TMC\PATCH_000139.png,72.32826232910156,18.58077240968101,6.0,188.0,71.0,5.467930023855696,33.88626604303316,0.066558837890625
PATCH_000140,ch2_tmc_ncn_20211122T1925079214_b_brw_d18.png,TMC,calibrated,0,7872,256,D:\lunar ai\patches\TMC\PATCH_000140.png,81.42826843261719,17.119586524382957,6.0,205.0,83.0,5.232402083836851,35.39649389322304,0.06988525390625
PATCH_000141,ch2_tmc_ncn_20211122T1925079214_b_brw_d18.png,TMC,calibrated,0,8064,256,D:\lunar ai\patches\TMC\PATCH_000141.png,83.30412292480469,11.524593113391267,35.0,183.0,83.0,4.8003969620557285,33.938350206693045,0.0502166748046875
PATCH_000142,ch2_tmc_ncn_20211122T1925079214_b_brw_d18.png,TMC,calibrated,0,8256,256,D:\lunar ai\patches\TMC\PATCH_000142.png,82.3843994140625,10.716879427734241,36.0,185.0,81.0,4.684061063536145,34.20455768558227,0.047332763671875
PATCH_000143,ch2_tmc_ncn_20211122T1925079214_b_brw_d18.png,TMC,calibrated,0,8448,256,D:\lunar ai\patches\TMC\PATCH_000143.png,88.26988220214844,12.806123123391236,30.0,225.0,86.0,4.9130693916574755,36.97309226575927,0.0623626708984375
PATCH_000144,ch2_tmc_ncn_20211122T1925079214_b_brw_d18.png,TMC,calibrated,0,8640,256,D:\lunar ai\patches\TMC\PATCH_000144.png,93.13676452636719,14.46659801695112,26.0,243.0,93.0,5.124372668551834,38.19482662729169,0.07421875
PATCH_000145,ch2_tmc_ncn_20211122T1925079214_b_brw_d18.png,TMC,calibrated,0,8832,256,D:\lunar ai\patches\TMC\PATCH_000145.png,84.113525390625,12.233021314132154,26.0,198.0,83.0,4.818993269856267,34.937271201931935,0.047576904296875
PATCH_000146,ch2_tmc_ncn_20211122T1925079214_b_brw_d18.png,TMC,calibrated,0,9024,256,D:\lunar ai\patches\TMC\PATCH_000146.png,79.74186706542969,9.844328298013362,33.0,195.0,78.0,4.4974815574004285,32.385178823629516,0.0380096435546875
PATCH_000147,ch2_tmc_ncn_20211122T1925079214_b_brw_d18.png,TMC,calibrated,0,9216,256,D:\lunar ai\patches\TMC\PATCH_000147.png,75.9935302734375,9.168423322404463,43.0,213.0,75.0,4.378517500096974,28.396831235221146,0.02191162109375
PATCH_000148,ch2_tmc_ncn_20211122T1925079214_b_brw_d18.png,TMC,calibrated,0,9408,256,D:\lunar ai\patches\TMC\PATCH_000148.png,73.75367736816406,11.203566701103917,31.0,213.0,73.0,4.745257273291276,27.452767616250078,0.0178680419921875
PATCH_000149,ch2_tmc_ncn_20211122T1925079214_b_brw_d18.png,TMC,calibrated,0,9600,256,D:\lunar ai\patches\TMC\PATCH_000149.png,75.60661315917969,11.442083784843032,21.0,198.0,76.0,4.795396473553834,28.149933286308638,0.0242919921875
PATCH_000150,ch2_tmc_ncn_20211122T1925079214_b_brw_d18.png,TMC,calibrated,0,9792,256,D:\lunar ai\patches\TMC\PATCH_000150.png,77.95162963867188,12.498412170852744,31.0,203.0,76.0,4.858466083575808,27.216636082854432,0.01995849609375
PATCH_000151,ch2_tmc_ncn_20211122T1925079214_b_brw_d18.png,TMC,calibrated,0,9984,256,D:\lunar ai\patches\TMC\PATCH_000151.png,88.07470703125,14.373267683055884,15.0,255.0,88.0,5.104442955927407,36.993641405607576,0.0921173095703125
PATCH_000152,ch2_tmc_ncn_20211122T1925079214_b_brw_d18.png,TMC,calibrated,0,10176,256,D:\lunar ai\patches\TMC\PATCH_000152.png,97.76936340332031,29.108539151102182,8.0,255.0,91.0,5.680650959834358,56.619057320677626,0.2122650146484375
PATCH_000153,ch2_tmc_ncn_20211122T1925079214_b_brw_d18.png,TMC,calibrated,0,10368,256,D:\lunar ai\patches\TMC\PATCH_000153.png,117.10476684570312,41.48430744441103,6.0,255.0,105.0,6.481679368540194,72.55906176726921,0.28167724609375
PATCH_000154,ch2_tmc_ncn_20211122T1925079214_b_brw_d18.png,TMC,calibrated,0,10560,256,D:\lunar ai\patches\TMC\PATCH_000154.png,122.24754333496094,28.840469151800377,18.0,255.0,116.0,5.973152064869506,59.03514066026166,0.2247161865234375
PATCH_000155,ch2_tmc_ncn_20211122T1925079214_b_brw_d18.png,TMC,calibrated,0,10752,256,D:\lunar ai\patches\TMC\PATCH_000155.png,119.82054138183594,19.98717254778556,10.0,253.0,120.0,5.563201945111062,63.11141942751964,0.25506591796875
PATCH_000156,ch2_tmc_ncn_20211122T1925079214_b_brw_d18.png,TMC,calibrated,0,10944,256,D:\lunar ai\patches\TMC\PATCH_000156.png,118.16830444335938,20.65781731669943,15.0,240.0,116.0,5.6340389037671095,72.2772163098864,0.2943878173828125
PATCH_000157,ch2_tmc_ncn_20211122T1925079214_b_brw_d18.png,TMC,calibrated,0,11136,256,D:\lunar ai\patches\TMC\PATCH_000157.png,117.60246276855469,22.965549695502762,10.0,255.0,116.0,5.762665404147337,76.6037763323097,0.307586669921875
PATCH_000158,ch2_tmc_ncn_20211122T1925079214_b_brw_d18.png,TMC,calibrated,0,11328,256,D:\lunar ai\patches\TMC\PATCH_000158.png,110.1351318359375,26.543522423533673,5.0,255.0,110.0,5.998382051727263,84.08459266109277,0.316619873046875
PATCH_000159,ch2_tmc_ncn_20211122T1925079214_b_brw_d18.png,TMC,calibrated,0,11520,256,D:\lunar ai\patches\TMC\PATCH_000159.png,111.26884460449219,24.661473321800496,6.0,255.0,110.0,5.877591910605893,70.62431684639421,0.28143310546875
PATCH_000160,ch2_tmc_ncn_20211122T1925079214_b_brw_d18.png,TMC,calibrated,0,11712,256,D:\lunar ai\patches\TMC\PATCH_000160.png,110.14785766601562,19.967516367539158,13.0,255.0,108.0,5.561460834707044,60.2057010566177,0.24261474609375
PATCH_000161,ch2_tmc_ncn_20211122T1925079214_b_brw_d18.png,TMC,calibrated,0,11904,256,D:\lunar ai\patches\TMC\PATCH_000161.png,99.39491271972656,15.556679865917216,15.0,255.0,96.0,5.128287001099933,47.09743036152925,0.17205810546875
PATCH_000162,ch2_tmc_ncn_20211122T1925079214_b_brw_d18.png,TMC,calibrated,0,12096,256,D:\lunar ai\patches\TMC\PATCH_000162.png,89.00758361816406,12.028777413679126,26.0,238.0,88.0,4.810867592503962,30.05870790245247,0.0426177978515625
PATCH_000163,ch2_tmc_ncn_20211122T1925079214_b_brw_d18.png,TMC,calibrated,0,12288,256,D:\lunar ai\patches\TMC\PATCH_000163.png,81.59953308105469,8.475452427414687,48.0,195.0,81.0,4.296326501522836,25.608135287093305,0.008697509765625
PATCH_000164,ch2_tmc_ncn_20211122T1925079214_b_brw_d18.png,TMC,calibrated,0,12480,256,D:\lunar ai\patches\TMC\PATCH_000164.png,85.20542907714844,11.412099385969196,40.0,200.0,83.0,4.671769562089901,30.651639220964956,0.03802490234375
PATCH_000165,ch2_tmc_ncn_20211122T1925079214_b_brw_d18.png,TMC,calibrated,0,12672,256,D:\lunar ai\patches\TMC\PATCH_000165.png,89.74191284179688,16.571159069110724,43.0,251.0,88.0,5.311999773166494,33.42546699930485,0.0519866943359375
PATCH_000166,ch2_tmc_ncn_20211122T1925079214_b_brw_d18.png,TMC,calibrated,0,12864,256,D:\lunar ai\patches\TMC\PATCH_000166.png,94.31471252441406,15.900648674446835,43.0,216.0,95.0,5.267129466611804,32.78590395772359,0.044921875
PATCH_000167,ch2_tmc_ncn_20211122T1925079214_b_brw_d18.png,TMC,calibrated,0,13056,256,D:\lunar ai\patches\TMC\PATCH_000167.png,92.79653930664062,10.988792296646427,53.0,208.0,93.0,4.69485995075042,31.497248606066925,0.0350494384765625
PATCH_000168,ch2_tmc_ncn_20211122T1925079214_b_brw_d18.png,TMC,calibrated,0,13248,256,D:\lunar ai\patches\TMC\PATCH_000168.png,94.61045837402344,11.021481704261625,53.0,255.0,95.0,4.677495406011667,33.56651042153077,0.0418853759765625
PATCH_000169,ch2_tmc_ncn_20211122T1925079214_b_brw_d18.png,TMC,calibrated,0,13440,256,D:\lunar ai\patches\TMC\PATCH_000169.png,100.07962036132812,11.506912503096622,55.0,255.0,100.0,4.738190504209146,35.39861789497514,0.0558624267578125
PATCH_000170,ch2_tmc_ncn_20211122T1925079214_b_brw_d18.png,TMC,calibrated,0,13632,256,D:\lunar ai\patches\TMC\PATCH_000170.png,101.73771667480469,11.63447208659214,53.0,233.0,101.0,4.732825642559909,37.4680499887823,0.0732421875
PATCH_000171,ch2_tmc_ncn_20211122T1925079214_b_brw_d18.png,TMC,calibrated,0,13824,256,D:\lunar ai\patches\TMC\PATCH_000171.png,100.02760314941406,15.505509445005353,46.0,236.0,98.0,5.027618781913768,42.61669533753285,0.113525390625
PATCH_000172,ch2_tmc_ncn_20211122T1925079214_b_brw_d18.png,TMC,calibrated,0,14016,256,D:\lunar ai\patches\TMC\PATCH_000172.png,98.81315612792969,17.368007695074894,45.0,255.0,96.0,5.299583693817654,43.943075250866556,0.140594482421875
PATCH_000173,ch2_tmc_ncn_20211122T1925079214_b_brw_d18.png,TMC,calibrated,0,14208,256,D:\lunar ai\patches\TMC\PATCH_000173.png,107.19720458984375,17.88979227041641,45.0,230.0,106.0,5.453974980456815,40.42319904868819,0.113250732421875
PATCH_000174,ch2_tmc_ncn_20211122T1925079214_b_brw_d18.png,TMC,calibrated,0,14400,256,D:\lunar ai\patches\TMC\PATCH_000174.png,112.56072998046875,16.29597626369928,55.0,243.0,110.0,5.1941734020173005,41.336249861092604,0.1127471923828125
PATCH_000175,ch2_tmc_ncn_20211122T1925079214_b_brw_d18.png,TMC,calibrated,0,14592,256,D:\lunar ai\patches\TMC\PATCH_000175.png,112.64891052246094,18.600583361516442,46.0,245.0,110.0,5.400451777526252,45.598337952672594,0.1548614501953125
PATCH_000176,ch2_tmc_ncn_20211122T1925079214_b_brw_d18.png,TMC,calibrated,0,14784,256,D:\lunar ai\patches\TMC\PATCH_000176.png,110.27267456054688,14.629496767956168,50.0,226.0,108.0,5.0250742580257395,42.78050049785304,0.1239166259765625
PATCH_000177,ch2_tmc_ncn_20211122T1925079214_b_brw_d18.png,TMC,calibrated,0,14976,256,D:\lunar ai\patches\TMC\PATCH_000177.png,116.82658386230469,20.509697132746155,50.0,226.0,113.0,5.537220074116441,40.3633520177702,0.1064453125
PATCH_000178,ch2_tmc_ncn_20211122T1925079214_b_brw_d18.png,TMC,calibrated,0,15168,256,D:\lunar ai\patches\TMC\PATCH_000178.png,107.64158630371094,14.016492785922598,55.0,208.0,106.0,5.073891672851694,34.29313109072277,0.0629730224609375
PATCH_000179,ch2_tmc_ncn_20211122T1925079214_b_brw_d18.png,TMC,calibrated,0,15360,256,D:\lunar ai\patches\TMC\PATCH_000179.png,106.54324340820312,12.174255027573432,58.0,206.0,105.0,4.832312421392075,34.05378107535752,0.067657470703125
PATCH_000180,ch2_tmc_ncn_20211122T1925079214_b_brw_d18.png,TMC,calibrated,0,15552,256,D:\lunar ai\patches\TMC\PATCH_000180.png,112.33242797851562,15.461122904662663,60.0,236.0,110.0,5.190011015849169,36.56154567262554,0.0796051025390625
PATCH_000181,ch2_tmc_ncn_20211122T1925079214_b_brw_d18.png,TMC,calibrated,0,15744,256,D:\lunar ai\patches\TMC\PATCH_000181.png,111.29180908203125,17.27520919788637,56.0,236.0,110.0,5.377441287240414,35.41196600287768,0.071319580078125
PATCH_000182,ch2_tmc_ncn_20211122T1925079214_b_brw_d18.png,TMC,calibrated,0,15936,256,D:\lunar ai\patches\TMC\PATCH_000182.png,112.31004333496094,12.934890398064395,68.0,200.0,111.0,4.971742476657848,36.37613057839695,0.0859375
PATCH_000183,ch2_tmc_ncn_20211122T1925079214_b_brw_d18.png,TMC,calibrated,0,16128,256,D:\lunar ai\patches\TMC\PATCH_000183.png,113.21046447753906,14.443374066856384,68.0,225.0,113.0,5.133552010349911,35.05590222444936,0.0696258544921875
PATCH_000184,ch2_tmc_ncn_20211122T1925079214_b_brw_d18.png,TMC,calibrated,0,16320,256,D:\lunar ai\patches\TMC\PATCH_000184.png,109.43601989746094,15.566282117716938,46.0,255.0,108.0,5.232720012143151,30.491441343064423,0.0356292724609375
PATCH_000185,ch2_tmc_ncn_20211122T1925079214_b_brw_d18.png,TMC,calibrated,0,16512,256,D:\lunar ai\patches\TMC\PATCH_000185.png,110.122802734375,17.562686659543882,60.0,255.0,106.0,5.286925516938535,30.082729489106462,0.0406341552734375
PATCH_000186,ch2_tmc_ncn_20211122T1925079214_b_brw_d18.png,TMC,calibrated,0,16704,256,D:\lunar ai\patches\TMC\PATCH_000186.png,115.79512023925781,19.51762340252167,65.0,255.0,115.0,5.51963218160047,28.85520625167815,0.0344085693359375
PATCH_000187,ch2_tmc_ncn_20211122T1925079214_b_brw_d18.png,TMC,calibrated,0,16896,256,D:\lunar ai\patches\TMC\PATCH_000187.png,108.95414733886719,16.802812001608444,65.0,228.0,108.0,5.316148001231129,28.641897086406146,0.0290679931640625
PATCH_000188,ch2_tmc_ncn_20211122T1925079214_b_brw_d18.png,TMC,calibrated,0,17088,256,D:\lunar ai\patches\TMC\PATCH_000188.png,97.567626953125,10.81660182689273,60.0,188.0,96.0,4.697281730497471,24.779305997195735,0.013214111328125
PATCH_000189,ch2_tmc_ncn_20211122T1925079214_b_brw_d18.png,TMC,calibrated,0,17280,256,D:\lunar ai\patches\TMC\PATCH_000189.png,95.22618103027344,9.130936303643393,61.0,225.0,95.0,4.394256544066444,23.376929404872804,0.0130615234375
PATCH_000190,ch2_tmc_ncn_20211122T1925079214_b_brw_d18.png,TMC,calibrated,0,17472,256,D:\lunar ai\patches\TMC\PATCH_000190.png,100.03407287597656,16.501562294380907,60.0,208.0,96.0,5.033326411395713,27.036936059301752,0.0263519287109375
PATCH_000191,ch2_tmc_ncn_20211122T1925079214_b_brw_d18.png,TMC,calibrated,0,17664,256,D:\lunar ai\patches\TMC\PATCH_000191.png,112.65797424316406,22.1488317358613,65.0,221.0,105.0,5.49320290806277,30.20375554006309,0.0419921875
PATCH_000192,ch2_tmc_ncn_20211122T1925079214_b_brw_d18.png,TMC,calibrated,0,17856,256,D:\lunar ai\patches\TMC\PATCH_000192.png,109.89851379394531,16.406565294237616,63.0,213.0,106.0,5.1518031847822146,28.532907700979635,0.0351409912109375
PATCH_000193,ch2_tmc_ncn_20211122T1925079214_b_brw_d18.png,TMC,calibrated,0,18048,256,D:\lunar ai\patches\TMC\PATCH_000193.png,94.59040832519531,9.636911393076966,56.0,183.0,95.0,4.523735139583554,22.46837086009897,0.009765625
PATCH_000194,ch2_tmc_ncn_20211122T1925079214_b_brw_d18.png,TMC,calibrated,0,18240,256,D:\lunar ai\patches\TMC\PATCH_000194.png,97.90068054199219,9.585901310330389,60.0,213.0,96.0,4.481097062546421,23.8190438191186,0.017852783203125
PATCH_000195,ch2_tmc_ncn_20211122T1925079214_b_brw_d18.png,TMC,calibrated,0,18432,256,D:\lunar ai\patches\TMC\PATCH_000195.png,99.85377502441406,11.312725069829034,60.0,213.0,98.0,4.663213189483516,26.261715574648537,0.0312042236328125
PATCH_000196,ch2_tmc_ncn_20211122T1925079214_b_brw_d18.png,TMC,calibrated,0,18624,256,D:\lunar ai\patches\TMC\PATCH_000196.png,95.53993225097656,9.108960828668799,60.0,213.0,95.0,4.366592170086914,23.513346394496498,0.0112152099609375
PATCH_000197,ch2_tmc_ncn_20211122T1925079214_b_brw_d18.png,TMC,calibrated,0,18816,256,D:\lunar ai\patches\TMC\PATCH_000197.png,96.1043701171875,9.947294661747115,61.0,193.0,95.0,4.512008796776991,24.291286029688806,0.013092041015625
PATCH_000198,ch2_tmc_ncn_20211122T1925079214_b_brw_d18.png,TMC,calibrated,0,19008,256,D:\lunar ai\patches\TMC\PATCH_000198.png,91.58981323242188,9.750589487352038,61.0,210.0,90.0,4.5005018332765605,21.99641014598624,0.011016845703125
PATCH_000199,ch2_tmc_ncn_20211122T1925079214_b_brw_d18.png,TMC,calibrated,0,19200,256,D:\lunar ai\patches\TMC\PATCH_000199.png,84.97799682617188,11.233352395695968,51.0,183.0,85.0,4.7380913258631825,21.576785438335506,0.0118560791015625
PATCH_000200,ch2_tmc_ncf_20260701T0716265753_b_brw_d18.png,TMC,calibrated,0,0,256,D:\lunar ai\patches\TMC\PATCH_000200.png,37.639190673828125,10.728224094233159,15.0,217.0,35.0,3.930717386522177,20.597072142255122,0.0096588134765625
PATCH_000201,ch2_tmc_ncf_20260701T0716265753_b_brw_d18.png,TMC,calibrated,0,192,256,D:\lunar ai\patches\TMC\PATCH_000201.png,43.472808837890625,14.636940042731995,13.0,217.0,42.0,4.612879900406584,22.644964346706182,0.01190185546875
PATCH_000202,ch2_tmc_ncf_20260701T0716265753_b_brw_d18.png,TMC,calibrated,0,384,256,D:\lunar ai\patches\TMC\PATCH_000202.png,61.173553466796875,25.32121703287964,13.0,255.0,57.0,5.409690688548407,25.105782513741318,0.013916015625
PATCH_000203,ch2_tmc_ncf_20260701T0716265753_b_brw_d18.png,TMC,calibrated,0,576,256,D:\lunar ai\patches\TMC\PATCH_000203.png,95.981689453125,22.761246478115932,13.0,255.0,99.0,5.283046005352933,31.63771917282915,0.0378265380859375
PATCH_000204,ch2_tmc_ncf_20260701T0716265753_b_brw_d18.png,TMC,calibrated,0,768,256,D:\lunar ai\patches\TMC\PATCH_000204.png,106.41551208496094,15.895567630264296,64.0,255.0,106.0,4.7846476840371555,32.982980469285195,0.0510101318359375
PATCH_000205,ch2_tmc_ncf_20260701T0716265753_b_brw_d18.png,TMC,calibrated,0,960,256,D:\lunar ai\patches\TMC\PATCH_000205.png,96.60179138183594,19.761078617175563,55.0,255.0,97.0,5.102590127367038,31.92483073353745,0.046905517578125
PATCH_000206,ch2_tmc_ncf_20260701T0716265753_b_brw_d18.png,TMC,calibrated,0,1152,256,D:\lunar ai\patches\TMC\PATCH_000206.png,95.89897155761719,20.24904605480975,55.0,255.0,93.0,5.0684875294138205,30.65549762866174,0.0391693115234375
PATCH_000207,ch2_tmc_ncf_20260701T0716265753_b_brw_d18.png,TMC,calibrated,0,1344,256,D:\lunar ai\patches\TMC\PATCH_000207.png,105.97602844238281,29.047111218078157,62.0,255.0,97.0,5.476154290497118,34.184303467401186,0.0764312744140625
PATCH_000208,ch2_tmc_ncf_20260701T0716265753_b_brw_d18.png,TMC,calibrated,0,1536,256,D:\lunar ai\patches\TMC\PATCH_000208.png,91.75558471679688,22.12929858020264,64.0,255.0,86.0,4.735942159244007,31.636047107208725,0.04736328125
PATCH_000209,ch2_tmc_ncf_20260701T0716265753_b_brw_d18.png,TMC,calibrated,0,1728,256,D:\lunar ai\patches\TMC\PATCH_000209.png,86.75349426269531,13.790777989414224,62.0,237.0,84.0,4.349341517614983,28.67616545553016,0.0260467529296875
PATCH_000210,ch2_tmc_ncf_20260701T0716265753_b_brw_d18.png,TMC,calibrated,0,1920,256,D:\lunar ai\patches\TMC\PATCH_000210.png,86.1033935546875,10.520828228735237,62.0,243.0,84.0,4.103813683937396,29.001231710583575,0.0251007080078125
PATCH_000211,ch2_tmc_ncf_20260701T0716265753_b_brw_d18.png,TMC,calibrated,0,2112,256,D:\lunar ai\patches\TMC\PATCH_000211.png,91.99603271484375,11.801532457383649,64.0,230.0,90.0,4.284258672731967,33.27246623089147,0.044891357421875
PATCH_000212,ch2_tmc_ncf_20260701T0716265753_b_brw_d18.png,TMC,calibrated,0,2304,256,D:\lunar ai\patches\TMC\PATCH_000212.png,97.883544921875,13.237847979297165,70.0,239.0,97.0,4.491122904596642,35.85107630151706,0.06793212890625
PATCH_000213,ch2_tmc_ncf_20260701T0716265753_b_brw_d18.png,TMC,calibrated,0,2496,256,D:\lunar ai\patches\TMC\PATCH_000213.png,98.2459716796875,14.84605704549279,64.0,255.0,97.0,4.694094458712831,36.447728776422345,0.074554443359375
PATCH_000214,ch2_tmc_ncf_20260701T0716265753_b_brw_d18.png,TMC,calibrated,0,2688,256,D:\lunar ai\patches\TMC\PATCH_000214.png,99.8321533203125,15.429068266116307,64.0,255.0,97.0,4.7364827640888505,35.857979089797205,0.0661163330078125
PATCH_000215,ch2_tmc_ncf_20260701T0716265753_b_brw_d18.png,TMC,calibrated,0,2880,256,D:\lunar ai\patches\TMC\PATCH_000215.png,102.28565979003906,18.290329427310766,64.0,246.0,97.0,4.913641492572328,36.01015833265524,0.0804595947265625
PATCH_000216,ch2_tmc_ncf_20260701T0716265753_b_brw_d18.png,TMC,calibrated,0,3072,256,D:\lunar ai\patches\TMC\PATCH_000216.png,95.36372375488281,17.788477031863682,55.0,255.0,93.0,4.925740438905356,36.32530989970199,0.075042724609375
PATCH_000217,ch2_tmc_ncf_20260701T0716265753_b_brw_d18.png,TMC,calibrated,0,3264,256,D:\lunar ai\patches\TMC\PATCH_000217.png,83.31280517578125,15.592909181431278,53.0,212.0,82.0,4.698114638274915,32.484359765544355,0.049591064453125
PATCH_000218,ch2_tmc_ncf_20260701T0716265753_b_brw_d18.png,TMC,calibrated,0,3456,256,D:\lunar ai\patches\TMC\PATCH_000218.png,81.93533325195312,13.985145286005483,51.0,235.0,79.0,4.542389333520044,31.786771286409255,0.047027587890625
PATCH_000219,ch2_tmc_ncf_20260701T0716265753_b_brw_d18.png,TMC,calibrated,0,3648,256,D:\lunar ai\patches\TMC\PATCH_000219.png,87.49325561523438,13.875560312855693,53.0,235.0,86.0,4.5606434767472095,35.40286050658769,0.062713623046875
PATCH_000220,ch2_tmc_ncf_20260701T0716265753_b_brw_d18.png,TMC,calibrated,0,3840,256,D:\lunar ai\patches\TMC\PATCH_000220.png,99.71499633789062,14.85323026907804,59.0,255.0,97.0,4.6813159161348,42.289386006387474,0.1165313720703125
PATCH_000221,ch2_tmc_ncf_20260701T0716265753_b_brw_d18.png,TMC,calibrated,0,4032,256,D:\lunar ai\patches\TMC\PATCH_000221.png,106.23802185058594,17.640576603067224,68.0,255.0,104.0,4.8298023525114715,47.573534637725054,0.1490020751953125
PATCH_000222,ch2_tmc_ncf_20260701T0716265753_b_brw_d18.png,TMC,calibrated,0,4224,256,D:\lunar ai\patches\TMC\PATCH_000222.png,96.91671752929688,16.052964021445497,64.0,255.0,95.0,4.645538334114866,44.53340337721513,0.1258697509765625
PATCH_000223,ch2_tmc_ncf_20260701T0716265753_b_brw_d18.png,TMC,calibrated,0,4416,256,D:\lunar ai\patches\TMC\PATCH_000223.png,102.07464599609375,16.378659292547756,64.0,255.0,99.0,4.780250487339506,46.44416136500915,0.1492919921875
PATCH_000224,ch2_tmc_ncf_20260701T0716265753_b_brw_d18.png,TMC,calibrated,0,4608,256,D:\lunar ai\patches\TMC\PATCH_000224.png,107.38764953613281,16.32648894854435,64.0,255.0,106.0,4.804256484834115,50.75934382037315,0.1947174072265625
PATCH_000225,ch2_tmc_ncf_20260701T0716265753_b_brw_d18.png,TMC,calibrated,0,4800,256,D:\lunar ai\patches\TMC\PATCH_000225.png,118.591552734375,18.844421550304443,70.0,255.0,115.0,4.967050290502669,57.66253727297652,0.252166748046875
PATCH_000226,ch2_tmc_ncf_20260701T0716265753_b_brw_d18.png,TMC,calibrated,0,4992,256,D:\lunar ai\patches\TMC\PATCH_000226.png,125.12918090820312,22.685277187252684,68.0,255.0,121.0,5.287604049770161,62.40860675015305,0.271209716796875
PATCH_000227,ch2_tmc_ncf_20260701T0716265753_b_brw_d18.png,TMC,calibrated,0,5184,256,D:\lunar ai\patches\TMC\PATCH_000227.png,110.85090637207031,21.5080105096968,57.0,255.0,108.0,5.161867469224206,59.067556476741025,0.2348785400390625
PATCH_000228,ch2_tmc_ncf_20260701T0716265753_b_brw_d18.png,TMC,calibrated,0,5376,256,D:\lunar ai\patches\TMC\PATCH_000228.png,100.39700317382812,20.81802827065106,48.0,255.0,97.0,5.184635025230001,54.48780594759178,0.2046356201171875
PATCH_000229,ch2_tmc_ncf_20260701T0716265753_b_brw_d18.png,TMC,calibrated,0,5568,256,D:\lunar ai\patches\TMC\PATCH_000229.png,95.14117431640625,19.571056254277394,46.0,255.0,93.0,5.056515148265423,51.078371210954394,0.1826171875
PATCH_000230,ch2_tmc_ncf_20260701T0716265753_b_brw_d18.png,TMC,calibrated,0,5760,256,D:\lunar ai\patches\TMC\PATCH_000230.png,98.17445373535156,18.718561888680302,53.0,255.0,95.0,5.005250642892592,54.04026308000029,0.209136962890625
PATCH_000231,ch2_tmc_ncf_20260701T0716265753_b_brw_d18.png,TMC,calibrated,0,5952,256,D:\lunar ai\patches\TMC\PATCH_000231.png,93.74649047851562,21.314086566052346,42.0,255.0,90.0,5.128736118515214,57.98523229448613,0.2246551513671875
PATCH_000232,ch2_tmc_ncf_20260701T0716265753_b_brw_d18.png,TMC,calibrated,0,6144,256,D:\lunar ai\patches\TMC\PATCH_000232.png,84.50491333007812,19.43557834476545,39.0,255.0,82.0,4.954715504584678,54.52093928946057,0.2028656005859375
PATCH_000233,ch2_tmc_ncf_20260701T0716265753_b_brw_d18.png,TMC,calibrated,0,6336,256,D:\lunar ai\patches\TMC\PATCH_000233.png,76.82003784179688,17.045788092598908,35.0,255.0,73.0,4.771332942890344,49.94349209653311,0.1786041259765625
PATCH_000234,ch2_tmc_ncf_20260701T0716265753_b_brw_d18.png,TMC,calibrated,0,6528,256,D:\lunar ai\patches\TMC\PATCH_000234.png,74.97563171386719,18.564001808463573,28.0,255.0,73.0,4.936693664557284,50.166033791687894,0.1696929931640625
PATCH_000235,ch2_tmc_ncf_20260701T0716265753_b_brw_d18.png,TMC,calibrated,0,6720,256,D:\lunar ai\patches\TMC\PATCH_000235.png,70.56307983398438,17.70442785190899,28.0,255.0,68.0,4.8626206645388645,45.62728423049556,0.1393585205078125
PATCH_000236,ch2_tmc_ncf_20260701T0716265753_b_brw_d18.png,TMC,calibrated,0,6912,256,D:\lunar ai\patches\TMC\PATCH_000236.png,58.58000183105469,19.26659700381514,22.0,255.0,53.0,4.810951795831853,41.48827066897255,0.1106414794921875
PATCH_000237,ch2_tmc_ncf_20260701T0716265753_b_brw_d18.png,TMC,calibrated,0,7104,256,D:\lunar ai\patches\TMC\PATCH_000237.png,55.72666931152344,14.997050098209764,22.0,255.0,53.0,4.470861951856479,36.68954908351707,0.074676513671875
PATCH_000238,ch2_tmc_ncf_20260701T0716265753_b_brw_d18.png,TMC,calibrated,0,7296,256,D:\lunar ai\patches\TMC\PATCH_000238.png,60.690185546875,17.157363283970835,17.0,255.0,57.0,4.739162041049154,36.09442315476845,0.072418212890625
PATCH_000239,ch2_tmc_ncf_20260701T0716265753_b_brw_d18.png,TMC,calibrated,0,7488,256,D:\lunar ai\patches\TMC\PATCH_000239.png,62.79266357421875,17.743574118401742,17.0,255.0,59.0,4.9013930771142755,36.27031766396263,0.08001708984375
PATCH_000240,ch2_tmc_ncf_20260701T0716265753_b_brw_d18.png,TMC,calibrated,0,7680,256,D:\lunar ai\patches\TMC\PATCH_000240.png,61.05908203125,16.936465404204093,4.0,237.0,55.0,4.6445003759292,34.247742724864025,0.0766448974609375
PATCH_000241,ch2_tmc_ncf_20260701T0716265753_b_brw_d18.png,TMC,calibrated,0,7872,256,D:\lunar ai\patches\TMC\PATCH_000241.png,59.9490966796875,14.693079987729233,4.0,255.0,57.0,4.580489793235121,36.04759608341158,0.0820159912109375
PATCH_000242,ch2_tmc_ncf_20260701T0716265753_b_brw_d18.png,TMC,calibrated,0,8064,256,D:\lunar ai\patches\TMC\PATCH_000242.png,56.67236328125,19.481074998232945,6.0,255.0,53.0,4.996420746719558,39.97392320269201,0.1064605712890625
PATCH_000243,ch2_tmc_ncf_20260701T0716265753_b_brw_d18.png,TMC,calibrated,0,8256,256,D:\lunar ai\patches\TMC\PATCH_000243.png,57.88897705078125,22.322590299386807,2.0,255.0,53.0,5.145864567598943,44.61634823570024,0.1211700439453125
PATCH_000244,ch2_tmc_ncf_20260701T0716265753_b_brw_d18.png,TMC,calibrated,0,8448,256,D:\lunar ai\patches\TMC\PATCH_000244.png,48.04302978515625,19.032557112082937,0.0,212.0,46.0,4.93652865296737,37.60999896944819,0.08514404296875
PATCH_000245,ch2_tmc_ncf_20260701T0716265753_b_brw_d18.png,TMC,calibrated,0,8640,256,D:\lunar ai\patches\TMC\PATCH_000245.png,45.984954833984375,15.858180549552282,4.0,255.0,44.0,4.634460757867213,37.109391468516094,0.07464599609375
PATCH_000246,ch2_tmc_ncf_20260701T0716265753_b_brw_d18.png,TMC,calibrated,0,8832,256,D:\lunar ai\patches\TMC\PATCH_000246.png,39.907196044921875,11.810134289981898,2.0,255.0,39.0,4.234457404632366,36.37368173355937,0.0628662109375
PATCH_000247,ch2_tmc_ncf_20260701T0716265753_b_brw_d18.png,TMC,calibrated,0,9024,256,D:\lunar ai\patches\TMC\PATCH_000247.png,44.93168640136719,13.573954673700923,2.0,250.0,44.0,4.429552248289652,42.64458845556813,0.1109161376953125
PATCH_000248,ch2_tmc_ncf_20260701T0716265753_b_brw_d18.png,TMC,calibrated,0,9216,256,D:\lunar ai\patches\TMC\PATCH_000248.png,51.7332763671875,16.818055174174866,2.0,255.0,48.0,4.740740526867733,52.44799266758446,0.20599365234375
PATCH_000249,ch2_tmc_ncf_20260701T0716265753_b_brw_d18.png,TMC,calibrated,0,9408,256,D:\lunar ai\patches\TMC\PATCH_000249.png,48.67912292480469,16.436831280577433,2.0,248.0,46.0,4.753689773035209,50.94757356789905,0.1978302001953125
PATCH_000250,ch2_tmc_ncf_20260701T0716265753_b_brw_d18.png,TMC,calibrated,0,9600,256,D:\lunar ai\patches\TMC\PATCH_000250.png,64.37008666992188,21.98483930229561,15.0,255.0,59.0,5.206580361953124,56.45969749362399,0.242431640625
PATCH_000251,ch2_tmc_ncf_20260701T0716265753_b_brw_d18.png,TMC,calibrated,0,9792,256,D:\lunar ai\patches\TMC\PATCH_000251.png,62.00120544433594,20.278802767583503,8.0,255.0,57.0,5.056668602993071,55.20306711340828,0.2267608642578125
PATCH_000252,ch2_tmc_ncf_20260701T0716265753_b_brw_d18.png,TMC,calibrated,0,9984,256,D:\lunar ai\patches\TMC\PATCH_000252.png,49.9842529296875,18.503001098124553,0.0,255.0,48.0,4.940672102389281,49.73226006046275,0.180328369140625
PATCH_000253,ch2_tmc_ncf_20260701T0716265753_b_brw_d18.png,TMC,calibrated,0,10176,256,D:\lunar ai\patches\TMC\PATCH_000253.png,49.499847412109375,18.44001323512222,0.0,223.0,46.0,4.9274303782643365,49.51707389464905,0.1809844970703125
PATCH_000254,ch2_tmc_ncf_20260701T0716265753_b_brw_d18.png,TMC,calibrated,0,10368,256,D:\lunar ai\patches\TMC\PATCH_000254.png,49.78211975097656,18.591189378536516,0.0,239.0,46.0,4.959288912707509,51.48172719603056,0.205108642578125
PATCH_000255,ch2_tmc_ncf_20211122T2321361810_b_brw_d18.png,TMC,calibrated,0,0,256,D:\lunar ai\patches\TMC\PATCH_000255.png,58.17686462402344,15.700282976135991,0.0,161.0,60.0,5.242460796237244,43.31842609339328,0.13055419921875
PATCH_000256,ch2_tmc_ncf_20211122T2321361810_b_brw_d18.png,TMC,calibrated,0,192,256,D:\lunar ai\patches\TMC\PATCH_000256.png,68.65812683105469,21.703881253855783,0.0,248.0,65.0,5.655256196371771,38.94166566358609,0.0941925048828125
PATCH_000257,ch2_tmc_ncf_20211122T2321361810_b_brw_d18.png,TMC,calibrated,0,384,256,D:\lunar ai\patches\TMC\PATCH_000257.png,73.23382568359375,27.912145074134585,0.0,248.0,73.0,5.983228067782457,39.578367919199096,0.1150665283203125
PATCH_000258,ch2_tmc_ncf_20211122T2321361810_b_brw_d18.png,TMC,calibrated,0,576,256,D:\lunar ai\patches\TMC\PATCH_000258.png,89.06591796875,35.30943606089714,0.0,255.0,80.0,6.2964004528736846,46.84792383800525,0.15789794921875
PATCH_000259,ch2_tmc_ncf_20211122T2321361810_b_brw_d18.png,TMC,calibrated,0,768,256,D:\lunar ai\patches\TMC\PATCH_000259.png,94.65040588378906,27.98290260632731,3.0,255.0,91.0,6.019897267827419,61.69125893115747,0.2480621337890625
PATCH_000260,ch2_tmc_ncf_20211122T2321361810_b_brw_d18.png,TMC,calibrated,0,960,256,D:\lunar ai\patches\TMC\PATCH_000260.png,86.80899047851562,23.80397371820018,3.0,255.0,85.0,5.78685593917229,64.3795533613393,0.2434234619140625
PATCH_000261,ch2_tmc_ncf_20211122T2321361810_b_brw_d18.png,TMC,calibrated,0,1152,256,D:\lunar ai\patches\TMC\PATCH_000261.png,79.02301025390625,33.337547587829455,0.0,255.0,76.0,6.148027365282871,64.22812830502795,0.2325439453125
PATCH_000262,ch2_tmc_ncf_20211122T2321361810_b_brw_d18.png,TMC,calibrated,0,1344,256,D:\lunar ai\patches\TMC\PATCH_000262.png,81.27079772949219,28.183709110745447,0.0,250.0,78.0,6.039514128728956,73.54685965170789,0.276092529296875
PATCH_000263,ch2_tmc_ncf_20211122T2321361810_b_brw_d18.png,TMC,calibrated,0,1536,256,D:\lunar ai\patches\TMC\PATCH_000263.png,59.94532775878906,29.20127451724312,0.0,225.0,65.0,5.791736264876636,59.544562324375946,0.2069549560546875
PATCH_000264,ch2_tmc_ncf_20211122T2321361810_b_brw_d18.png,TMC,calibrated,0,1728,256,D:\lunar ai\patches\TMC\PATCH_000264.png,65.79371643066406,12.069611031160624,0.0,171.0,65.0,4.758909841712082,30.834085002086518,0.044647216796875
PATCH_000265,ch2_tmc_ncf_20211122T2321361810_b_brw_d18.png,TMC,calibrated,0,1920,256,D:\lunar ai\patches\TMC\PATCH_000265.png,65.08999633789062,8.415818861196977,9.0,184.0,65.0,4.306033543247821,27.859252773965377,0.0298309326171875
PATCH_000266,ch2_tmc_ncf_20211122T2321361810_b_brw_d18.png,TMC,calibrated,0,2112,256,D:\lunar ai\patches\TMC\PATCH_000266.png,64.63270568847656,9.703505441970718,1.0,222.0,65.0,4.504232598698911,32.95868519719784,0.0545196533203125
PATCH_000267,ch2_tmc_ncf_20211122T2321361810_b_brw_d18.png,TMC,calibrated,0,2304,256,D:\lunar ai\patches\TMC\PATCH_000267.png,90.01286315917969,30.62711502092478,1.0,212.0,93.0,6.150094369642222,40.00647266487039,0.101837158203125
PATCH_000268,ch2_tmc_ncf_20211122T2321361810_b_brw_d18.png,TMC,calibrated,0,2496,256,D:\lunar ai\patches\TMC\PATCH_000268.png,97.64892578125,24.1126305637414,1.0,243.0,98.0,5.897995395441251,32.292814048719336,0.0458831787109375
PATCH_000269,ch2_tmc_ncf_20211122T2321361810_b_brw_d18.png,TMC,calibrated,0,2688,256,D:\lunar ai\patches\TMC\PATCH_000269.png,66.72111511230469,33.54388600813913,0.0,227.0,73.0,5.734377461062673,33.73065644182892,0.0744476318359375
PATCH_000270,ch2_tmc_ncf_20211122T2321361810_b_brw_d18.png,TMC,calibrated,0,2880,256,D:\lunar ai\patches\TMC\PATCH_000270.png,62.210723876953125,23.684413546825617,0.0,174.0,68.0,4.914866111569712,31.522320517330673,0.067779541015625
PATCH_000271,ch2_tmc_ncf_20211122T2321361810_b_brw_d18.png,TMC,calibrated,0,3072,256,D:\lunar ai\patches\TMC\PATCH_000271.png,71.29718017578125,10.555151641707983,9.0,225.0,70.0,4.55874154370494,32.07046471956043,0.059906005859375
PATCH_000272,ch2_tmc_ncf_20211122T2321361810_b_brw_d18.png,TMC,calibrated,0,3264,256,D:\lunar ai\patches\TMC\PATCH_000272.png,70.12617492675781,11.890840367635915,8.0,197.0,70.0,4.789424781759648,33.83528018235912,0.0657501220703125
PATCH_000273,ch2_tmc_ncf_20211122T2321361810_b_brw_d18.png,TMC,calibrated,0,3456,256,D:\lunar ai\patches\TMC\PATCH_000273.png,68.10137939453125,11.378637673907523,4.0,187.0,67.0,4.661166942502732,30.998236161912626,0.049835205078125
PATCH_000274,ch2_tmc_ncf_20211122T2321361810_b_brw_d18.png,TMC,calibrated,0,3648,256,D:\lunar ai\patches\TMC\PATCH_000274.png,65.60182189941406,8.43210959040202,6.0,158.0,65.0,4.297203055352738,29.724860753041682,0.0433502197265625
PATCH_000275,ch2_tmc_ncf_20211122T2321361810_b_brw_d18.png,TMC,calibrated,0,3840,256,D:\lunar ai\patches\TMC\PATCH_000275.png,65.70352172851562,8.25691389089926,3.0,166.0,65.0,4.256344281339373,27.40221780343571,0.0317230224609375
PATCH_000276,ch2_tmc_ncf_20211122T2321361810_b_brw_d18.png,TMC,calibrated,0,4032,256,D:\lunar ai\patches\TMC\PATCH_000276.png,68.16525268554688,8.035104324827216,21.0,202.0,68.0,4.2705193896399996,24.56740051924553,0.017425537109375
PATCH_000277,ch2_tmc_ncf_20211122T2321361810_b_brw_d18.png,TMC,calibrated,0,4224,256,D:\lunar ai\patches\TMC\PATCH_000277.png,70.76788330078125,9.140854565068885,8.0,202.0,70.0,4.468862565283656,24.45853585655621,0.016143798828125
PATCH_000278,ch2_tmc_ncf_20211122T2321361810_b_brw_d18.png,TMC,calibrated,0,4416,256,D:\lunar ai\patches\TMC\PATCH_000278.png,72.18038940429688,10.250322615193719,9.0,158.0,71.0,4.6665842425008375,22.547476855781046,0.0104522705078125
PATCH_000279,ch2_tmc_ncf_20211122T2321361810_b_brw_d18.png,TMC,calibrated,0,4608,256,D:\lunar ai\patches\TMC\PATCH_000279.png,67.57554626464844,12.826724888886442,1.0,194.0,68.0,4.983160648368864,25.997358619131234,0.0152130126953125
PATCH_000280,ch2_tmc_ncf_20211122T2321361810_b_brw_d18.png,TMC,calibrated,0,4800,256,D:\lunar ai\patches\TMC\PATCH_000280.png,72.16075134277344,11.17456362739201,1.0,194.0,73.0,4.771575399653939,25.489666086778733,0.0142669677734375
PATCH_000281,ch2_tmc_ncf_20211122T2321361810_b_brw_d18.png,TMC,calibrated,0,4992,256,D:\lunar ai\patches\TMC\PATCH_000281.png,69.89259338378906,10.079837975810861,11.0,191.0,70.0,4.640077412716171,22.609199081762164,0.00933837890625
PATCH_000282,ch2_tmc_ncf_20211122T2321361810_b_brw_d18.png,TMC,calibrated,0,5184,256,D:\lunar ai\patches\TMC\PATCH_000282.png,66.48001098632812,14.829292823147195,8.0,161.0,65.0,5.181616513962089,27.836236272710675,0.03070068359375
PATCH_000283,ch2_tmc_ncf_20211122T2321361810_b_brw_d18.png,TMC,calibrated,0,5376,256,D:\lunar ai\patches\TMC\PATCH_000283.png,83.07183837890625,14.477450910045762,19.0,196.0,81.0,5.165190550919198,30.331613184807576,0.0372772216796875
PATCH_000284,ch2_tmc_ncf_20211122T2321361810_b_brw_d18.png,TMC,calibrated,0,5568,256,D:\lunar ai\patches\TMC\PATCH_000284.png,86.21798706054688,13.025781646442917,26.0,196.0,85.0,5.006251855658672,28.02853885695979,0.0236663818359375
PATCH_000285,ch2_tmc_ncf_20211122T2321361810_b_brw_d18.png,TMC,calibrated,0,5760,256,D:\lunar ai\patches\TMC\PATCH_000285.png,87.69668579101562,11.23475442693773,4.0,189.0,86.0,4.717622668299661,29.022491914629665,0.02777099609375
PATCH_000286,ch2_tmc_ncf_20211122T2321361810_b_brw_d18.png,TMC,calibrated,0,5952,256,D:\lunar ai\patches\TMC\PATCH_000286.png,87.86790466308594,9.875541923752127,4.0,174.0,88.0,4.5624882221501775,34.23355377776747,0.05450439453125
PATCH_000287,ch2_tmc_ncf_20211122T2321361810_b_brw_d18.png,TMC,calibrated,0,6144,256,D:\lunar ai\patches\TMC\PATCH_000287.png,90.03776550292969,10.245024822110274,13.0,184.0,89.0,4.631637450606334,38.978991709624566,0.098236083984375
PATCH_000288,ch2_tmc_ncf_20211122T2321361810_b_brw_d18.png,TMC,calibrated,0,6336,256,D:\lunar ai\patches\TMC\PATCH_000288.png,93.35028076171875,11.360141283442148,24.0,205.0,93.0,4.751496527379418,38.80042282772741,0.0858306884765625
PATCH_000289,ch2_tmc_ncf_20211122T2321361810_b_brw_d18.png,TMC,calibrated,0,6528,256,D:\lunar ai\patches\TMC\PATCH_000289.png,95.78573608398438,19.171577852925356,4.0,255.0,94.0,5.3695877437069255,43.981452729615384,0.1338348388671875
PATCH_000290,ch2_tmc_ncf_20211122T2321361810_b_brw_d18.png,TMC,calibrated,0,6720,256,D:\lunar ai\patches\TMC\PATCH_000290.png,95.81108093261719,13.002708735640773,11.0,215.0,96.0,4.968250460441171,43.78861027454958,0.1399383544921875
PATCH_000291,ch2_tmc_ncf_20211122T2321361810_b_brw_d18.png,TMC,calibrated,0,6912,256,D:\lunar ai\patches\TMC\PATCH_000291.png,104.91477966308594,32.51825402062418,14.0,255.0,94.0,5.784744247794495,47.66952931432116,0.16400146484375
PATCH_000292,ch2_tmc_ncf_20211122T2321361810_b_brw_d18.png,TMC,calibrated,0,7104,256,D:\lunar ai\patches\TMC\PATCH_000292.png,90.54238891601562,22.82330058013532,21.0,222.0,89.0,5.641219885637562,37.69720284176356,0.0876007080078125
PATCH_000293,ch2_tmc_ncf_20211122T2321361810_b_brw_d18.png,TMC,calibrated,0,7296,256,D:\lunar ai\patches\TMC\PATCH_000293.png,91.52879333496094,17.616637354118353,19.0,191.0,93.0,5.349399376450021,35.430999738183914,0.0613250732421875
PATCH_000294,ch2_tmc_ncf_20211122T2321361810_b_brw_d18.png,TMC,calibrated,0,7488,256,D:\lunar ai\patches\TMC\PATCH_000294.png,95.73834228515625,17.027073157147605,14.0,222.0,96.0,5.2862838814107445,33.86143468009538,0.0551605224609375
PATCH_000295,ch2_tmc_ncf_20211122T2321361810_b_brw_d18.png,TMC,calibrated,0,7680,256,D:\lunar ai\patches\TMC\PATCH_000295.png,97.53118896484375,11.390538093479993,27.0,201.0,96.0,4.743376019835992,29.969845927115674,0.0341949462890625
PATCH_000296,ch2_tmc_ncf_20211122T2321361810_b_brw_d18.png,TMC,calibrated,0,7872,256,D:\lunar ai\patches\TMC\PATCH_000296.png,101.30351257324219,12.251647733399519,19.0,209.0,99.0,4.8481179740543165,33.199376753214416,0.055145263671875
PATCH_000297,ch2_tmc_ncf_20211122T2321361810_b_brw_d18.png,TMC,calibrated,0,8064,256,D:\lunar ai\patches\TMC\PATCH_000297.png,101.26039123535156,12.112680637248792,47.0,194.0,99.0,4.873789745363368,31.074806511761327,0.03619384765625
PATCH_000298,ch2_tmc_ncf_20211122T2321361810_b_brw_d18.png,TMC,calibrated,0,8256,256,D:\lunar ai\patches\TMC\PATCH_000298.png,100.04695129394531,12.559010205762945,32.0,210.0,98.0,4.859127188457161,32.56062991813337,0.040679931640625
PATCH_000299,ch2_tmc_ncf_20211122T2321361810_b_brw_d18.png,TMC,calibrated,0,8448,256,D:\lunar ai\patches\TMC\PATCH_000299.png,100.55604553222656,13.693207767957166,32.0,227.0,99.0,4.987784124773531,35.86414944111296,0.0814971923828125
PATCH_000300,ch2_tmc_ncf_20211122T2321361810_b_brw_d18.png,TMC,calibrated,0,8640,256,D:\lunar ai\patches\TMC\PATCH_000300.png,112.20991516113281,18.079681861039912,47.0,238.0,111.0,5.487520958192291,42.04469369158632,0.13092041015625
PATCH_000301,ch2_tmc_ncf_20211122T2321361810_b_brw_d18.png,TMC,calibrated,0,8832,256,D:\lunar ai\patches\TMC\PATCH_000301.png,103.08847045898438,15.704242929091933,31.0,255.0,99.0,5.054127318264323,36.83499588764865,0.0744781494140625
PATCH_000302,ch2_tmc_ncf_20211122T2321361810_b_brw_d18.png,TMC,calibrated,0,9024,256,D:\lunar ai\patches\TMC\PATCH_000302.png,95.65458679199219,14.866511065599262,24.0,207.0,96.0,5.196450658612901,37.79806020691111,0.0789337158203125
PATCH_000303,ch2_tmc_ncf_20211122T2321361810_b_brw_d18.png,TMC,calibrated,0,9216,256,D:\lunar ai\patches\TMC\PATCH_000303.png,96.62261962890625,18.447374966036342,9.0,250.0,96.0,5.490863087750828,42.216250230796426,0.1278533935546875
PATCH_000304,ch2_tmc_ncf_20211122T2321361810_b_brw_d18.png,TMC,calibrated,0,9408,256,D:\lunar ai\patches\TMC\PATCH_000304.png,94.57389831542969,19.03214079596034,6.0,250.0,94.0,5.52370833401485,39.795677045959415,0.1094207763671875
PATCH_000305,ch2_tmc_ncf_20211122T2321361810_b_brw_d18.png,TMC,calibrated,0,9600,256,D:\lunar ai\patches\TMC\PATCH_000305.png,107.12376403808594,26.404266506810625,6.0,248.0,104.0,6.001455859612265,45.91125273661759,0.1571502685546875
PATCH_000306,ch2_tmc_ncf_20211122T2321361810_b_brw_d18.png,TMC,calibrated,0,9792,256,D:\lunar ai\patches\TMC\PATCH_000306.png,96.72679138183594,21.10507624149601,29.0,237.0,94.0,5.646817380841683,41.41868629278095,0.12451171875
PATCH_000307,ch2_tmc_ncf_20211122T2321361810_b_brw_d18.png,TMC,calibrated,0,9984,256,D:\lunar ai\patches\TMC\PATCH_000307.png,98.61085510253906,19.9804105714879,31.0,223.0,98.0,5.585636759671379,39.6232165042537,0.1021270751953125
PATCH_000308,ch2_tmc_ncf_20211122T2321361810_b_brw_d18.png,TMC,calibrated,0,10176,256,D:\lunar ai\patches\TMC\PATCH_000308.png,104.253173828125,14.32173030471373,52.0,240.0,102.0,5.092548361653877,37.17244431361616,0.0769805908203125
PATCH_000309,ch2_tmc_ncf_20211122T2321361810_b_brw_d18.png,TMC,calibrated,0,10368,256,D:\lunar ai\patches\TMC\PATCH_000309.png,95.10948181152344,13.127750053691734,52.0,223.0,94.0,4.985103093311666,31.842315319760623,0.037628173828125
PATCH_000310,ch2_tmc_ncf_20211122T2321361810_b_brw_d18.png,TMC,calibrated,0,10560,256,D:\lunar ai\patches\TMC\PATCH_000310.png,95.78610229492188,13.751361339508575,55.0,255.0,94.0,4.985164479826594,32.900278310605906,0.0476531982421875
PATCH_000311,ch2_tmc_ncf_20211122T2321361810_b_brw_d18.png,TMC,calibrated,0,10752,256,D:\lunar ai\patches\TMC\PATCH_000311.png,96.71966552734375,12.031497115377903,47.0,225.0,96.0,4.8695148515151425,29.66924266983211,0.0318450927734375
PATCH_000312,ch2_tmc_ncf_20211122T2321361810_b_brw_d18.png,TMC,calibrated,0,10944,256,D:\lunar ai\patches\TMC\PATCH_000312.png,98.2579345703125,11.317895350188936,19.0,202.0,98.0,4.786037045808902,30.912870127859314,0.0427093505859375
PATCH_000313,ch2_tmc_ncf_20211122T2321361810_b_brw_d18.png,TMC,calibrated,0,11136,256,D:\lunar ai\patches\TMC\PATCH_000313.png,115.35638427734375,25.271466272870803,39.0,255.0,109.0,5.660626967977063,46.1684697121911,0.157928466796875
PATCH_000314,ch2_tmc_ncf_20211122T2321361810_b_brw_d18.png,TMC,calibrated,0,11328,256,D:\lunar ai\patches\TMC\PATCH_000314.png,127.70028686523438,26.10402031539764,21.0,255.0,124.0,5.919048240929261,55.64220211906322,0.2143402099609375
PATCH_000315,ch2_tmc_ncf_20211122T2321361810_b_brw_d18.png,TMC,calibrated,0,11520,256,D:\lunar ai\patches\TMC\PATCH_000315.png,121.38751220703125,21.173474462469294,9.0,255.0,119.0,5.664559523923805,68.48478593788863,0.2774505615234375
PATCH_000316,ch2_tmc_ncf_20211122T2321361810_b_brw_d18.png,TMC,calibrated,0,11712,256,D:\lunar ai\patches\TMC\PATCH_000316.png,119.67575073242188,22.55893354149665,9.0,255.0,119.0,5.762846413028532,75.69857351694885,0.296142578125
PATCH_000317,ch2_tmc_ncf_20211122T2321361810_b_brw_d18.png,TMC,calibrated,0,11904,256,D:\lunar ai\patches\TMC\PATCH_000317.png,122.77825927734375,21.259024703520257,11.0,255.0,122.0,5.687533803077063,76.28329781802242,0.3111572265625
PATCH_000318,ch2_tmc_ncf_20211122T2321361810_b_brw_d18.png,TMC,calibrated,0,12096,256,D:\lunar ai\patches\TMC\PATCH_000318.png,124.14192199707031,20.234766746141922,13.0,255.0,124.0,5.6313832872642475,75.72299993500957,0.3156585693359375
PATCH_000319,ch2_tmc_ncf_20211122T2321361810_b_brw_d18.png,TMC,calibrated,0,12288,256,D:\lunar ai\patches\TMC\PATCH_000319.png,116.73135375976562,27.195512304428874,9.0,255.0,120.0,6.058739687468188,82.63535112288781,0.3321380615234375
PATCH_000320,ch2_tmc_ncf_20211122T2321361810_b_brw_d18.png,TMC,calibrated,0,12480,256,D:\lunar ai\patches\TMC\PATCH_000320.png,105.3416748046875,33.97035657751657,6.0,255.0,109.0,6.384179818321918,86.63525628766328,0.3241119384765625
PATCH_000321,ch2_tmc_ncf_20211122T2321361810_b_brw_d18.png,TMC,calibrated,0,12672,256,D:\lunar ai\patches\TMC\PATCH_000321.png,119.3616943359375,31.68060658670366,8.0,255.0,124.0,6.248597745803181,86.6730967206145,0.314971923828125
PATCH_000322,ch2_tmc_ncf_20211122T2321361810_b_brw_d18.png,TMC,calibrated,0,12864,256,D:\lunar ai\patches\TMC\PATCH_000322.png,128.79873657226562,22.60418631860936,19.0,255.0,127.0,5.7789080000594435,66.27947237200891,0.250946044921875
PATCH_000323,ch2_tmc_ncf_20211122T2321361810_b_brw_d18.png,TMC,calibrated,0,13056,256,D:\lunar ai\patches\TMC\PATCH_000323.png,113.923583984375,15.480904566530496,32.0,255.0,112.0,5.22010987532358,37.48733154540254,0.088043212890625
PATCH_000324,ch2_tmc_ncf_20211122T2321361810_b_brw_d18.png,TMC,calibrated,0,13248,256,D:\lunar ai\patches\TMC\PATCH_000324.png,108.88519287109375,12.847184255616547,32.0,243.0,107.0,4.862900736384491,31.931690209614253,0.0488739013671875
PATCH_000325,ch2_tmc_ncf_20211122T2321361810_b_brw_d18.png,TMC,calibrated,0,13440,256,D:\lunar ai\patches\TMC\PATCH_000325.png,107.70437622070312,13.124315565824704,57.0,227.0,106.0,4.898024490072441,34.03686241251092,0.0646209716796875
PATCH_000326,ch2_tmc_ncf_20211122T2321361810_b_brw_d18.png,TMC,calibrated,0,13632,256,D:\lunar ai\patches\TMC\PATCH_000326.png,108.9639892578125,15.891252510467735,68.0,255.0,106.0,5.172339236570675,35.94030400836644,0.074615478515625
PATCH_000327,ch2_tmc_ncf_20211122T2321361810_b_brw_d18.png,TMC,calibrated,0,13824,256,D:\lunar ai\patches\TMC\PATCH_000327.png,112.92326354980469,15.272464948851287,57.0,255.0,111.0,5.182480049246426,35.27111708521659,0.0574188232421875
PATCH_000328,ch2_tmc_ncf_20211122T2321361810_b_brw_d18.png,TMC,calibrated,0,14016,256,D:\lunar ai\patches\TMC\PATCH_000328.png,108.11915588378906,14.915262826414509,57.0,255.0,107.0,5.118383910861527,37.16584798152216,0.0690155029296875
PATCH_000329,ch2_tmc_ncf_20211122T2321361810_b_brw_d18.png,TMC,calibrated,0,14208,256,D:\lunar ai\patches\TMC\PATCH_000329.png,117.62567138671875,19.485842909406312,62.0,255.0,117.0,5.576996670844669,40.78359153897887,0.1032867431640625
PATCH_000330,ch2_tmc_ncf_20211122T2321361810_b_brw_d18.png,TMC,calibrated,0,14400,256,D:\lunar ai\patches\TMC\PATCH_000330.png,130.401611328125,16.598345087974316,78.0,255.0,129.0,5.264856387394175,44.2077802149819,0.136962890625
PATCH_000331,ch2_tmc_ncf_20211122T2321361810_b_brw_d18.png,TMC,calibrated,0,14592,256,D:\lunar ai\patches\TMC\PATCH_000331.png,127.40762329101562,14.424365787099392,73.0,246.0,125.0,5.099447208228687,41.83626330533798,0.1199798583984375
PATCH_000332,ch2_tmc_ncf_20211122T2321361810_b_brw_d18.png,TMC,calibrated,0,14784,256,D:\lunar ai\patches\TMC\PATCH_000332.png,126.173095703125,13.912963838805283,73.0,240.0,124.0,5.012934169133575,40.620888313113156,0.1120452880859375
PATCH_000333,ch2_tmc_ncf_20211122T2321361810_b_brw_d18.png,TMC,calibrated,0,14976,256,D:\lunar ai\patches\TMC\PATCH_000333.png,124.70164489746094,14.105429948519598,81.0,238.0,122.0,4.915132717009291,40.93760895217234,0.1152191162109375
PATCH_000334,ch2_tmc_ncf_20211122T2321361810_b_brw_d18.png,TMC,calibrated,0,15168,256,D:\lunar ai\patches\TMC\PATCH_000334.png,126.45512390136719,13.80057726738687,75.0,250.0,124.0,4.961779284065111,40.85962267476094,0.1140289306640625
PATCH_000335,ch2_tmc_ncf_20211122T2321361810_b_brw_d18.png,TMC,calibrated,0,15360,256,D:\lunar ai\patches\TMC\PATCH_000335.png,123.82048034667969,12.642934589443186,78.0,245.0,122.0,4.784681132587104,39.48588821008114,0.0919647216796875
PATCH_000336,ch2_tmc_ncf_20211122T2321361810_b_brw_d18.png,TMC,calibrated,0,15552,256,D:\lunar ai\patches\TMC\PATCH_000336.png,122.46601867675781,10.517733411685242,88.0,212.0,120.0,4.606789979380843,35.574277644918865,0.062469482421875
PATCH_000337,ch2_tmc_ncf_20211122T2321361810_b_brw_d18.png,TMC,calibrated,0,15744,256,D:\lunar ai\patches\TMC\PATCH_000337.png,123.302978515625,14.011465586663558,78.0,255.0,122.0,5.1114424434636,33.781565379795026,0.061248779296875
PATCH_000338,ch2_tmc_ncf_20211122T2321361810_b_brw_d18.png,TMC,calibrated,0,15936,256,D:\lunar ai\patches\TMC\PATCH_000338.png,124.852294921875,16.717120893377615,80.0,232.0,125.0,5.357383876428736,33.50096290312423,0.0594024658203125
PATCH_000339,ch2_tmc_ncf_20211122T2321361810_b_brw_d18.png,TMC,calibrated,0,16128,256,D:\lunar ai\patches\TMC\PATCH_000339.png,124.91851806640625,14.939135798937876,76.0,250.0,122.0,5.108086873715718,35.20146920561657,0.0610809326171875
PATCH_000340,ch2_tmc_ncf_20211122T2321361810_b_brw_d18.png,TMC,calibrated,0,16320,256,D:\lunar ai\patches\TMC\PATCH_000340.png,123.37289428710938,11.128589666085723,85.0,250.0,122.0,4.671836788670362,33.211969115800656,0.0519256591796875
PATCH_000341,ch2_tmc_ncf_20211122T2321361810_b_brw_d18.png,TMC,calibrated,0,16512,256,D:\lunar ai\patches\TMC\PATCH_000341.png,121.56550598144531,14.856348879613764,80.0,230.0,120.0,5.164265109471906,30.25393821058137,0.0381927490234375
PATCH_000342,ch2_tmc_ncf_20211122T2321361810_b_brw_d18.png,TMC,calibrated,0,16704,256,D:\lunar ai\patches\TMC\PATCH_000342.png,119.90530395507812,22.461642080098837,70.0,230.0,119.0,5.686512143521513,26.904829941137784,0.0263519287109375
PATCH_000343,ch2_tmc_ncf_20211122T2321361810_b_brw_d18.png,TMC,calibrated,0,16896,256,D:\lunar ai\patches\TMC\PATCH_000343.png,127.70018005371094,19.411895407640905,75.0,250.0,129.0,5.531886549289318,32.24532130388823,0.0539398193359375
PATCH_000344,ch2_tmc_ncf_20211122T2321361810_b_brw_d18.png,TMC,calibrated,0,17088,256,D:\lunar ai\patches\TMC\PATCH_000344.png,131.2284393310547,12.495720113723092,85.0,250.0,130.0,4.93280783096214,30.284477343931297,0.0272979736328125
PATCH_000345,ch2_tmc_ncf_20211122T2321361810_b_brw_d18.png,TMC,calibrated,0,17280,256,D:\lunar ai\patches\TMC\PATCH_000345.png,122.29026794433594,11.345329898760191,86.0,223.0,120.0,4.760310095352896,27.140698475034178,0.0179901123046875
PATCH_000346,ch2_tmc_ncf_20211122T2321361810_b_brw_d18.png,TMC,calibrated,0,17472,256,D:\lunar ai\patches\TMC\PATCH_000346.png,110.62960815429688,7.576811166249032,80.0,196.0,111.0,4.143126661064812,24.096646267575075,0.01226806640625
PATCH_000347,ch2_tmc_ncf_20211122T2321361810_b_brw_d18.png,TMC,calibrated,0,17664,256,D:\lunar ai\patches\TMC\PATCH_000347.png,105.52931213378906,8.374945060336604,62.0,184.0,106.0,4.3559668378051715,23.19132468637109,0.01153564453125
PATCH_000348,ch2_tmc_ncf_20211122T2321361810_b_brw_d18.png,TMC,calibrated,0,17856,256,D:\lunar ai\patches\TMC\PATCH_000348.png,106.83203125,8.306611922784294,73.0,168.0,106.0,4.341680634810704,24.132161261281468,0.014007568359375
PATCH_000349,ch2_tmc_ncf_20211122T2321361810_b_brw_d18.png,TMC,calibrated,0,18048,256,D:\lunar ai\patches\TMC\PATCH_000349.png,105.99111938476562,9.700171928440943,68.0,192.0,104.0,4.505411586172004,22.3361481325988,0.0097808837890625
PATCH_000350,ch2_tmc_ncf_20211122T2321361810_b_brw_d18.png,TMC,calibrated,0,18240,256,D:\lunar ai\patches\TMC\PATCH_000350.png,110.07357788085938,12.267167005640559,68.0,197.0,109.0,4.888282707042203,22.397378901539135,0.0094757080078125
PATCH_000351,ch2_tmc_ncf_20211122T2321361810_b_brw_d18.png,TMC,calibrated,0,18432,256,D:\lunar ai\patches\TMC\PATCH_000351.png,107.94119262695312,10.934983915664626,76.0,255.0,106.0,4.659948946216817,20.176383111261877,0.0027008056640625
PATCH_000352,ch2_tmc_ncf_20211122T2321361810_b_brw_d18.png,TMC,calibrated,0,18624,256,D:\lunar ai\patches\TMC\PATCH_000352.png,108.54521179199219,10.489602917671734,83.0,255.0,107.0,4.588236180852557,20.086545236665124,0.003448486328125
PATCH_000353,ch2_tmc_ncf_20211122T2321361810_b_brw_d18.png,TMC,calibrated,0,18816,256,D:\lunar ai\patches\TMC\PATCH_000353.png,102.2911376953125,8.993321880803729,71.0,212.0,101.0,4.409678889459135,18.39474056237082,0.0068359375
PATCH_000354,ch2_tmc_ncf_20211122T2321361810_b_brw_d18.png,TMC,calibrated,0,19008,256,D:\lunar ai\patches\TMC\PATCH_000354.png,102.51156616210938,8.840206432477464,80.0,196.0,101.0,4.242329134114256,18.92045064220315,0.00732421875
PATCH_000355,ch2_tmc_ncf_20211122T2321361810_b_brw_d18.png,TMC,calibrated,0,19200,256,D:\lunar ai\patches\TMC\PATCH_000355.png,111.50227355957031,14.341924233845484,78.0,250.0,107.0,4.988267631597341,23.839709586932223,0.02069091796875
PATCH_000356,ch2_tmc_ncf_20211122T2123225722_b_brw_d18.png,TMC,calibrated,0,0,256,D:\lunar ai\patches\TMC\PATCH_000356.png,58.85862731933594,19.64282007723053,0.0,168.0,57.0,5.621225580332809,37.873798368080216,0.0834808349609375
PATCH_000357,ch2_tmc_ncf_20211122T2123225722_b_brw_d18.png,TMC,calibrated,0,192,256,D:\lunar ai\patches\TMC\PATCH_000357.png,76.55824279785156,29.439796098967193,0.0,199.0,79.0,6.120735586696975,43.47051566175415,0.14227294921875
PATCH_000358,ch2_tmc_ncf_20211122T2123225722_b_brw_d18.png,TMC,calibrated,0,384,256,D:\lunar ai\patches\TMC\PATCH_000358.png,67.94773864746094,28.51366752829451,0.0,205.0,73.0,5.787105985706662,42.760280241626916,0.1414642333984375
PATCH_000359,ch2_tmc_ncf_20211122T2123225722_b_brw_d18.png,TMC,calibrated,0,576,256,D:\lunar ai\patches\TMC\PATCH_000359.png,72.9949951171875,22.644066079510928,0.0,235.0,71.0,5.693455561033873,50.124100099670095,0.1969146728515625
PATCH_000360,ch2_tmc_ncf_20211122T2123225722_b_brw_d18.png,TMC,calibrated,0,768,256,D:\lunar ai\patches\TMC\PATCH_000360.png,106.98141479492188,45.57186870575194,0.0,255.0,90.0,6.593198295845556,53.28880417432008,0.209503173828125
PATCH_000361,ch2_tmc_ncf_20211122T2123225722_b_brw_d18.png,TMC,calibrated,0,960,256,D:\lunar ai\patches\TMC\PATCH_000361.png,115.69285583496094,37.32176852385234,1.0,255.0,111.0,6.497479503367655,55.84609834042769,0.21160888671875
PATCH_000362,ch2_tmc_ncf_20211122T2123225722_b_brw_d18.png,TMC,calibrated,0,1152,256,D:\lunar ai\patches\TMC\PATCH_000362.png,95.45509338378906,29.973382417769205,0.0,255.0,92.0,6.156596486414292,51.25957013503524,0.2024078369140625
PATCH_000363,ch2_tmc_ncf_20211122T2123225722_b_brw_d18.png,TMC,calibrated,0,1344,256,D:\lunar ai\patches\TMC\PATCH_000363.png,80.43115234375,19.024933109591938,3.0,221.0,79.0,5.60356050996359,49.40915637636084,0.1882781982421875
PATCH_000364,ch2_tmc_ncf_20211122T2123225722_b_brw_d18.png,TMC,calibrated,0,1536,256,D:\lunar ai\patches\TMC\PATCH_000364.png,71.60577392578125,17.117564025173724,0.0,255.0,71.0,5.42232995495322,48.894732968736065,0.175811767578125
PATCH_000365,ch2_tmc_ncf_20211122T2123225722_b_brw_d18.png,TMC,calibrated,0,1728,256,D:\lunar ai\patches\TMC\PATCH_000365.png,66.12030029296875,12.185009230962947,0.0,255.0,65.0,4.883916380536096,39.51575514244375,0.095458984375
PATCH_000366,ch2_tmc_ncf_20211122T2123225722_b_brw_d18.png,TMC,calibrated,0,1920,256,D:\lunar ai\patches\TMC\PATCH_000366.png,64.627197265625,10.790851196141023,0.0,175.0,65.0,4.737831175171088,35.363501962202484,0.0605010986328125
PATCH_000367,ch2_tmc_ncf_20211122T2123225722_b_brw_d18.png,TMC,calibrated,0,2112,256,D:\lunar ai\patches\TMC\PATCH_000367.png,65.07400512695312,9.750169860247803,3.0,175.0,65.0,4.609283787993185,32.572745907763505,0.0504150390625
PATCH_000368,ch2_tmc_ncf_20211122T2123225722_b_brw_d18.png,TMC,calibrated,0,2304,256,D:\lunar ai\patches\TMC\PATCH_000368.png,62.74589538574219,12.453415022120517,1.0,194.0,63.0,4.917806489298054,33.983284378181445,0.057281494140625
PATCH_000369,ch2_tmc_ncf_20211122T2123225722_b_brw_d18.png,TMC,calibrated,0,2496,256,D:\lunar ai\patches\TMC\PATCH_000369.png,65.10104370117188,21.060200058370256,3.0,227.0,63.0,5.405261813495619,36.42745895193675,0.0834808349609375
PATCH_000370,ch2_tmc_ncf_20211122T2123225722_b_brw_d18.png,TMC,calibrated,0,2688,256,D:\lunar ai\patches\TMC\PATCH_000370.png,65.89152526855469,16.52345682490658,0.0,211.0,63.0,4.941810740572247,32.960389607191026,0.05560302734375
PATCH_000371,ch2_tmc_ncf_20211122T2123225722_b_brw_d18.png,TMC,calibrated,0,2880,256,D:\lunar ai\patches\TMC\PATCH_000371.png,64.67420959472656,8.611897608055756,17.0,191.0,65.0,4.359798515204073,28.405382086014583,0.0252685546875
PATCH_000372,ch2_tmc_ncf_20211122T2123225722_b_brw_d18.png,TMC,calibrated,0,3072,256,D:\lunar ai\patches\TMC\PATCH_000372.png,65.23739624023438,8.163038764027352,4.0,189.0,65.0,4.226889534550156,27.485097003607052,0.0298004150390625
PATCH_000373,ch2_tmc_ncf_20211122T2123225722_b_brw_d18.png,TMC,calibrated,0,3264,256,D:\lunar ai\patches\TMC\PATCH_000373.png,65.85574340820312,8.364017583277752,1.0,165.0,65.0,4.288443244169046,29.00014898109488,0.032989501953125
PATCH_000374,ch2_tmc_ncf_20211122T2123225722_b_brw_d18.png,TMC,calibrated,0,3456,256,D:\lunar ai\patches\TMC\PATCH_000374.png,65.46266174316406,9.35045830182595,1.0,183.0,65.0,4.504303641670073,29.404427069266937,0.0363006591796875
PATCH_000375,ch2_tmc_ncf_20211122T2123225722_b_brw_d18.png,TMC,calibrated,0,3648,256,D:\lunar ai\patches\TMC\PATCH_000375.png,69.01530456542969,10.418544821378928,7.0,172.0,68.0,4.70421356294216,30.4065133288763,0.0400543212890625
PATCH_000376,ch2_tmc_ncf_20211122T2123225722_b_brw_d18.png,TMC,calibrated,0,3840,256,D:\lunar ai\patches\TMC\PATCH_000376.png,68.93984985351562,10.211142888471601,0.0,160.0,68.0,4.650608680049166,28.727433538124004,0.038055419921875
PATCH_000377,ch2_tmc_ncf_20211122T2123225722_b_brw_d18.png,TMC,calibrated,0,4032,256,D:\lunar ai\patches\TMC\PATCH_000377.png,66.61079406738281,12.766774545350923,0.0,172.0,66.0,5.000791719957948,29.931555248678038,0.0445098876953125
PATCH_000378,ch2_tmc_ncf_20211122T2123225722_b_brw_d18.png,TMC,calibrated,0,4224,256,D:\lunar ai\patches\TMC\PATCH_000378.png,66.54319763183594,16.852100215393982,0.0,199.0,66.0,5.4172820826756904,29.848795131374242,0.0350341796875
PATCH_000379,ch2_tmc_ncf_20211122T2123225722_b_brw_d18.png,TMC,calibrated,0,4416,256,D:\lunar ai\patches\TMC\PATCH_000379.png,59.850311279296875,28.21464974927731,0.0,194.0,60.0,6.138074973779811,36.35704644556397,0.089752197265625
PATCH_000380,ch2_tmc_ncf_20211122T2123225722_b_brw_d18.png,TMC,calibrated,0,4608,256,D:\lunar ai\patches\TMC\PATCH_000380.png,76.56576538085938,22.95917920523209,0.0,180.0,82.0,5.448530906344722,33.374088099484794,0.06353759765625
PATCH_000381,ch2_tmc_ncf_20211122T2123225722_b_brw_d18.png,TMC,calibrated,0,4800,256,D:\lunar ai\patches\TMC\PATCH_000381.png,82.66159057617188,10.543172639949066,20.0,191.0,82.0,4.714252286687879,27.111361074844766,0.02105712890625
PATCH_000382,ch2_tmc_ncf_20211122T2123225722_b_brw_d18.png,TMC,calibrated,0,4992,256,D:\lunar ai\patches\TMC\PATCH_000382.png,82.84356689453125,13.65843996570599,0.0,178.0,84.0,4.988186811477318,29.64130458512462,0.0370941162109375
PATCH_000383,ch2_tmc_ncf_20211122T2123225722_b_brw_d18.png,TMC,calibrated,0,5184,256,D:\lunar ai\patches\TMC\PATCH_000383.png,81.31047058105469,11.858955453536522,4.0,172.0,81.0,4.899227434317653,31.363542070705897,0.0466766357421875
PATCH_000384,ch2_tmc_ncf_20211122T2123225722_b_brw_d18.png,TMC,calibrated,0,5376,256,D:\lunar ai\patches\TMC\PATCH_000384.png,78.51515197753906,12.064223379464089,20.0,170.0,78.0,4.932014289411921,32.14675092379053,0.044525146484375
PATCH_000385,ch2_tmc_ncf_20211122T2123225722_b_brw_d18.png,TMC,calibrated,0,5568,256,D:\lunar ai\patches\TMC\PATCH_000385.png,84.81072998046875,11.802168135953496,12.0,172.0,84.0,4.891370477103615,34.38080003254571,0.0601959228515625
PATCH_000386,ch2_tmc_ncf_20211122T2123225722_b_brw_d18.png,TMC,calibrated,0,5760,256,D:\lunar ai\patches\TMC\PATCH_000386.png,86.86859130859375,13.057050852725766,20.0,189.0,86.0,5.006488214418615,38.705560043592016,0.1041259765625
PATCH_000387,ch2_tmc_ncf_20211122T2123225722_b_brw_d18.png,TMC,calibrated,0,5952,256,D:\lunar ai\patches\TMC\PATCH_000387.png,86.70074462890625,11.906592819548663,19.0,196.0,86.0,4.873022391521395,37.293543416029465,0.08599853515625
PATCH_000388,ch2_tmc_ncf_20211122T2123225722_b_brw_d18.png,TMC,calibrated,0,6144,256,D:\lunar ai\patches\TMC\PATCH_000388.png,92.64517211914062,12.712078371786165,35.0,194.0,92.0,5.009062421018703,38.576687731952234,0.095977783203125
PATCH_000389,ch2_tmc_ncf_20211122T2123225722_b_brw_d18.png,TMC,calibrated,0,6336,256,D:\lunar ai\patches\TMC\PATCH_000389.png,92.69168090820312,12.900478067000648,9.0,204.0,92.0,4.991506236474871,43.438341335692584,0.1234588623046875
PATCH_000390,ch2_tmc_ncf_20211122T2123225722_b_brw_d18.png,TMC,calibrated,0,6528,256,D:\lunar ai\patches\TMC\PATCH_000390.png,93.89639282226562,13.380922240482787,7.0,204.0,94.0,5.05966855664038,42.26363626196661,0.1180877685546875
PATCH_000391,ch2_tmc_ncf_20211122T2123225722_b_brw_d18.png,TMC,calibrated,0,6720,256,D:\lunar ai\patches\TMC\PATCH_000391.png,97.25666809082031,14.627960471995275,14.0,255.0,95.0,5.073315350684766,39.9705300535463,0.095733642578125
PATCH_000392,ch2_tmc_ncf_20211122T2123225722_b_brw_d18.png,TMC,calibrated,0,6912,256,D:\lunar ai\patches\TMC\PATCH_000392.png,97.49456787109375,15.893006244695453,35.0,202.0,94.0,5.214286263366674,37.96121943825406,0.089141845703125
PATCH_000393,ch2_tmc_ncf_20211122T2123225722_b_brw_d18.png,TMC,calibrated,0,7104,256,D:\lunar ai\patches\TMC\PATCH_000393.png,97.35859680175781,13.099051041665861,33.0,207.0,95.0,4.990501478601253,36.22844204664318,0.072296142578125
PATCH_000394,ch2_tmc_ncf_20211122T2123225722_b_brw_d18.png,TMC,calibrated,0,7296,256,D:\lunar ai\patches\TMC\PATCH_000394.png,92.09197998046875,12.33578260018286,28.0,184.0,92.0,4.965809351013834,38.01575960052557,0.0859832763671875
PATCH_000395,ch2_tmc_ncf_20211122T2123225722_b_brw_d18.png,TMC,calibrated,0,7488,256,D:\lunar ai\patches\TMC\PATCH_000395.png,89.39759826660156,17.89088802258176,22.0,196.0,89.0,5.509352508265293,39.65798838733521,0.1046295166015625
PATCH_000396,ch2_tmc_ncf_20211122T2123225722_b_brw_d18.png,TMC,calibrated,0,7680,256,D:\lunar ai\patches\TMC\PATCH_000396.png,93.20497131347656,19.40467171817508,30.0,255.0,94.0,5.619623317661924,39.22112623771327,0.104583740234375
PATCH_000397,ch2_tmc_ncf_20211122T2123225722_b_brw_d18.png,TMC,calibrated,0,7872,256,D:\lunar ai\patches\TMC\PATCH_000397.png,93.45100402832031,18.504366250753492,12.0,243.0,94.0,5.546196033942341,38.484977480837514,0.092071533203125
PATCH_000398,ch2_tmc_ncf_20211122T2123225722_b_brw_d18.png,TMC,calibrated,0,8064,256,D:\lunar ai\patches\TMC\PATCH_000398.png,83.08828735351562,21.924130502985957,7.0,205.0,86.0,5.762943465513322,38.574764563113035,0.10174560546875
PATCH_000399,ch2_tmc_ncf_20211122T2123225722_b_brw_d18.png,TMC,calibrated,0,8256,256,D:\lunar ai\patches\TMC\PATCH_000399.png,91.37957763671875,19.791323780626147,12.0,255.0,92.0,5.570931418424176,38.27891636567027,0.089752197265625
PATCH_000400,ch2_tmc_ncf_20211122T2123225722_b_brw_d18.png,TMC,calibrated,0,8448,256,D:\lunar ai\patches\TMC\PATCH_000400.png,104.37112426757812,16.66736752066835,28.0,255.0,103.0,5.335687574126329,37.464532451941224,0.0785064697265625
PATCH_000401,ch2_tmc_ncf_20211122T2123225722_b_brw_d18.png,TMC,calibrated,0,8640,256,D:\lunar ai\patches\TMC\PATCH_000401.png,106.21794128417969,15.254983128920278,41.0,237.0,105.0,5.233444070090235,39.3020372545833,0.107208251953125
PATCH_000402,ch2_tmc_ncf_20211122T2123225722_b_brw_d18.png,TMC,calibrated,0,8832,256,D:\lunar ai\patches\TMC\PATCH_000402.png,98.61396789550781,14.585231749812776,39.0,237.0,97.0,5.1218063671742,36.2695452164265,0.071868896484375
PATCH_000403,ch2_tmc_ncf_20211122T2123225722_b_brw_d18.png,TMC,calibrated,0,9024,256,D:\lunar ai\patches\TMC\PATCH_000403.png,99.67706298828125,11.583318568506568,19.0,218.0,98.0,4.840162518556547,35.98195602346991,0.0673980712890625
PATCH_000404,ch2_tmc_ncf_20211122T2123225722_b_brw_d18.png,TMC,calibrated,0,9216,256,D:\lunar ai\patches\TMC\PATCH_000404.png,99.00215148925781,12.283655572492785,30.0,239.0,98.0,4.893583700728596,38.50938995738175,0.081146240234375
PATCH_000405,ch2_tmc_ncf_20211122T2123225722_b_brw_d18.png,TMC,calibrated,0,9408,256,D:\lunar ai\patches\TMC\PATCH_000405.png,104.43206787109375,18.98806852499344,28.0,255.0,102.0,5.4993851337458395,44.60612942443792,0.1392974853515625
PATCH_000406,ch2_tmc_ncf_20211122T2123225722_b_brw_d18.png,TMC,calibrated,0,9600,256,D:\lunar ai\patches\TMC\PATCH_000406.png,100.82281494140625,16.273442435366853,33.0,235.0,98.0,5.236465491555591,41.72900629595212,0.1146087646484375
PATCH_000407,ch2_tmc_ncf_20211122T2123225722_b_brw_d18.png,TMC,calibrated,0,9792,256,D:\lunar ai\patches\TMC\PATCH_000407.png,95.54981994628906,12.227434409977242,39.0,211.0,95.0,4.900549356576977,37.8464494585932,0.0703277587890625
PATCH_000408,ch2_tmc_ncf_20211122T2123225722_b_brw_d18.png,TMC,calibrated,0,9984,256,D:\lunar ai\patches\TMC\PATCH_000408.png,93.0767822265625,13.016760735916227,30.0,227.0,92.0,4.929265878816652,36.017636184335146,0.06231689453125
PATCH_000409,ch2_tmc_ncf_20211122T2123225722_b_brw_d18.png,TMC,calibrated,0,10176,256,D:\lunar ai\patches\TMC\PATCH_000409.png,88.93879699707031,12.94350512307788,31.0,211.0,89.0,4.994819573277799,34.328691692752614,0.0572967529296875
PATCH_000410,ch2_tmc_ncf_20211122T2123225722_b_brw_d18.png,TMC,calibrated,0,10368,256,D:\lunar ai\patches\TMC\PATCH_000410.png,82.02803039550781,14.144888594631803,17.0,211.0,82.0,5.1463177102747935,31.058730629262854,0.0357818603515625
PATCH_000411,ch2_tmc_ncf_20211122T2123225722_b_brw_d18.png,TMC,calibrated,0,10560,256,D:\lunar ai\patches\TMC\PATCH_000411.png,89.04714965820312,13.917620827133362,17.0,211.0,89.0,5.1381024029178635,32.20564565931935,0.0503692626953125
PATCH_000412,ch2_tmc_ncf_20211122T2123225722_b_brw_d18.png,TMC,calibrated,0,10752,256,D:\lunar ai\patches\TMC\PATCH_000412.png,96.07130432128906,12.638893743287705,27.0,239.0,95.0,4.987538075572944,29.468331048763513,0.032928466796875
PATCH_000413,ch2_tmc_ncf_20211122T2123225722_b_brw_d18.png,TMC,calibrated,0,10944,256,D:\lunar ai\patches\TMC\PATCH_000413.png,99.05134582519531,11.24085743772852,43.0,197.0,98.0,4.843376371548229,29.97786707393566,0.0330963134765625
PATCH_000414,ch2_tmc_ncf_20211122T2123225722_b_brw_d18.png,TMC,calibrated,0,11136,256,D:\lunar ai\patches\TMC\PATCH_000414.png,123.70687866210938,28.724720633745804,39.0,255.0,119.0,6.110103490811388,48.64981844418896,0.17340087890625
PATCH_000415,ch2_tmc_ncf_20211122T2123225722_b_brw_d18.png,TMC,calibrated,0,11328,256,D:\lunar ai\patches\TMC\PATCH_000415.png,127.03630065917969,19.007175351822177,33.0,255.0,124.0,5.506353983930445,42.97358704044407,0.1400909423828125
PATCH_000416,ch2_tmc_ncf_20211122T2123225722_b_brw_d18.png,TMC,calibrated,0,11520,256,D:\lunar ai\patches\TMC\PATCH_000416.png,127.59297180175781,19.458975464220227,14.0,255.0,125.0,5.607059439365322,59.65929841636641,0.2249298095703125
PATCH_000417,ch2_tmc_ncf_20211122T2123225722_b_brw_d18.png,TMC,calibrated,0,11712,256,D:\lunar ai\patches\TMC\PATCH_000417.png,133.37901306152344,20.369245667070828,12.0,255.0,132.0,5.660744882932202,76.19282969513296,0.301849365234375
PATCH_000418,ch2_tmc_ncf_20211122T2123225722_b_brw_d18.png,TMC,calibrated,0,11904,256,D:\lunar ai\patches\TMC\PATCH_000418.png,128.48410034179688,31.26025062166624,7.0,255.0,130.0,6.194483027659535,83.09812673916107,0.297882080078125
PATCH_000419,ch2_tmc_ncf_20211122T2123225722_b_brw_d18.png,TMC,calibrated,0,12096,256,D:\lunar ai\patches\TMC\PATCH_000419.png,130.9506378173828,24.655559747961085,7.0,255.0,130.0,5.900204275856991,73.26068377623919,0.28314208984375
PATCH_000420,ch2_tmc_ncf_20211122T2123225722_b_brw_d18.png,TMC,calibrated,0,12288,256,D:\lunar ai\patches\TMC\PATCH_000420.png,126.84358215332031,19.230199190935604,11.0,255.0,125.0,5.559134771256751,74.51440343020278,0.298309326171875
PATCH_000421,ch2_tmc_ncf_20211122T2123225722_b_brw_d18.png,TMC,calibrated,0,12480,256,D:\lunar ai\patches\TMC\PATCH_000421.png,118.30537414550781,23.508579570099855,7.0,255.0,117.0,5.818571245034215,70.10195315190083,0.273101806640625
PATCH_000422,ch2_tmc_ncf_20211122T2123225722_b_brw_d18.png,TMC,calibrated,0,12672,256,D:\lunar ai\patches\TMC\PATCH_000422.png,117.72604370117188,29.726917547929695,7.0,255.0,116.0,6.224773011448265,74.52650340833978,0.29449462890625
PATCH_000423,ch2_tmc_ncf_20211122T2123225722_b_brw_d18.png,TMC,calibrated,0,12864,256,D:\lunar ai\patches\TMC\PATCH_000423.png,125.97512817382812,25.86212913101197,9.0,255.0,124.0,5.994068647404136,76.54669675414301,0.3083953857421875
PATCH_000424,ch2_tmc_ncf_20211122T2123225722_b_brw_d18.png,TMC,calibrated,0,13056,256,D:\lunar ai\patches\TMC\PATCH_000424.png,116.30970764160156,17.749704649280634,15.0,255.0,114.0,5.458177197048643,59.57964834645887,0.238525390625
PATCH_000425,ch2_tmc_ncf_20211122T2123225722_b_brw_d18.png,TMC,calibrated,0,13248,256,D:\lunar ai\patches\TMC\PATCH_000425.png,107.27264404296875,14.404075552452351,15.0,255.0,106.0,5.144005807963508,41.38878358812791,0.1137847900390625
PATCH_000426,ch2_tmc_ncf_20211122T2123225722_b_brw_d18.png,TMC,calibrated,0,13440,256,D:\lunar ai\patches\TMC\PATCH_000426.png,96.53569030761719,11.147158054682944,31.0,215.0,95.0,4.637356960025334,23.96194436215782,0.0118560791015625
PATCH_000427,ch2_tmc_ncf_20211122T2123225722_b_brw_d18.png,TMC,calibrated,0,13632,256,D:\lunar ai\patches\TMC\PATCH_000427.png,93.49333190917969,9.671554011709212,58.0,221.0,94.0,4.584522013334029,26.61530931483231,0.0184478759765625
PATCH_000428,ch2_tmc_ncf_20211122T2123225722_b_brw_d18.png,TMC,calibrated,0,13824,256,D:\lunar ai\patches\TMC\PATCH_000428.png,101.40289306640625,12.299192728657077,62.0,255.0,100.0,4.8589140227113,32.2256657693621,0.0498046875
PATCH_000429,ch2_tmc_ncf_20211122T2123225722_b_brw_d18.png,TMC,calibrated,0,14016,256,D:\lunar ai\patches\TMC\PATCH_000429.png,104.61997985839844,13.337702059943785,58.0,255.0,103.0,4.980232988907848,35.26454261607534,0.058746337890625
PATCH_000430,ch2_tmc_ncf_20211122T2123225722_b_brw_d18.png,TMC,calibrated,0,14208,256,D:\lunar ai\patches\TMC\PATCH_000430.png,110.10414123535156,17.773472800475215,66.0,255.0,106.0,5.334304056232109,36.56063459926831,0.0760345458984375
PATCH_000431,ch2_tmc_ncf_20211122T2123225722_b_brw_d18.png,TMC,calibrated,0,14400,256,D:\lunar ai\patches\TMC\PATCH_000431.png,116.62626647949219,19.790560306245528,62.0,248.0,114.0,5.617860059648363,39.493646559045715,0.0962371826171875
PATCH_000432,ch2_tmc_ncf_20211122T2123225722_b_brw_d18.png,TMC,calibrated,0,14592,256,D:\lunar ai\patches\TMC\PATCH_000432.png,117.69911193847656,17.170596174584144,63.0,248.0,117.0,5.44761134274621,41.486758597381936,0.1175079345703125
PATCH_000433,ch2_tmc_ncf_20211122T2123225722_b_brw_d18.png,TMC,calibrated,0,14784,256,D:\lunar ai\patches\TMC\PATCH_000433.png,121.78053283691406,14.91912728495204,66.0,255.0,121.0,5.2101080302915985,45.30986535092764,0.1558380126953125
PATCH_000434,ch2_tmc_ncf_20211122T2123225722_b_brw_d18.png,TMC,calibrated,0,14976,256,D:\lunar ai\patches\TMC\PATCH_000434.png,127.00486755371094,15.628249392229122,66.0,255.0,125.0,5.254241610682486,44.180441921546375,0.1427001953125
PATCH_000435,ch2_tmc_ncf_20211122T2123225722_b_brw_d18.png,TMC,calibrated,0,15168,256,D:\lunar ai\patches\TMC\PATCH_000435.png,119.05912780761719,16.95884744639162,73.0,255.0,117.0,5.389414445566684,39.637348374747546,0.104705810546875
PATCH_000436,ch2_tmc_ncf_20211122T2123225722_b_brw_d18.png,TMC,calibrated,0,15360,256,D:\lunar ai\patches\TMC\PATCH_000436.png,119.4969482421875,17.460100908740902,73.0,243.0,119.0,5.465462723767692,39.974391103040986,0.1082305908203125
PATCH_000437,ch2_tmc_ncf_20211122T2123225722_b_brw_d18.png,TMC,calibrated,0,15552,256,D:\lunar ai\patches\TMC\PATCH_000437.png,128.2117156982422,17.776374003934723,65.0,255.0,127.0,5.4735907444094645,46.51579859474177,0.161956787109375
PATCH_000438,ch2_tmc_ncf_20211122T2123225722_b_brw_d18.png,TMC,calibrated,0,15744,256,D:\lunar ai\patches\TMC\PATCH_000438.png,127.5115966796875,16.373200149756105,82.0,255.0,124.0,5.277338501821344,44.33776924489976,0.1369171142578125
PATCH_000439,ch2_tmc_ncf_20211122T2123225722_b_brw_d18.png,TMC,calibrated,0,15936,256,D:\lunar ai\patches\TMC\PATCH_000439.png,123.96055603027344,12.896264768486892,84.0,240.0,122.0,4.898988125941219,38.0280501922541,0.0848388671875
PATCH_000440,ch2_tmc_ncf_20211122T2123225722_b_brw_d18.png,TMC,calibrated,0,16128,256,D:\lunar ai\patches\TMC\PATCH_000440.png,121.51033020019531,11.105062046318738,79.0,229.0,121.0,4.728169187228772,33.10277228088111,0.050079345703125
PATCH_000441,ch2_tmc_ncf_20211122T2123225722_b_brw_d18.png,TMC,calibrated,0,16320,256,D:\lunar ai\patches\TMC\PATCH_000441.png,120.50141906738281,12.198219862359693,73.0,219.0,119.0,4.854273726333123,34.373364558264065,0.0645904541015625
PATCH_000442,ch2_tmc_ncf_20211122T2123225722_b_brw_d18.png,TMC,calibrated,0,16512,256,D:\lunar ai\patches\TMC\PATCH_000442.png,124.853515625,13.660568846312147,73.0,255.0,122.0,4.938271525444693,40.271015376983186,0.1052398681640625
PATCH_000443,ch2_tmc_ncf_20211122T2123225722_b_brw_d18.png,TMC,calibrated,0,16704,256,D:\lunar ai\patches\TMC\PATCH_000443.png,125.400634765625,13.747990649965024,86.0,255.0,122.0,4.9422059113776005,35.353635590746336,0.062835693359375
PATCH_000444,ch2_tmc_ncf_20211122T2123225722_b_brw_d18.png,TMC,calibrated,0,16896,256,D:\lunar ai\patches\TMC\PATCH_000444.png,135.50462341308594,26.441834323725505,86.0,255.0,127.0,5.713710560985379,34.89432672500786,0.0686492919921875
PATCH_000445,ch2_tmc_ncf_20211122T2123225722_b_brw_d18.png,TMC,calibrated,0,17088,256,D:\lunar ai\patches\TMC\PATCH_000445.png,128.34620666503906,14.500839691566561,84.0,243.0,125.0,4.9957585750010995,35.59716570289083,0.0711517333984375
PATCH_000446,ch2_tmc_ncf_20211122T2123225722_b_brw_d18.png,TMC,calibrated,0,17280,256,D:\lunar ai\patches\TMC\PATCH_000446.png,122.44941711425781,11.20561878253068,86.0,216.0,121.0,4.732691888254603,33.842129786916615,0.0567169189453125
PATCH_000447,ch2_tmc_ncf_20211122T2123225722_b_brw_d18.png,TMC,calibrated,0,17472,256,D:\lunar ai\patches\TMC\PATCH_000447.png,119.98974609375,12.41768374000488,73.0,192.0,119.0,4.982707172227498,27.7885195813474,0.0235137939453125
PATCH_000448,ch2_tmc_ncf_20211122T2123225722_b_brw_d18.png,TMC,calibrated,0,17664,256,D:\lunar ai\patches\TMC\PATCH_000448.png,114.19729614257812,15.162091617919035,68.0,204.0,114.0,5.2769177920777395,24.788187515093803,0.0143890380859375
PATCH_000449,ch2_tmc_ncf_20211122T2123225722_b_brw_d18.png,TMC,calibrated,0,17856,256,D:\lunar ai\patches\TMC\PATCH_000449.png,113.30551147460938,11.088393464503667,78.0,255.0,113.0,4.8031216224718385,25.082285536255874,0.0167694091796875
PATCH_000450,ch2_tmc_ncf_20211122T2123225722_b_brw_d18.png,TMC,calibrated,0,18048,256,D:\lunar ai\patches\TMC\PATCH_000450.png,110.73713684082031,12.816464383081172,73.0,218.0,109.0,4.940561678478241,26.67952433844622,0.028045654296875
PATCH_000451,ch2_tmc_ncf_20211122T2123225722_b_brw_d18.png,TMC,calibrated,0,18240,256,D:\lunar ai\patches\TMC\PATCH_000451.png,113.02947998046875,13.029540929708716,63.0,210.0,113.0,5.045569086047847,27.094535630400813,0.0273895263671875
PATCH_000452,ch2_tmc_ncf_20211122T2123225722_b_brw_d18.png,TMC,calibrated,0,18432,256,D:\lunar ai\patches\TMC\PATCH_000452.png,112.55335998535156,11.093009575953573,63.0,196.0,111.0,4.783392635288381,26.013728108131737,0.0178680419921875
PATCH_000453,ch2_tmc_ncf_20211122T2123225722_b_brw_d18.png,TMC,calibrated,0,18624,256,D:\lunar ai\patches\TMC\PATCH_000453.png,114.45803833007812,14.727476661264859,73.0,215.0,113.0,5.214654820913459,23.132772005500712,0.0076751708984375
PATCH_000454,ch2_tmc_ncf_20211122T2123225722_b_brw_d18.png,TMC,calibrated,0,18816,256,D:\lunar ai\patches\TMC\PATCH_000454.png,111.57142639160156,16.237293923077544,70.0,197.0,111.0,5.367928513994176,22.745919627279903,0.01513671875
PATCH_000455,ch2_tmc_ncf_20211122T2123225722_b_brw_d18.png,TMC,calibrated,0,19008,256,D:\lunar ai\patches\TMC\PATCH_000455.png,107.077880859375,10.024625209808775,76.0,221.0,106.0,4.658417513574276,21.39843174590481,0.009368896484375
PATCH_000456,ch2_tmc_ncf_20211122T2123225722_b_brw_d18.png,TMC,calibrated,0,19200,256,D:\lunar ai\patches\TMC\PATCH_000456.png,105.98493957519531,14.485913049239532,70.0,247.0,105.0,5.121398558781402,23.470382717752102,0.0160369873046875
PATCH_000457,ch2_tmc_ncf_20211122T1925079181_b_brw_d18.png,TMC,calibrated,0,0,256,D:\lunar ai\patches\TMC\PATCH_000457.png,59.10430908203125,21.154719807941564,0.0,183.0,58.0,5.847426199716827,40.511626270404165,0.10748291015625
PATCH_000458,ch2_tmc_ncf_20211122T1925079181_b_brw_d18.png,TMC,calibrated,0,192,256,D:\lunar ai\patches\TMC\PATCH_000458.png,66.65373229980469,21.43132553717542,0.0,232.0,67.0,5.8440486876317195,39.35968935717952,0.1052398681640625
PATCH_000459,ch2_tmc_ncf_20211122T1925079181_b_brw_d18.png,TMC,calibrated,0,384,256,D:\lunar ai\patches\TMC\PATCH_000459.png,72.29287719726562,16.96297979839277,1.0,232.0,70.0,5.333311176816247,38.21890675456363,0.0913238525390625
PATCH_000460,ch2_tmc_ncf_20211122T1925079181_b_brw_d18.png,TMC,calibrated,0,576,256,D:\lunar ai\patches\TMC\PATCH_000460.png,68.84396362304688,15.907407046345732,1.0,207.0,68.0,5.419291540634985,42.12030243991626,0.1318817138671875
PATCH_000461,ch2_tmc_ncf_20211122T1925079181_b_brw_d18.png,TMC,calibrated,0,768,256,D:\lunar ai\patches\TMC\PATCH_000461.png,72.40133666992188,15.173919530123813,2.0,184.0,73.0,5.343618827020494,40.873126978291666,0.1224822998046875
PATCH_000462,ch2_tmc_ncf_20211122T1925079181_b_brw_d18.png,TMC,calibrated,0,960,256,D:\lunar ai\patches\TMC\PATCH_000462.png,69.72789001464844,17.904526217164904,2.0,184.0,70.0,5.599438962906698,38.50458966312189,0.0976715087890625
PATCH_000463,ch2_tmc_ncf_20211122T1925079181_b_brw_d18.png,TMC,calibrated,0,1152,256,D:\lunar ai\patches\TMC\PATCH_000463.png,82.11570739746094,17.779595254899803,5.0,222.0,83.0,5.608465858651421,35.70391847944464,0.0736236572265625
PATCH_000464,ch2_tmc_ncf_20211122T1925079181_b_brw_d18.png,TMC,calibrated,0,1344,256,D:\lunar ai\patches\TMC\PATCH_000464.png,83.66616821289062,23.389277353254133,1.0,222.0,83.0,5.871973755326631,39.42686160202132,0.0965576171875
PATCH_000465,ch2_tmc_ncf_20211122T1925079181_b_brw_d18.png,TMC,calibrated,0,1536,256,D:\lunar ai\patches\TMC\PATCH_000465.png,75.77462768554688,16.970898684044307,2.0,180.0,76.0,5.5003045419806575,40.539608182161786,0.1027374267578125
PATCH_000466,ch2_tmc_ncf_20211122T1925079181_b_brw_d18.png,TMC,calibrated,0,1728,256,D:\lunar ai\patches\TMC\PATCH_000466.png,70.35980224609375,14.086357725981934,2.0,180.0,68.0,5.251274062892705,31.449408004007818,0.046417236328125
PATCH_000467,ch2_tmc_ncf_20211122T1925079181_b_brw_d18.png,TMC,calibrated,0,1920,256,D:\lunar ai\patches\TMC\PATCH_000467.png,65.07708740234375,11.604206187136274,1.0,180.0,64.0,4.8936717728503805,28.04855563726652,0.031158447265625
PATCH_000468,ch2_tmc_ncf_20211122T1925079181_b_brw_d18.png,TMC,calibrated,0,2112,256,D:\lunar ai\patches\TMC\PATCH_000468.png,64.22752380371094,8.603370318866299,4.0,171.0,64.0,4.460246559636515,29.257333701333994,0.0342864990234375
PATCH_000469,ch2_tmc_ncf_20211122T1925079181_b_brw_d18.png,TMC,calibrated,0,2304,256,D:\lunar ai\patches\TMC\PATCH_000469.png,67.03770446777344,9.239647784980374,2.0,168.0,67.0,4.523493161058709,32.33594426174191,0.0595703125
PATCH_000470,ch2_tmc_ncf_20211122T1925079181_b_brw_d18.png,TMC,calibrated,0,2496,256,D:\lunar ai\patches\TMC\PATCH_000470.png,68.73512268066406,10.800683766098873,2.0,192.0,68.0,4.7578245646562145,34.37710509933574,0.07183837890625
PATCH_000471,ch2_tmc_ncf_20211122T1925079181_b_brw_d18.png,TMC,calibrated,0,2688,256,D:\lunar ai\patches\TMC\PATCH_000471.png,69.91117858886719,9.650546937427675,1.0,192.0,68.0,4.532001136636952,33.401398157945664,0.0590057373046875
PATCH_000472,ch2_tmc_ncf_20211122T1925079181_b_brw_d18.png,TMC,calibrated,0,2880,256,D:\lunar ai\patches\TMC\PATCH_000472.png,68.73051452636719,9.896960303962619,1.0,183.0,68.0,4.624060445863473,33.36272448331306,0.061492919921875
PATCH_000473,ch2_tmc_ncf_20211122T1925079181_b_brw_d18.png,TMC,calibrated,0,3072,256,D:\lunar ai\patches\TMC\PATCH_000473.png,68.12745666503906,8.304136596185508,7.0,175.0,67.0,4.399499308909416,30.267781422075846,0.04425048828125
PATCH_000474,ch2_tmc_ncf_20211122T1925079181_b_brw_d18.png,TMC,calibrated,0,3264,256,D:\lunar ai\patches\TMC\PATCH_000474.png,67.99351501464844,8.699572396024756,13.0,159.0,67.0,4.488249547313347,31.522978503568737,0.0463104248046875
PATCH_000475,ch2_tmc_ncf_20211122T1925079181_b_brw_d18.png,TMC,calibrated,0,3456,256,D:\lunar ai\patches\TMC\PATCH_000475.png,65.45835876464844,11.011346937084786,5.0,168.0,65.0,4.878769529416586,33.61816289095437,0.0543670654296875
PATCH_000476,ch2_tmc_ncf_20211122T1925079181_b_brw_d18.png,TMC,calibrated,0,3648,256,D:\lunar ai\patches\TMC\PATCH_000476.png,69.70040893554688,13.542445293956442,1.0,170.0,68.0,5.179742285890513,32.024949346267704,0.0451202392578125
PATCH_000477,ch2_tmc_ncf_20211122T1925079181_b_brw_d18.png,TMC,calibrated,0,3840,256,D:\lunar ai\patches\TMC\PATCH_000477.png,75.84962463378906,11.021080660002266,8.0,180.0,74.0,4.886622385031748,28.838261844210443,0.0243988037109375
PATCH_000478,ch2_tmc_ncf_20211122T1925079181_b_brw_d18.png,TMC,calibrated,0,4032,256,D:\lunar ai\patches\TMC\PATCH_000478.png,67.44436645507812,12.3033811063041,2.0,159.0,67.0,5.010513195354957,28.91001112565784,0.0323028564453125
PATCH_000479,ch2_tmc_ncf_20211122T1925079181_b_brw_d18.png,TMC,calibrated,0,4224,256,D:\lunar ai\patches\TMC\PATCH_000479.png,69.22689819335938,12.07223135527965,4.0,175.0,68.0,4.9768284833713405,28.969054900137266,0.0290374755859375
PATCH_000480,ch2_tmc_ncf_20211122T1925079181_b_brw_d18.png,TMC,calibrated,0,4416,256,D:\lunar ai\patches\TMC\PATCH_000480.png,64.07560729980469,13.601532415463765,5.0,162.0,65.0,5.141210463987691,29.019438948819037,0.0248565673828125
PATCH_000481,ch2_tmc_ncf_20211122T1925079181_b_brw_d18.png,TMC,calibrated,0,4608,256,D:\lunar ai\patches\TMC\PATCH_000481.png,60.66566467285156,14.42548316326052,1.0,155.0,62.0,5.249555910831234,28.297095474605797,0.0244140625
PATCH_000482,ch2_tmc_ncf_20211122T1925079181_b_brw_d18.png,TMC,calibrated,0,4800,256,D:\lunar ai\patches\TMC\PATCH_000482.png,75.32841491699219,19.868396559619622,10.0,192.0,70.0,5.111937283665995,28.380656549955823,0.03900146484375
PATCH_000483,ch2_tmc_ncf_20211122T1925079181_b_brw_d18.png,TMC,calibrated,0,4992,256,D:\lunar ai\patches\TMC\PATCH_000483.png,75.84799194335938,25.00257423750379,4.0,192.0,68.0,5.537246498275664,29.83705594650609,0.045257568359375
PATCH_000484,ch2_tmc_ncf_20211122T1925079181_b_brw_d18.png,TMC,calibrated,0,5184,256,D:\lunar ai\patches\TMC\PATCH_000484.png,68.60038757324219,9.806635412637126,4.0,152.0,68.0,4.639739747115651,26.266130715808444,0.0203399658203125
PATCH_000485,ch2_tmc_ncf_20211122T1925079181_b_brw_d18.png,TMC,calibrated,0,5376,256,D:\lunar ai\patches\TMC\PATCH_000485.png,73.36822509765625,11.198767070989044,22.0,170.0,73.0,4.906262189740513,27.56640292488326,0.0235137939453125
PATCH_000486,ch2_tmc_ncf_20211122T1925079181_b_brw_d18.png,TMC,calibrated,0,5568,256,D:\lunar ai\patches\TMC\PATCH_000486.png,74.30036926269531,11.037818560945283,5.0,147.0,73.0,4.865564776381314,26.20195679345576,0.0192108154296875
PATCH_000487,ch2_tmc_ncf_20211122T1925079181_b_brw_d18.png,TMC,calibrated,0,5760,256,D:\lunar ai\patches\TMC\PATCH_000487.png,75.438232421875,9.2435131234801,4.0,184.0,74.0,4.59361190874448,27.433191745348786,0.0209808349609375
PATCH_000488,ch2_tmc_ncf_20211122T1925079181_b_brw_d18.png,TMC,calibrated,0,5952,256,D:\lunar ai\patches\TMC\PATCH_000488.png,78.58697509765625,9.666493923133736,7.0,186.0,77.0,4.636086310972753,30.9144978865213,0.0370025634765625
PATCH_000489,ch2_tmc_ncf_20211122T1925079181_b_brw_d18.png,TMC,calibrated,0,6144,256,D:\lunar ai\patches\TMC\PATCH_000489.png,80.24537658691406,14.818556487741953,4.0,198.0,77.0,5.175681449684252,37.33684157822842,0.0776214599609375
PATCH_000490,ch2_tmc_ncf_20211122T1925079181_b_brw_d18.png,TMC,calibrated,0,6336,256,D:\lunar ai\patches\TMC\PATCH_000490.png,107.73561096191406,50.3198197332069,2.0,255.0,95.0,6.869442525189856,54.6717260483623,0.213958740234375
PATCH_000491,ch2_tmc_ncf_20211122T1925079181_b_brw_d18.png,TMC,calibrated,0,6528,256,D:\lunar ai\patches\TMC\PATCH_000491.png,75.28680419921875,37.17936188778071,1.0,255.0,76.0,6.1018220112740575,38.2906512156848,0.1131591796875
PATCH_000492,ch2_tmc_ncf_20211122T1925079181_b_brw_d18.png,TMC,calibrated,0,6720,256,D:\lunar ai\patches\TMC\PATCH_000492.png,73.97286987304688,10.6150097813136,8.0,172.0,73.0,4.730914025506033,26.30648369413784,0.025146484375
PATCH_000493,ch2_tmc_ncf_20211122T1925079181_b_brw_d18.png,TMC,calibrated,0,6912,256,D:\lunar ai\patches\TMC\PATCH_000493.png,72.89923095703125,11.942646628390381,8.0,178.0,74.0,4.981534497611386,25.825360631734966,0.021240234375
PATCH_000494,ch2_tmc_ncf_20211122T1925079181_b_brw_d18.png,TMC,calibrated,0,7104,256,D:\lunar ai\patches\TMC\PATCH_000494.png,69.77029418945312,18.161461510991078,14.0,167.0,70.0,5.614532517732902,28.487678400977565,0.027923583984375
PATCH_000495,ch2_tmc_ncf_20211122T1925079181_b_brw_d18.png,TMC,calibrated,0,7296,256,D:\lunar ai\patches\TMC\PATCH_000495.png,85.68698120117188,23.73082038459925,4.0,196.0,85.0,6.026967699439696,35.267560900829956,0.071319580078125
PATCH_000496,ch2_tmc_ncf_20211122T1925079181_b_brw_d18.png,TMC,calibrated,0,7488,256,D:\lunar ai\patches\TMC\PATCH_000496.png,95.0767822265625,19.478798175622572,28.0,223.0,96.0,5.728093641762417,38.124051559586235,0.086090087890625
PATCH_000497,ch2_tmc_ncf_20211122T1925079181_b_brw_d18.png,TMC,calibrated,0,7680,256,D:\lunar ai\patches\TMC\PATCH_000497.png,96.203125,17.087932482411016,41.0,223.0,95.0,5.527496585569441,38.92205278718589,0.0993804931640625
PATCH_000498,ch2_tmc_ncf_20211122T1925079181_b_brw_d18.png,TMC,calibrated,0,7872,256,D:\lunar ai\patches\TMC\PATCH_000498.png,85.66166687011719,17.160295915658047,29.0,201.0,85.0,5.549126808822896,32.662707525571385,0.053466796875
PATCH_000499,ch2_tmc_ncf_20211122T1925079181_b_brw_d18.png,TMC,calibrated,0,8064,256,D:\lunar ai\patches\TMC\PATCH_000499.png,83.92495727539062,10.614175422888138,38.0,213.0,83.0,4.824675782310999,28.16936408111852,0.0207977294921875
PATCH_000500,ch2_tmc_ncf_20211122T1925079181_b_brw_d18.png,TMC,calibrated,0,8256,256,D:\lunar ai\patches\TMC\PATCH_000500.png,85.30386352539062,10.432913579473631,11.0,219.0,85.0,4.764103572501627,28.180291826485316,0.022064208984375
PATCH_000501,ch2_tmc_ncf_20211122T1925079181_b_brw_d18.png,TMC,calibrated,0,8448,256,D:\lunar ai\patches\TMC\PATCH_000501.png,78.70697021484375,11.217214771352642,23.0,161.0,79.0,4.939236379661915,29.224413596853104,0.0293731689453125
PATCH_000502,ch2_tmc_ncf_20211122T1925079181_b_brw_d18.png,TMC,calibrated,0,8640,256,D:\lunar ai\patches\TMC\PATCH_000502.png,85.38999938964844,17.458133428718575,13.0,204.0,85.0,5.5131327953365314,33.03964046922893,0.0601654052734375
PATCH_000503,ch2_tmc_ncf_20211122T1925079181_b_brw_d18.png,TMC,calibrated,0,8832,256,D:\lunar ai\patches\TMC\PATCH_000503.png,92.93435668945312,16.563161286583846,13.0,216.0,93.0,5.369648641768042,34.03520086812042,0.058868408203125
PATCH_000504,ch2_tmc_ncf_20211122T1925079181_b_brw_d18.png,TMC,calibrated,0,9024,256,D:\lunar ai\patches\TMC\PATCH_000504.png,95.63871765136719,11.746687348491028,29.0,216.0,95.0,4.989744603095963,33.33729164507092,0.0500030517578125
PATCH_000505,ch2_tmc_ncf_20211122T1925079181_b_brw_d18.png,TMC,calibrated,0,9216,256,D:\lunar ai\patches\TMC\PATCH_000505.png,93.949462890625,10.215436482783256,43.0,205.0,93.0,4.764580884602243,33.23370438071976,0.04498291015625
PATCH_000506,ch2_tmc_ncf_20211122T1925079181_b_brw_d18.png,TMC,calibrated,0,9408,256,D:\lunar ai\patches\TMC\PATCH_000506.png,97.67256164550781,12.13736841248764,37.0,222.0,96.0,4.965818000958886,35.82925105730462,0.0539093017578125
PATCH_000507,ch2_tmc_ncf_20211122T1925079181_b_brw_d18.png,TMC,calibrated,0,9600,256,D:\lunar ai\patches\TMC\PATCH_000507.png,103.7548828125,13.516506946872807,56.0,255.0,104.0,5.1573418490644745,37.73075197141006,0.076416015625
PATCH_000508,ch2_tmc_ncf_20211122T1925079181_b_brw_d18.png,TMC,calibrated,0,9792,256,D:\lunar ai\patches\TMC\PATCH_000508.png,96.68246459960938,12.590258903912407,37.0,255.0,95.0,5.0016687290632245,34.51466157557284,0.0430908203125
PATCH_000509,ch2_tmc_ncf_20211122T1925079181_b_brw_d18.png,TMC,calibrated,0,9984,256,D:\lunar ai\patches\TMC\PATCH_000509.png,91.62214660644531,10.19775938699907,52.0,237.0,90.0,4.707330824747256,31.93192275200382,0.036834716796875
PATCH_000510,ch2_tmc_ncf_20211122T1925079181_b_brw_d18.png,TMC,calibrated,0,10176,256,D:\lunar ai\patches\TMC\PATCH_000510.png,88.13813781738281,9.458900642583169,53.0,217.0,87.0,4.5808453846096615,28.254902895084236,0.0248260498046875
PATCH_000511,ch2_tmc_ncf_20211122T1925079181_b_brw_d18.png,TMC,calibrated,0,10368,256,D:\lunar ai\patches\TMC\PATCH_000511.png,86.85792541503906,10.416438904724727,46.0,214.0,86.0,4.781367741152781,26.123969301581692,0.016693115234375
PATCH_000512,ch2_tmc_ncf_20211122T1925079181_b_brw_d18.png,TMC,calibrated,0,10560,256,D:\lunar ai\patches\TMC\PATCH_000512.png,87.25857543945312,10.769261465015939,37.0,214.0,86.0,4.861758961289457,26.804806749394274,0.020751953125
PATCH_000513,ch2_tmc_ncf_20211122T1925079181_b_brw_d18.png,TMC,calibrated,0,10752,256,D:\lunar ai\patches\TMC\PATCH_000513.png,88.65231323242188,10.105482799590673,41.0,204.0,87.0,4.724978964348108,24.341913531751437,0.0126190185546875
PATCH_000514,ch2_tmc_ncf_20211122T1925079181_b_brw_d18.png,TMC,calibrated,0,10944,256,D:\lunar ai\patches\TMC\PATCH_000514.png,97.26051330566406,12.569145460516042,20.0,226.0,96.0,5.079432819639591,31.33097628061524,0.0492095947265625
PATCH_000515,ch2_tmc_ncf_20211122T1925079181_b_brw_d18.png,TMC,calibrated,0,11136,256,D:\lunar ai\patches\TMC\PATCH_000515.png,107.84451293945312,24.437070279641286,23.0,255.0,102.0,5.654154856551639,48.884938675397386,0.1684722900390625
PATCH_000516,ch2_tmc_ncf_20211122T1925079181_b_brw_d18.png,TMC,calibrated,0,11328,256,D:\lunar ai\patches\TMC\PATCH_000516.png,126.2156982421875,37.652868123562996,7.0,255.0,116.0,6.4838228125040525,64.4897373232832,0.2538604736328125
PATCH_000517,ch2_tmc_ncf_20211122T1925079181_b_brw_d18.png,TMC,calibrated,0,11520,256,D:\lunar ai\patches\TMC\PATCH_000517.png,129.44741821289062,28.912382901760417,26.0,255.0,123.0,6.08867390968913,54.61904592138495,0.2066192626953125
PATCH_000518,ch2_tmc_ncf_20211122T1925079181_b_brw_d18.png,TMC,calibrated,0,11712,256,D:\lunar ai\patches\TMC\PATCH_000518.png,128.52537536621094,17.81994593241374,23.0,255.0,128.0,5.5391220189402155,52.149007252291774,0.191314697265625
PATCH_000519,ch2_tmc_ncf_20211122T1925079181_b_brw_d18.png,TMC,calibrated,0,11904,256,D:\lunar ai\patches\TMC\PATCH_000519.png,129.4292449951172,18.696366941084843,23.0,255.0,128.0,5.633057864832773,60.10881565053079,0.2405853271484375
PATCH_000520,ch2_tmc_ncf_20211122T1925079181_b_brw_d18.png,TMC,calibrated,0,12096,256,D:\lunar ai\patches\TMC\PATCH_000520.png,128.5101318359375,20.540035426086416,22.0,255.0,126.0,5.7204076757251485,63.94377957881368,0.2569427490234375
PATCH_000521,ch2_tmc_ncf_20211122T1925079181_b_brw_d18.png,TMC,calibrated,0,12288,256,D:\lunar ai\patches\TMC\PATCH_000521.png,127.27229309082031,24.194051143724412,10.0,255.0,125.0,5.980179234711271,71.27889433153075,0.2768402099609375
PATCH_000522,ch2_tmc_ncf_20211122T1925079181_b_brw_d18.png,TMC,calibrated,0,12480,256,D:\lunar ai\patches\TMC\PATCH_000522.png,127.06163024902344,25.15869009766166,10.0,255.0,125.0,6.045603952245237,70.92625718802722,0.27728271484375
PATCH_000523,ch2_tmc_ncf_20211122T1925079181_b_brw_d18.png,TMC,calibrated,0,12672,256,D:\lunar ai\patches\TMC\PATCH_000523.png,122.29048156738281,21.158892144261415,25.0,255.0,119.0,5.76778050983268,55.57840884612125,0.221527099609375
PATCH_000524,ch2_tmc_ncf_20211122T1925079181_b_brw_d18.png,TMC,calibrated,0,12864,256,D:\lunar ai\patches\TMC\PATCH_000524.png,109.6761474609375,15.744876356956043,25.0,255.0,107.0,5.276711978977936,44.68528590330836,0.1504058837890625
PATCH_000525,ch2_tmc_ncf_20211122T1925079181_b_brw_d18.png,TMC,calibrated,0,13056,256,D:\lunar ai\patches\TMC\PATCH_000525.png,99.29962158203125,11.187775937298982,47.0,255.0,98.0,4.833762211194863,28.658927238538695,0.0390472412109375
PATCH_000526,ch2_tmc_ncf_20211122T1925079181_b_brw_d18.png,TMC,calibrated,0,13248,256,D:\lunar ai\patches\TMC\PATCH_000526.png,91.32167053222656,8.20758980383602,58.0,255.0,90.0,4.3934644769928735,22.96538258380841,0.00836181640625
PATCH_000527,ch2_tmc_ncf_20211122T1925079181_b_brw_d18.png,TMC,calibrated,0,13440,256,D:\lunar ai\patches\TMC\PATCH_000527.png,93.45857238769531,9.645137596776483,64.0,216.0,92.0,4.594150239950332,27.584958673944286,0.0223541259765625
PATCH_000528,ch2_tmc_ncf_20211122T1925079181_b_brw_d18.png,TMC,calibrated,0,13632,256,D:\lunar ai\patches\TMC\PATCH_000528.png,98.87124633789062,14.44469115025081,56.0,255.0,98.0,5.230679487789538,31.504225964404164,0.0393524169921875
PATCH_000529,ch2_tmc_ncf_20211122T1925079181_b_brw_d18.png,TMC,calibrated,0,13824,256,D:\lunar ai\patches\TMC\PATCH_000529.png,101.94273376464844,14.106371496388041,56.0,216.0,102.0,5.249106593972795,31.525449458961297,0.037078857421875
PATCH_000530,ch2_tmc_ncf_20211122T1925079181_b_brw_d18.png,TMC,calibrated,0,14016,256,D:\lunar ai\patches\TMC\PATCH_000530.png,101.40235900878906,11.171569868058539,62.0,235.0,101.0,4.877858447274937,30.31257173328177,0.0330352783203125
PATCH_000531,ch2_tmc_ncf_20211122T1925079181_b_brw_d18.png,TMC,calibrated,0,14208,256,D:\lunar ai\patches\TMC\PATCH_000531.png,103.46186828613281,11.190146163822439,52.0,255.0,102.0,4.852912607823037,32.777339281646775,0.04522705078125
PATCH_000532,ch2_tmc_ncf_20211122T1925079181_b_brw_d18.png,TMC,calibrated,0,14400,256,D:\lunar ai\patches\TMC\PATCH_000532.png,108.47682189941406,11.494843225701938,52.0,255.0,107.0,4.884241720430902,34.15256505540795,0.0547027587890625
PATCH_000533,ch2_tmc_ncf_20211122T1925079181_b_brw_d18.png,TMC,calibrated,0,14592,256,D:\lunar ai\patches\TMC\PATCH_000533.png,111.16122436523438,11.230450749548709,77.0,238.0,110.0,4.850389666462746,36.10859570618566,0.0586395263671875
PATCH_000534,ch2_tmc_ncf_20211122T1925079181_b_brw_d18.png,TMC,calibrated,0,14784,256,D:\lunar ai\patches\TMC\PATCH_000534.png,109.75657653808594,14.094701448054561,56.0,234.0,108.0,5.051365829301263,40.41124874985172,0.097564697265625
PATCH_000535,ch2_tmc_ncf_20211122T1925079181_b_brw_d18.png,TMC,calibrated,0,14976,256,D:\lunar ai\patches\TMC\PATCH_000535.png,111.09530639648438,16.2886113154351,56.0,255.0,108.0,5.328442809401243,42.218405035716046,0.1202239990234375
PATCH_000536,ch2_tmc_ncf_20211122T1925079181_b_brw_d18.png,TMC,calibrated,0,15168,256,D:\lunar ai\patches\TMC\PATCH_000536.png,117.14694213867188,16.146733243404494,64.0,235.0,116.0,5.44257060824186,40.00548168032255,0.1085357666015625
PATCH_000537,ch2_tmc_ncf_20211122T1925079181_b_brw_d18.png,TMC,calibrated,0,15360,256,D:\lunar ai\patches\TMC\PATCH_000537.png,121.94841003417969,15.815964185562047,73.0,255.0,119.0,5.33367771588665,37.839119336938495,0.0833740234375
PATCH_000538,ch2_tmc_ncf_20211122T1925079181_b_brw_d18.png,TMC,calibrated,0,15552,256,D:\lunar ai\patches\TMC\PATCH_000538.png,126.28065490722656,18.05712342356312,64.0,238.0,123.0,5.4950504636794815,43.560101360360434,0.1360626220703125
PATCH_000539,ch2_tmc_ncf_20211122T1925079181_b_brw_d18.png,TMC,calibrated,0,15744,256,D:\lunar ai\patches\TMC\PATCH_000539.png,122.25057983398438,13.60289685193483,70.0,231.0,120.0,5.0822200152570485,40.954947064890845,0.1167449951171875
PATCH_000540,ch2_tmc_ncf_20211122T1925079181_b_brw_d18.png,TMC,calibrated,0,15936,256,D:\lunar ai\patches\TMC\PATCH_000540.png,127.17971801757812,19.121709914576275,64.0,255.0,123.0,5.594088432197976,39.24524667008429,0.099365234375
PATCH_000541,ch2_tmc_ncf_20211122T1925079181_b_brw_d18.png,TMC,calibrated,0,16128,256,D:\lunar ai\patches\TMC\PATCH_000541.png,117.61935424804688,15.149088398954326,68.0,220.0,117.0,5.339726533865139,33.490430282744576,0.0572662353515625
PATCH_000542,ch2_tmc_ncf_20211122T1925079181_b_brw_d18.png,TMC,calibrated,0,16320,256,D:\lunar ai\patches\TMC\PATCH_000542.png,116.03361511230469,12.325044510957204,73.0,220.0,114.0,4.996891705033001,33.49050321332517,0.05926513671875
PATCH_000543,ch2_tmc_ncf_20211122T1925079181_b_brw_d18.png,TMC,calibrated,0,16512,256,D:\lunar ai\patches\TMC\PATCH_000543.png,121.29989624023438,14.044515322137862,77.0,241.0,119.0,5.16403683849574,35.020537291802285,0.07098388671875
PATCH_000544,ch2_tmc_ncf_20211122T1925079181_b_brw_d18.png,TMC,calibrated,0,16704,256,D:\lunar ai\patches\TMC\PATCH_000544.png,124.56622314453125,15.993743909149494,80.0,247.0,122.0,5.37853871269588,35.24932255700631,0.0774383544921875
PATCH_000545,ch2_tmc_ncf_20211122T1925079181_b_brw_d18.png,TMC,calibrated,0,16896,256,D:\lunar ai\patches\TMC\PATCH_000545.png,122.81483459472656,12.076295555103533,82.0,202.0,122.0,4.998927195732756,34.490031033173224,0.0706634521484375
PATCH_000546,ch2_tmc_ncf_20211122T1925079181_b_brw_d18.png,TMC,calibrated,0,17088,256,D:\lunar ai\patches\TMC\PATCH_000546.png,120.77366638183594,13.394356266993794,82.0,223.0,120.0,5.174173952797679,33.71790705858514,0.0558319091796875
PATCH_000547,ch2_tmc_ncf_20211122T1925079181_b_brw_d18.png,TMC,calibrated,0,17280,256,D:\lunar ai\patches\TMC\PATCH_000547.png,118.882568359375,14.081170465030556,71.0,249.0,119.0,5.239070615548387,28.873589105975196,0.0246429443359375
PATCH_000548,ch2_tmc_ncf_20211122T1925079181_b_brw_d18.png,TMC,calibrated,0,17472,256,D:\lunar ai\patches\TMC\PATCH_000548.png,118.08338928222656,15.91941245253904,77.0,255.0,116.0,5.25750491979495,28.609074916717823,0.02972412109375
PATCH_000549,ch2_tmc_ncf_20211122T1925079181_b_brw_d18.png,TMC,calibrated,0,17664,256,D:\lunar ai\patches\TMC\PATCH_000549.png,120.12879943847656,18.778883110179393,82.0,228.0,119.0,5.5739582311786515,27.36010676907535,0.0298309326171875
PATCH_000550,ch2_tmc_ncf_20211122T1925079181_b_brw_d18.png,TMC,calibrated,0,17856,256,D:\lunar ai\patches\TMC\PATCH_000550.png,116.58267211914062,16.731596482054393,77.0,255.0,114.0,5.451551225542524,27.232460358029467,0.02679443359375
PATCH_000551,ch2_tmc_ncf_20211122T1925079181_b_brw_d18.png,TMC,calibrated,0,18048,256,D:\lunar ai\patches\TMC\PATCH_000551.png,106.76997375488281,11.244815804726255,73.0,190.0,105.0,4.909944673390735,23.45992396689048,0.0122833251953125
PATCH_000552,ch2_tmc_ncf_20211122T1925079181_b_brw_d18.png,TMC,calibrated,0,18240,256,D:\lunar ai\patches\TMC\PATCH_000552.png,103.20584106445312,8.450313263489507,76.0,219.0,102.0,4.453071116801047,21.815674007921746,0.0094451904296875
PATCH_000553,ch2_tmc_ncf_20211122T1925079181_b_brw_d18.png,TMC,calibrated,0,18432,256,D:\lunar ai\patches\TMC\PATCH_000553.png,108.79959106445312,15.180872511605882,76.0,202.0,105.0,5.116465178471486,24.906922735931218,0.018310546875
PATCH_000554,ch2_tmc_ncf_20211122T1925079181_b_brw_d18.png,TMC,calibrated,0,18624,256,D:\lunar ai\patches\TMC\PATCH_000554.png,121.1287841796875,18.93535219065864,82.0,253.0,116.0,5.469385469210531,28.328277816708315,0.0265350341796875
PATCH_000555,ch2_tmc_ncf_20211122T1925079181_b_brw_d18.png,TMC,calibrated,0,18816,256,D:\lunar ai\patches\TMC\PATCH_000555.png,117.46109008789062,15.53829791461062,77.0,253.0,114.0,5.2595856091384,26.452272415798166,0.0283966064453125
PATCH_000556,ch2_tmc_ncf_20211122T1925079181_b_brw_d18.png,TMC,calibrated,0,19008,256,D:\lunar ai\patches\TMC\PATCH_000556.png,102.78466796875,9.885991980503695,70.0,225.0,102.0,4.715009655233766,20.43857457299631,0.00567626953125
PATCH_000557,ch2_tmc_ncf_20211122T1925079181_b_brw_d18.png,TMC,calibrated,0,19200,256,D:\lunar ai\patches\TMC\PATCH_000557.png,102.76493835449219,9.404427995379203,76.0,216.0,102.0,4.625146677309848,21.276247437636073,0.0113983154296875
PATCH_000558,ch2_tmc_nca_20240124T0838058366_b_brw_d18.png,TMC,calibrated,0,0,256,D:\lunar ai\patches\TMC\PATCH_000558.png,67.83866882324219,13.98161921032814,0.0,169.0,68.0,5.260127257739489,40.30088759894172,0.1082611083984375
PATCH_000559,ch2_tmc_nca_20240124T0838058366_b_brw_d18.png,TMC,calibrated,0,192,256,D:\lunar ai\patches\TMC\PATCH_000559.png,70.56561279296875,14.951519690491292,0.0,225.0,71.0,5.27592913868163,43.49093380795911,0.136016845703125
PATCH_000560,ch2_tmc_nca_20240124T0838058366_b_brw_d18.png,TMC,calibrated,0,384,256,D:\lunar ai\patches\TMC\PATCH_000560.png,70.2783203125,15.500015474127151,0.0,177.0,71.0,5.381254992037116,44.34519272966897,0.1613311767578125
PATCH_000561,ch2_tmc_nca_20240124T0838058366_b_brw_d18.png,TMC,calibrated,0,576,256,D:\lunar ai\patches\TMC\PATCH_000561.png,76.82598876953125,15.427750855483058,2.0,221.0,75.0,5.369249942450048,37.11983506222607,0.07952880859375
PATCH_000562,ch2_tmc_nca_20240124T0838058366_b_brw_d18.png,TMC,calibrated,0,768,256,D:\lunar ai\patches\TMC\PATCH_000562.png,72.04780578613281,19.22868821122714,1.0,211.0,72.0,5.755551928570099,31.70636115899348,0.040924072265625
PATCH_000563,ch2_tmc_nca_20240124T0838058366_b_brw_d18.png,TMC,calibrated,0,960,256,D:\lunar ai\patches\TMC\PATCH_000563.png,72.15043640136719,24.719351809351622,1.0,211.0,71.0,6.054352121224916,32.904545136690516,0.04803466796875
PATCH_000564,ch2_tmc_nca_20240124T0838058366_b_brw_d18.png,TMC,calibrated,0,1152,256,D:\lunar ai\patches\TMC\PATCH_000564.png,71.02452087402344,23.120040640533077,0.0,227.0,69.0,5.822164914741432,38.74246460568517,0.093231201171875
PATCH_000565,ch2_tmc_nca_20240124T0838058366_b_brw_d18.png,TMC,calibrated,0,1344,256,D:\lunar ai\patches\TMC\PATCH_000565.png,65.48638916015625,13.050633264797009,0.0,182.0,65.0,5.133870518338834,34.22066687582746,0.0693511962890625
PATCH_000566,ch2_tmc_nca_20240124T0838058366_b_brw_d18.png,TMC,calibrated,0,1536,256,D:\lunar ai\patches\TMC\PATCH_000566.png,62.364715576171875,11.979910608316876,1.0,158.0,62.0,5.0521219349048305,29.54725536263212,0.0398101806640625
PATCH_000567,ch2_tmc_nca_20240124T0838058366_b_brw_d18.png,TMC,calibrated,0,1728,256,D:\lunar ai\patches\TMC\PATCH_000567.png,62.4818115234375,10.348289812362642,1.0,173.0,62.0,4.81567510349216,26.716421158934573,0.0271759033203125
PATCH_000568,ch2_tmc_nca_20240124T0838058366_b_brw_d18.png,TMC,calibrated,0,1920,256,D:\lunar ai\patches\TMC\PATCH_000568.png,66.53759765625,9.715429873514708,5.0,208.0,65.0,4.6887128806575245,28.35082419392138,0.0330657958984375
PATCH_000569,ch2_tmc_nca_20240124T0838058366_b_brw_d18.png,TMC,calibrated,0,2112,256,D:\lunar ai\patches\TMC\PATCH_000569.png,69.78263854980469,10.606028189479023,1.0,208.0,68.0,4.7639000737859245,31.686351436786072,0.052093505859375
PATCH_000570,ch2_tmc_nca_20240124T0838058366_b_brw_d18.png,TMC,calibrated,0,2304,256,D:\lunar ai\patches\TMC\PATCH_000570.png,72.06306457519531,11.005199489500015,11.0,205.0,71.0,4.869092336824436,31.698266889715608,0.045745849609375
PATCH_000571,ch2_tmc_nca_20240124T0838058366_b_brw_d18.png,TMC,calibrated,0,2496,256,D:\lunar ai\patches\TMC\PATCH_000571.png,72.29328918457031,10.260712539129988,16.0,206.0,71.0,4.74473767738486,32.96008946606488,0.0576629638671875
PATCH_000572,ch2_tmc_nca_20240124T0838058366_b_brw_d18.png,TMC,calibrated,0,2688,256,D:\lunar ai\patches\TMC\PATCH_000572.png,71.29634094238281,9.819342697239394,14.0,202.0,71.0,4.682043479984636,30.803097250836927,0.0473175048828125
PATCH_000573,ch2_tmc_nca_20240124T0838058366_b_brw_d18.png,TMC,calibrated,0,2880,256,D:\lunar ai\patches\TMC\PATCH_000573.png,69.73272705078125,9.206188846151623,14.0,202.0,69.0,4.610820433467208,29.32134521957943,0.03082275390625
PATCH_000574,ch2_tmc_nca_20240124T0838058366_b_brw_d18.png,TMC,calibrated,0,3072,256,D:\lunar ai\patches\TMC\PATCH_000574.png,67.09840393066406,10.353960801958841,1.0,166.0,67.0,4.821452480065165,33.219873894495535,0.0587615966796875
PATCH_000575,ch2_tmc_nca_20240124T0838058366_b_brw_d18.png,TMC,calibrated,0,3264,256,D:\lunar ai\patches\TMC\PATCH_000575.png,63.31724548339844,11.726555440351873,1.0,187.0,64.0,5.0100199497276146,34.163855512763135,0.0671234130859375
PATCH_000576,ch2_tmc_nca_20240124T0838058366_b_brw_d18.png,TMC,calibrated,0,3456,256,D:\lunar ai\patches\TMC\PATCH_000576.png,68.14576721191406,14.443453523941256,4.0,158.0,67.0,5.315337258858436,30.21384769102185,0.035308837890625
PATCH_000577,ch2_tmc_nca_20240124T0838058366_b_brw_d18.png,TMC,calibrated,0,3648,256,D:\lunar ai\patches\TMC\PATCH_000577.png,67.78074645996094,9.307401591957307,7.0,154.0,68.0,4.626042297299812,29.541091657282948,0.0338134765625
PATCH_000578,ch2_tmc_nca_20240124T0838058366_b_brw_d18.png,TMC,calibrated,0,3840,256,D:\lunar ai\patches\TMC\PATCH_000578.png,68.65756225585938,12.971758764866385,0.0,164.0,68.0,5.115983235408185,29.11771608633027,0.0373992919921875
PATCH_000579,ch2_tmc_nca_20240124T0838058366_b_brw_d18.png,TMC,calibrated,0,4032,256,D:\lunar ai\patches\TMC\PATCH_000579.png,66.14541625976562,11.398861974193226,1.0,167.0,67.0,4.9847358086426174,29.556585984257666,0.0320892333984375
PATCH_000580,ch2_tmc_nca_20240124T0838058366_b_brw_d18.png,TMC,calibrated,0,4224,256,D:\lunar ai\patches\TMC\PATCH_000580.png,60.24644470214844,11.948895462649995,0.0,150.0,61.0,5.0362194097633655,30.159693679777114,0.03717041015625
PATCH_000581,ch2_tmc_nca_20240124T0838058366_b_brw_d18.png,TMC,calibrated,0,4416,256,D:\lunar ai\patches\TMC\PATCH_000581.png,69.01481628417969,14.30949996137934,4.0,182.0,69.0,5.274730954558428,30.006897912632652,0.036407470703125
PATCH_000582,ch2_tmc_nca_20240124T0838058366_b_brw_d18.png,TMC,calibrated,0,4608,256,D:\lunar ai\patches\TMC\PATCH_000582.png,73.68582153320312,31.68566505560521,0.0,202.0,72.0,6.289951649009796,35.41182526165879,0.0808563232421875
PATCH_000583,ch2_tmc_nca_20240124T0838058366_b_brw_d18.png,TMC,calibrated,0,4800,256,D:\lunar ai\patches\TMC\PATCH_000583.png,70.41961669921875,20.87456746486662,0.0,169.0,74.0,5.523436018726052,31.321942036978655,0.0566253662109375
PATCH_000584,ch2_tmc_nca_20240124T0838058366_b_brw_d18.png,TMC,calibrated,0,4992,256,D:\lunar ai\patches\TMC\PATCH_000584.png,74.44973754882812,11.377811586097591,1.0,189.0,74.0,4.937073334444852,28.577774974898453,0.0290374755859375
PATCH_000585,ch2_tmc_nca_20240124T0838058366_b_brw_d18.png,TMC,calibrated,0,5184,256,D:\lunar ai\patches\TMC\PATCH_000585.png,74.82060241699219,9.193023742260522,29.0,144.0,74.0,4.641237887338943,25.884527763564954,0.0175628662109375
PATCH_000586,ch2_tmc_nca_20240124T0838058366_b_brw_d18.png,TMC,calibrated,0,5376,256,D:\lunar ai\patches\TMC\PATCH_000586.png,75.48159790039062,10.556943838924157,24.0,195.0,74.0,4.7189965294974705,27.65815925854463,0.0306396484375
PATCH_000587,ch2_tmc_nca_20240124T0838058366_b_brw_d18.png,TMC,calibrated,0,5568,256,D:\lunar ai\patches\TMC\PATCH_000587.png,76.11508178710938,8.643405948314232,29.0,148.0,75.0,4.547874612354148,27.14315032453429,0.01922607421875
PATCH_000588,ch2_tmc_nca_20240124T0838058366_b_brw_d18.png,TMC,calibrated,0,5760,256,D:\lunar ai\patches\TMC\PATCH_000588.png,77.68963623046875,10.84555325489581,10.0,167.0,77.0,4.907174319185647,30.913358394993793,0.038848876953125
PATCH_000589,ch2_tmc_nca_20240124T0838058366_b_brw_d18.png,TMC,calibrated,0,5952,256,D:\lunar ai\patches\TMC\PATCH_000589.png,100.17080688476562,49.573093276103336,5.0,255.0,80.0,6.434006770045018,46.44993118127485,0.129150390625
PATCH_000590,ch2_tmc_nca_20240124T0838058366_b_brw_d18.png,TMC,calibrated,0,6144,256,D:\lunar ai\patches\TMC\PATCH_000590.png,93.37910461425781,35.3347115712756,8.0,255.0,83.0,6.245044243823115,40.40801746218696,0.1039276123046875
PATCH_000591,ch2_tmc_nca_20240124T0838058366_b_brw_d18.png,TMC,calibrated,0,6336,256,D:\lunar ai\patches\TMC\PATCH_000591.png,92.823974609375,18.781045818964472,7.0,255.0,91.0,5.698162226882568,34.91198113899176,0.0660247802734375
PATCH_000592,ch2_tmc_nca_20240124T0838058366_b_brw_d18.png,TMC,calibrated,0,6528,256,D:\lunar ai\patches\TMC\PATCH_000592.png,92.86325073242188,16.953651729407312,7.0,208.0,90.0,5.5077653875618005,32.36370515079582,0.0413818359375
PATCH_000593,ch2_tmc_nca_20240124T0838058366_b_brw_d18.png,TMC,calibrated,0,6720,256,D:\lunar ai\patches\TMC\PATCH_000593.png,86.75830078125,16.93350836392427,23.0,202.0,84.0,5.474205604507704,31.30894807475775,0.0378875732421875
PATCH_000594,ch2_tmc_nca_20240124T0838058366_b_brw_d18.png,TMC,calibrated,0,6912,256,D:\lunar ai\patches\TMC\PATCH_000594.png,81.83894348144531,17.74003774905426,23.0,202.0,80.0,5.571196449609962,31.396098308185024,0.03680419921875
PATCH_000595,ch2_tmc_nca_20240124T0838058366_b_brw_d18.png,TMC,calibrated,0,7104,256,D:\lunar ai\patches\TMC\PATCH_000595.png,98.64595031738281,19.914394269965168,29.0,220.0,102.0,5.719660319454434,37.82445680672418,0.0757904052734375
PATCH_000596,ch2_tmc_nca_20240124T0838058366_b_brw_d18.png,TMC,calibrated,0,7296,256,D:\lunar ai\patches\TMC\PATCH_000596.png,106.47731018066406,22.19990171814158,17.0,255.0,107.0,5.956612405798534,42.99960929530751,0.1210479736328125
PATCH_000597,ch2_tmc_nca_20240124T0838058366_b_brw_d18.png,TMC,calibrated,0,7488,256,D:\lunar ai\patches\TMC\PATCH_000597.png,93.91786193847656,18.760006627817678,17.0,208.0,93.0,5.7131180804735076,36.717871614528235,0.07177734375
PATCH_000598,ch2_tmc_nca_20240124T0838058366_b_brw_d18.png,TMC,calibrated,0,7680,256,D:\lunar ai\patches\TMC\PATCH_000598.png,87.59233093261719,18.054784397696903,21.0,195.0,88.0,5.634357854365755,34.25814259088651,0.060394287109375
PATCH_000599,ch2_tmc_nca_20240124T0838058366_b_brw_d18.png,TMC,calibrated,0,7872,256,D:\lunar ai\patches\TMC\PATCH_000599.png,97.37593078613281,15.741474662647708,27.0,255.0,96.0,5.440831179524145,36.67018378828047,0.0779876708984375
PATCH_000600,ch2_tmc_nca_20240124T0838058366_b_brw_d18.png,TMC,calibrated,0,8064,256,D:\lunar ai\patches\TMC\PATCH_000600.png,96.88934326171875,14.841529191052082,33.0,217.0,96.0,5.3430550187004755,36.60544479306661,0.0709228515625
PATCH_000601,ch2_tmc_nca_20240124T0838058366_b_brw_d18.png,TMC,calibrated,0,8256,256,D:\lunar ai\patches\TMC\PATCH_000601.png,94.02069091796875,19.159858776645294,21.0,217.0,91.0,5.696525276926943,37.8966707075039,0.096923828125
PATCH_000602,ch2_tmc_nca_20240124T0838058366_b_brw_d18.png,TMC,calibrated,0,8448,256,D:\lunar ai\patches\TMC\PATCH_000602.png,89.35426330566406,13.8146319612967,13.0,209.0,88.0,5.2459065688564595,34.00592180826199,0.0537872314453125
PATCH_000603,ch2_tmc_nca_20240124T0838058366_b_brw_d18.png,TMC,calibrated,0,8640,256,D:\lunar ai\patches\TMC\PATCH_000603.png,89.96592712402344,12.01222173443075,34.0,202.0,90.0,5.045465553310277,35.942855201914725,0.062164306640625
PATCH_000604,ch2_tmc_nca_20240124T0838058366_b_brw_d18.png,TMC,calibrated,0,8832,256,D:\lunar ai\patches\TMC\PATCH_000604.png,87.744384765625,12.536835334232421,26.0,202.0,87.0,5.110210624649309,36.476748174533874,0.074951171875
PATCH_000605,ch2_tmc_nca_20240124T0838058366_b_brw_d18.png,TMC,calibrated,0,9024,256,D:\lunar ai\patches\TMC\PATCH_000605.png,99.35502624511719,19.170803140703676,21.0,255.0,97.0,5.596055904825168,43.176754465924475,0.121673583984375
PATCH_000606,ch2_tmc_nca_20240124T0838058366_b_brw_d18.png,TMC,calibrated,0,9216,256,D:\lunar ai\patches\TMC\PATCH_000606.png,96.82536315917969,14.42450623160412,32.0,255.0,96.0,5.2075773447479605,40.61739469479555,0.1076202392578125
PATCH_000607,ch2_tmc_nca_20240124T0838058366_b_brw_d18.png,TMC,calibrated,0,9408,256,D:\lunar ai\patches\TMC\PATCH_000607.png,92.24269104003906,11.10016526039627,32.0,208.0,91.0,4.858913018240838,35.27435483687458,0.069000244140625
PATCH_000608,ch2_tmc_nca_20240124T0838058366_b_brw_d18.png,TMC,calibrated,0,9600,256,D:\lunar ai\patches\TMC\PATCH_000608.png,86.96595764160156,11.305974472339917,27.0,206.0,85.0,4.875898157969151,31.648414325499076,0.0391998291015625
PATCH_000609,ch2_tmc_nca_20240124T0838058366_b_brw_d18.png,TMC,calibrated,0,9792,256,D:\lunar ai\patches\TMC\PATCH_000609.png,83.70497131347656,9.758782462444973,26.0,211.0,83.0,4.649142533112659,29.56774419029798,0.0293426513671875
PATCH_000610,ch2_tmc_nca_20240124T0838058366_b_brw_d18.png,TMC,calibrated,0,9984,256,D:\lunar ai\patches\TMC\PATCH_000610.png,83.68655395507812,10.809970231730853,26.0,199.0,83.0,4.851865778997585,31.547871663685612,0.04302978515625
PATCH_000611,ch2_tmc_nca_20240124T0838058366_b_brw_d18.png,TMC,calibrated,0,10176,256,D:\lunar ai\patches\TMC\PATCH_000611.png,89.42832946777344,15.217479294513629,39.0,211.0,88.0,5.4160495003299385,31.343118750936576,0.0452880859375
PATCH_000612,ch2_tmc_nca_20240124T0838058366_b_brw_d18.png,TMC,calibrated,0,10368,256,D:\lunar ai\patches\TMC\PATCH_000612.png,88.85646057128906,12.295851691529979,43.0,211.0,88.0,5.095664035816061,27.45309662982543,0.016326904296875
PATCH_000613,ch2_tmc_nca_20240124T0838058366_b_brw_d18.png,TMC,calibrated,0,10560,256,D:\lunar ai\patches\TMC\PATCH_000613.png,96.529541015625,18.38043290708446,24.0,252.0,93.0,5.505976404875018,36.359955728279935,0.08148193359375
PATCH_000614,ch2_tmc_nca_20240124T0838058366_b_brw_d18.png,TMC,calibrated,0,10752,256,D:\lunar ai\patches\TMC\PATCH_000614.png,122.43096923828125,24.66576305980206,23.0,255.0,118.0,5.984853790787236,50.00129028680453,0.1841583251953125
PATCH_000615,ch2_tmc_nca_20240124T0838058366_b_brw_d18.png,TMC,calibrated,0,10944,256,D:\lunar ai\patches\TMC\PATCH_000615.png,116.44166564941406,16.373787166858282,14.0,253.0,115.0,5.455133023308745,45.99923308588373,0.1529083251953125
PATCH_000616,ch2_tmc_nca_20240124T0838058366_b_brw_d18.png,TMC,calibrated,0,11136,256,D:\lunar ai\patches\TMC\PATCH_000616.png,124.83830261230469,20.4822502491374,14.0,255.0,123.0,5.790183343293249,70.14404791307007,0.27154541015625
PATCH_000617,ch2_tmc_nca_20240124T0838058366_b_brw_d18.png,TMC,calibrated,0,11328,256,D:\lunar ai\patches\TMC\PATCH_000617.png,126.39552307128906,22.472559033686817,10.0,255.0,123.0,5.855260148003876,77.71322549888055,0.2955780029296875
PATCH_000618,ch2_tmc_nca_20240124T0838058366_b_brw_d18.png,TMC,calibrated,0,11520,256,D:\lunar ai\patches\TMC\PATCH_000618.png,126.26324462890625,26.144587133787585,7.0,255.0,123.0,6.103817464382471,74.74801977167326,0.283782958984375
PATCH_000619,ch2_tmc_nca_20240124T0838058366_b_brw_d18.png,TMC,calibrated,0,11712,256,D:\lunar ai\patches\TMC\PATCH_000619.png,121.19874572753906,19.784822051448042,7.0,227.0,119.0,5.695976350017593,66.84457044802913,0.2667236328125
PATCH_000620,ch2_tmc_nca_20240124T0838058366_b_brw_d18.png,TMC,calibrated,0,11904,256,D:\lunar ai\patches\TMC\PATCH_000620.png,112.61500549316406,22.717077962590547,4.0,250.0,113.0,5.931335137113427,74.8914214562206,0.2904205322265625
PATCH_000621,ch2_tmc_nca_20240124T0838058366_b_brw_d18.png,TMC,calibrated,0,12096,256,D:\lunar ai\patches\TMC\PATCH_000621.png,99.14010620117188,24.210864878449705,4.0,255.0,99.0,6.062381502793759,68.73080557279098,0.2703704833984375
PATCH_000622,ch2_tmc_nca_20240124T0838058366_b_brw_d18.png,TMC,calibrated,0,12288,256,D:\lunar ai\patches\TMC\PATCH_000622.png,114.04827880859375,25.707037258611212,8.0,255.0,115.0,6.157570006003006,73.38720708072006,0.3011474609375
PATCH_000623,ch2_tmc_nca_20240124T0838058366_b_brw_d18.png,TMC,calibrated,0,12480,256,D:\lunar ai\patches\TMC\PATCH_000623.png,109.110595703125,18.629890527877095,18.0,255.0,107.0,5.6492026428689535,55.53375996252389,0.2223968505859375
PATCH_000624,ch2_tmc_nca_20240124T0838058366_b_brw_d18.png,TMC,calibrated,0,12672,256,D:\lunar ai\patches\TMC\PATCH_000624.png,102.64999389648438,14.00133484062497,18.0,221.0,102.0,5.23324759752032,40.19165880885904,0.115997314453125
PATCH_000625,ch2_tmc_nca_20240124T0838058366_b_brw_d18.png,TMC,calibrated,0,12864,256,D:\lunar ai\patches\TMC\PATCH_000625.png,93.24745178222656,9.800889511570466,16.0,222.0,93.0,4.677986965307799,24.872569735729414,0.01312255859375
PATCH_000626,ch2_tmc_nca_20240124T0838058366_b_brw_d18.png,TMC,calibrated,0,13056,256,D:\lunar ai\patches\TMC\PATCH_000626.png,89.73284912109375,9.226667285480826,53.0,222.0,88.0,4.626898815517686,24.970920751677227,0.01336669921875
PATCH_000627,ch2_tmc_nca_20240124T0838058366_b_brw_d18.png,TMC,calibrated,0,13248,256,D:\lunar ai\patches\TMC\PATCH_000627.png,93.24751281738281,10.67117443609938,59.0,243.0,93.0,4.79565163796005,29.641823511985066,0.030487060546875
PATCH_000628,ch2_tmc_nca_20240124T0838058366_b_brw_d18.png,TMC,calibrated,0,13440,256,D:\lunar ai\patches\TMC\PATCH_000628.png,99.14768981933594,11.77343847866116,52.0,243.0,99.0,4.92942671185382,32.64426399585412,0.043914794921875
PATCH_000629,ch2_tmc_nca_20240124T0838058366_b_brw_d18.png,TMC,calibrated,0,13632,256,D:\lunar ai\patches\TMC\PATCH_000629.png,104.28529357910156,17.08082255915552,55.0,234.0,102.0,5.372271464871831,32.99228434591628,0.047393798828125
PATCH_000630,ch2_tmc_nca_20240124T0838058366_b_brw_d18.png,TMC,calibrated,0,13824,256,D:\lunar ai\patches\TMC\PATCH_000630.png,123.95919799804688,26.435112997872896,55.0,240.0,119.0,6.154474841487774,41.05063346389103,0.1231842041015625
PATCH_000631,ch2_tmc_nca_20240124T0838058366_b_brw_d18.png,TMC,calibrated,0,14016,256,D:\lunar ai\patches\TMC\PATCH_000631.png,125.047607421875,20.892515758868157,64.0,250.0,122.0,5.810137032328256,41.42204207985108,0.1193084716796875
PATCH_000632,ch2_tmc_nca_20240124T0838058366_b_brw_d18.png,TMC,calibrated,0,14208,256,D:\lunar ai\patches\TMC\PATCH_000632.png,118.51402282714844,17.57626774607747,67.0,237.0,116.0,5.553766581512076,43.381072666250134,0.13372802734375
PATCH_000633,ch2_tmc_nca_20240124T0838058366_b_brw_d18.png,TMC,calibrated,0,14400,256,D:\lunar ai\patches\TMC\PATCH_000633.png,121.85064697265625,18.79131764848309,67.0,253.0,120.0,5.679728350229819,44.68030100034693,0.1448211669921875
PATCH_000634,ch2_tmc_nca_20240124T0838058366_b_brw_d18.png,TMC,calibrated,0,14592,256,D:\lunar ai\patches\TMC\PATCH_000634.png,129.2423858642578,18.469173296387353,58.0,255.0,128.0,5.683887388701946,42.33694387739446,0.123748779296875
PATCH_000635,ch2_tmc_nca_20240124T0838058366_b_brw_d18.png,TMC,calibrated,0,14784,256,D:\lunar ai\patches\TMC\PATCH_000635.png,120.54397583007812,16.233275865505018,71.0,250.0,119.0,5.492984297183497,38.75065120471093,0.090576171875
PATCH_000636,ch2_tmc_nca_20240124T0838058366_b_brw_d18.png,TMC,calibrated,0,14976,256,D:\lunar ai\patches\TMC\PATCH_000636.png,118.5888671875,16.542912225728035,71.0,220.0,118.0,5.5049204899472155,43.50721176835361,0.1317901611328125
PATCH_000637,ch2_tmc_nca_20240124T0838058366_b_brw_d18.png,TMC,calibrated,0,15168,256,D:\lunar ai\patches\TMC\PATCH_000637.png,114.31620788574219,14.752177565351976,69.0,234.0,113.0,5.309339947782222,40.08309042115387,0.1057891845703125
PATCH_000638,ch2_tmc_nca_20240124T0838058366_b_brw_d18.png,TMC,calibrated,0,15360,256,D:\lunar ai\patches\TMC\PATCH_000638.png,113.82350158691406,12.736376761556897,72.0,221.0,112.0,5.03820234306094,35.21818453476055,0.06524658203125
PATCH_000639,ch2_tmc_nca_20240124T0838058366_b_brw_d18.png,TMC,calibrated,0,15552,256,D:\lunar ai\patches\TMC\PATCH_000639.png,112.56431579589844,11.252653298304159,69.0,214.0,110.0,4.87165074576629,31.129266164206584,0.0320892333984375
PATCH_000640,ch2_tmc_nca_20240124T0838058366_b_brw_d18.png,TMC,calibrated,0,15744,256,D:\lunar ai\patches\TMC\PATCH_000640.png,109.21446228027344,12.284254321926488,64.0,211.0,107.0,5.009272743423125,30.291611166592293,0.03924560546875
PATCH_000641,ch2_tmc_nca_20240124T0838058366_b_brw_d18.png,TMC,calibrated,0,15936,256,D:\lunar ai\patches\TMC\PATCH_000641.png,113.67947387695312,13.736652917132785,72.0,221.0,112.0,5.089401722743366,37.69969863276661,0.0866851806640625
PATCH_000642,ch2_tmc_nca_20240124T0838058366_b_brw_d18.png,TMC,calibrated,0,16128,256,D:\lunar ai\patches\TMC\PATCH_000642.png,116.36721801757812,11.392365352722399,75.0,221.0,115.0,4.92745299627549,32.5663120781571,0.0443115234375
PATCH_000643,ch2_tmc_nca_20240124T0838058366_b_brw_d18.png,TMC,calibrated,0,16320,256,D:\lunar ai\patches\TMC\PATCH_000643.png,117.66934204101562,15.904603112855144,51.0,212.0,118.0,5.462035360045845,30.55951519325609,0.032379150390625
PATCH_000644,ch2_tmc_nca_20240124T0838058366_b_brw_d18.png,TMC,calibrated,0,16512,256,D:\lunar ai\patches\TMC\PATCH_000644.png,119.48954772949219,13.079365677337934,67.0,255.0,118.0,5.148350977914291,33.36132792459542,0.0531005859375
PATCH_000645,ch2_tmc_nca_20240124T0838058366_b_brw_d18.png,TMC,calibrated,0,16704,256,D:\lunar ai\patches\TMC\PATCH_000645.png,108.64566040039062,12.48567265200993,67.0,209.0,107.0,5.073712528688498,29.74522189065541,0.036529541015625
PATCH_000646,ch2_tmc_nca_20240124T0838058366_b_brw_d18.png,TMC,calibrated,0,16896,256,D:\lunar ai\patches\TMC\PATCH_000646.png,107.93411254882812,16.925752626072864,59.0,225.0,107.0,5.5472793824678055,26.59406769824149,0.021942138671875
PATCH_000647,ch2_tmc_nca_20240124T0838058366_b_brw_d18.png,TMC,calibrated,0,17088,256,D:\lunar ai\patches\TMC\PATCH_000647.png,104.08595275878906,18.898762410373976,55.0,215.0,102.0,5.645375167985897,24.677410844598953,0.0209503173828125
PATCH_000648,ch2_tmc_nca_20240124T0838058366_b_brw_d18.png,TMC,calibrated,0,17280,256,D:\lunar ai\patches\TMC\PATCH_000648.png,96.03688049316406,11.669012850218305,61.0,189.0,96.0,4.9825061149421295,23.325806713339176,0.0155792236328125
PATCH_000649,ch2_tmc_nca_20240124T0838058366_b_brw_d18.png,TMC,calibrated,0,17472,256,D:\lunar ai\patches\TMC\PATCH_000649.png,101.85008239746094,10.866880036113626,69.0,195.0,100.0,4.807034583902816,25.213394213459715,0.02056884765625
PATCH_000650,ch2_tmc_nca_20240124T0838058366_b_brw_d18.png,TMC,calibrated,0,17664,256,D:\lunar ai\patches\TMC\PATCH_000650.png,104.58905029296875,10.468063689089679,65.0,211.0,103.0,4.777683480442493,24.11179340581004,0.012603759765625
PATCH_000651,ch2_tmc_nca_20240124T0838058366_b_brw_d18.png,TMC,calibrated,0,17856,256,D:\lunar ai\patches\TMC\PATCH_000651.png,102.2869873046875,9.290731576070252,68.0,220.0,102.0,4.566127607955737,22.842077864707658,0.007415771484375
PATCH_000652,ch2_tmc_nca_20240124T0838058366_b_brw_d18.png,TMC,calibrated,0,18048,256,D:\lunar ai\patches\TMC\PATCH_000652.png,107.3927001953125,14.954698166461299,69.0,244.0,106.0,5.314429668470518,22.1693160325784,0.00775146484375
PATCH_000653,ch2_tmc_nca_20240124T0838058366_b_brw_d18.png,TMC,calibrated,0,18240,256,D:\lunar ai\patches\TMC\PATCH_000653.png,96.49696350097656,15.887227022954397,67.0,195.0,91.0,5.104022400301845,20.162823644238152,0.0073699951171875
PATCH_000654,ch2_tmc_nca_20240124T0838058366_b_brw_d18.png,TMC,calibrated,0,18432,256,D:\lunar ai\patches\TMC\PATCH_000654.png,94.94349670410156,12.746423417611279,61.0,205.0,93.0,5.000959005144033,21.38294353970037,0.007171630859375
PATCH_000655,ch2_tmc_nca_20240124T0838058366_b_brw_d18.png,TMC,calibrated,0,18624,256,D:\lunar ai\patches\TMC\PATCH_000655.png,89.32110595703125,13.163603853193553,59.0,205.0,87.0,4.992014668586441,21.41157839576371,0.009765625
PATCH_000656,ch2_tmc_nca_20240124T0838058366_b_brw_d18.png,TMC,calibrated,0,18816,256,D:\lunar ai\patches\TMC\PATCH_000656.png,85.11085510253906,10.761123677456482,58.0,186.0,83.0,4.662961075936284,21.225469319208603,0.0152130126953125
PATCH_000657,ch2_tmc_nca_20240124T0838058366_b_brw_d18.png,TMC,calibrated,0,19008,256,D:\lunar ai\patches\TMC\PATCH_000657.png,82.71842956542969,9.66216064549743,55.0,154.0,83.0,4.669259683541121,19.026992212533596,0.0093536376953125
PATCH_000658,ch2_tmc_nca_20240124T0838058366_b_brw_d18.png,TMC,calibrated,0,19200,256,D:\lunar ai\patches\TMC\PATCH_000658.png,80.22431945800781,9.92841602768765,55.0,186.0,78.0,4.574188216443537,16.925167582092335,0.0049896240234375
PATCH_000659,ch2_tmc_nca_20240124T0838058366_b_brw_d18.png,TMC,calibrated,0,19392,256,D:\lunar ai\patches\TMC\PATCH_000659.png,81.82731628417969,16.215034656558462,46.0,212.0,78.0,5.3652564413920825,17.30273586901238,0.0052032470703125
PATCH_000660,ch2_tmc_nca_20240124T0838058366_b_brw_d18.png,TMC,calibrated,0,19584,256,D:\lunar ai\patches\TMC\PATCH_000660.png,83.24288940429688,15.86609486947567,46.0,186.0,80.0,5.303302134123722,18.337275239855984,0.0059814453125
PATCH_000661,ch2_tmc_nca_20240124T0838058366_b_brw_d18.png,TMC,calibrated,0,19776,256,D:\lunar ai\patches\TMC\PATCH_000661.png,77.50834655761719,8.155753691378196,51.0,218.0,77.0,4.406387237208909,15.95040832985234,0.0027618408203125
PATCH_000662,ch2_tmc_nca_20240124T0838058366_b_brw_d18.png,TMC,calibrated,0,19968,256,D:\lunar ai\patches\TMC\PATCH_000662.png,74.89894104003906,7.893687221499812,51.0,147.0,74.0,4.3380543432483325,15.588208977566339,0.0047607421875
PATCH_000663,ch2_tmc_nca_20240124T0838058366_b_brw_d18.png,TMC,calibrated,0,20160,256,D:\lunar ai\patches\TMC\PATCH_000663.png,66.67735290527344,10.707283227366949,39.0,145.0,65.0,4.8220549381503535,13.845215701523529,0.0024871826171875
PATCH_000664,ch2_tmc_nca_20240124T0838058366_b_brw_d18.png,TMC,calibrated,0,20352,256,D:\lunar ai\patches\TMC\PATCH_000664.png,61.51863098144531,11.791872938107987,39.0,160.0,58.0,4.699481043196635,13.33883428188841,0.004058837890625
PATCH_000665,ch2_tmc_nca_20240124T0838058366_b_brw_d18.png,TMC,calibrated,0,20544,256,D:\lunar ai\patches\TMC\PATCH_000665.png,75.59896850585938,13.182597815547913,45.0,177.0,75.0,5.1622669492001805,18.660665813201806,0.00714111328125
PATCH_000666,ch2_tmc_nca_20240124T0838058366_b_brw_d18.png,TMC,calibrated,0,20736,256,D:\lunar ai\patches\TMC\PATCH_000666.png,66.97367858886719,11.57027135081793,40.0,177.0,65.0,4.942625989959062,13.803479353330271,0.0011444091796875
PATCH_000667,ch2_tmc_nca_20240124T0838058366_b_brw_d18.png,TMC,calibrated,0,20928,256,D:\lunar ai\patches\TMC\PATCH_000667.png,50.6715087890625,7.3678981310845995,34.0,107.0,49.0,4.251120106115467,9.585727334952573,0.0
